teamId,teamName,submissionDate,score
12046713,aldparis,2024-05-30 20:24:42.170000,0.86905
12044260,Tilii,2024-05-31 21:31:16.810000,0.86902
12044284,.,2024-05-31 19:07:10.483000,0.86902
12044263,Peaky Blenders,2024-05-31 23:03:23.303000,0.86902
12044615,Grindr,2024-05-31 22:14:08.373000,0.86901
12046037,Vardan Adibekyan,2024-05-31 10:40:28.186000,0.86901
12047823,Optimistix,2024-05-31 23:58:18.923000,0.86901
12144096,Tuwaiq Storm,2024-05-31 23:56:04.616000,0.869
12044521,sun9sun9,2024-05-31 12:09:29.520000,0.869
12045269,Mart Preusse,2024-05-30 17:12:36.070000,0.869
12044312,Team AutoML Grandmasters,2024-05-31 23:55:24.126000,0.869
12044889,Swaggle😎,2024-05-31 19:40:39.346000,0.869
12138558,Rahardi Salim,2024-05-30 15:23:43.433000,0.86899
12079390,huggon1,2024-05-31 07:01:59.650000,0.86899
12179572,mahdieh003,2024-05-30 11:42:42.696000,0.86899
12143213,kimsooo,2024-05-31 04:11:26.900000,0.86899
12097928,Ravikumar chavva,2024-05-31 05:14:08.290000,0.86899
12160284,Zulqarnain Ali,2024-05-31 07:52:16.823000,0.86899
12095483,waticson,2024-05-31 13:17:14.236000,0.86899
12180056,caster,2024-05-31 15:12:09.993000,0.86899
12141261,DipDS109,2024-05-31 21:02:50.673000,0.86899
12122283,esakat.y,2024-05-31 23:47:51.370000,0.86899
12159638,Jordi Rosell,2024-05-31 15:59:15.736000,0.86899
12076224,Golubev Ignat ,2024-05-31 09:12:46.780000,0.86899
12187469,Ryosuke Saiki,2024-05-31 02:12:18.146000,0.86899
12189375,franknoh,2024-05-31 17:48:31.393000,0.86899
12047761,Fismoilo,2024-05-31 13:46:47.756000,0.86899
12162073,Umair Zia,2024-05-29 09:01:39.440000,0.86899
12067443,bestwater,2024-05-31 01:40:44.196000,0.86899
12045083,EISLab_hwlee,2024-05-31 14:05:28.680000,0.86899
12049696,[Deleted] cbdfb70b-c706-4bfe-b790-ea1af4e918ef,2024-05-30 00:06:02.856000,0.86899
12115819,Manav Trivedi,2024-05-30 17:56:43.423000,0.86899
12143724,Paul Kamau,2024-05-30 03:03:51.943000,0.86899
12047257,kojimar,2024-05-30 07:34:13.826000,0.86899
12142640,hyy1800,2024-05-31 22:52:14.733000,0.86899
12085985,JuseTiz,2024-05-31 05:17:10.576000,0.86899
12049793,AAA Team,2024-05-30 21:59:31.356000,0.86899
12189145,George Papachristou,2024-05-31 10:55:31.490000,0.86899
12094989,Matteo Barucco,2024-05-31 23:51:55.813000,0.86899
12045156,Kuldeep Rathore,2024-05-31 16:52:26.266000,0.86899
12054904,Thiago Lima Santos,2024-05-31 18:17:44.180000,0.86899
12046629,OMID BAGHCHEH SARAEI,2024-05-31 16:38:37.673000,0.86899
12048279,PRASHANT SHUKLA91,2024-05-31 13:56:01.226000,0.86899
12147227,huli12,2024-05-31 11:06:30.370000,0.86899
12163258,ms7851,2024-05-31 17:21:06.003000,0.86899
12052391,Yeshua T,2024-05-31 18:15:28.770000,0.86899
12044346,kailai,2024-05-31 19:18:48.123000,0.86899
12053067,FloodPrediction_DSLanders1,2024-05-31 23:22:19.466000,0.86899
12174465,mahdieh001,2024-05-29 11:56:08.210000,0.86899
12152660,theod,2024-05-31 00:51:53.876000,0.86899
12069280,Flood_Regression_DSLanders3,2024-05-29 12:01:22.346000,0.86899
12044514,melon-cc,2024-05-29 17:52:00.813000,0.86899
12160665,ma 127,2024-05-31 23:43:58.860000,0.86899
12044304,Oscar Aguilar,2024-05-31 02:37:09.926000,0.86899
12140515,khs2104,2024-05-31 00:11:36.746000,0.86899
12046119,PyroTech,2024-05-31 14:15:46.070000,0.86899
12117804,RayhaanK,2024-05-31 11:24:18.323000,0.86898
12151117,nimeajku,2024-05-29 23:04:57.860000,0.86898
12053665,Igor Volianiuk,2024-05-31 10:04:20.743000,0.86898
12159685,Shubham Kale,2024-05-31 05:34:02.280000,0.86898
12092788,sai_auc,2024-05-30 23:25:03.043000,0.86898
12162954, 오규원,2024-05-31 16:05:26.026000,0.86898
12074368,JRPC,2024-05-30 09:35:05.476000,0.86898
12128268,Karwei Wong,2024-05-29 23:21:29.563000,0.86898
12055853,Evseev Sergey,2024-05-29 12:53:36.633000,0.86898
12044977,Team5-DSLanders,2024-05-29 11:18:32.320000,0.86898
12170722,ultra_pro_noob_max,2024-05-29 10:23:21.176000,0.86898
12048389,Mathurin Aché,2024-05-28 18:50:23.273000,0.86898
12053086,Linhhhhhhhh,2024-05-29 09:53:45.660000,0.86898
12045436,Ashish,2024-05-30 04:57:40.916000,0.86898
12079526,H jack01,2024-05-29 06:14:33.366000,0.86898
12167696,Jimin Wang,2024-05-31 00:52:30.536000,0.86898
12159338,eeyeooo,2024-05-31 12:14:35.433000,0.86898
12044786,MUHAMMAD ABDULLAH,2024-05-28 23:36:40.370000,0.86898
12075480,Flood Team DSLanders,2024-05-28 22:55:10.766000,0.86898
12143550,ayayatooya,2024-05-28 22:22:24.333000,0.86898
12062036,RenataLi,2024-05-28 20:32:38.093000,0.86898
12163078,9666,2024-05-29 14:53:56.476000,0.86898
12189228,Manojt642,2024-05-31 13:11:45.510000,0.86898
12092678,Dulina Perera,2024-05-28 19:21:31.480000,0.86898
12046513,Sujith K Mandala,2024-05-31 13:00:45.556000,0.86898
12056972,DEVENDRA SINGH,2024-05-31 13:32:50.496000,0.86898
12106390,Izzan S. A.,2024-05-31 14:50:35.960000,0.86898
12137058,X#@,2024-05-31 20:06:12.920000,0.86898
12174545,ntj0310,2024-05-31 17:27:14.060000,0.86898
12174133,Fadhaa Ali,2024-05-31 05:23:52.053000,0.86898
12059175,Aravind Pillai,2024-05-31 16:19:53.183000,0.86898
12075006,BTS_DSLanders_Team2,2024-05-30 09:22:39.040000,0.86898
12138397,eafanfads,2024-05-28 16:46:46.186000,0.86898
12045319,paddykb,2024-05-31 13:51:48.253000,0.86898
12166295,KiwiKa,2024-05-30 23:38:55.740000,0.86898
12162729,mm lee,2024-05-31 21:24:29.310000,0.86898
12176270,Stack Dreamer,2024-05-31 16:25:56.670000,0.86898
12075652,Team DSLanders,2024-05-30 12:55:48.016000,0.86898
12046140,Parth,2024-05-29 03:22:42.763000,0.86898
12069006,LeiShenOS,2024-05-31 15:19:25.623000,0.86898
12044715,SAS,2024-05-31 22:44:00.703000,0.86898
12141003,clappingminnnn,2024-05-29 07:33:49.863000,0.86898
12188428,sungli choi,2024-05-31 17:11:36.850000,0.86898
12077772,PetrosResurgence_DSlanders,2024-05-29 19:51:45.840000,0.86898
12044300,Cyril Bourgeois,2024-05-31 18:37:10.400000,0.86898
12076473,mehedi_457,2024-05-31 04:46:29.746000,0.86898
12044323,[AutoML(Only) + FE] - Abir,2024-05-31 18:57:22.353000,0.86898
12046019,Octavio Grau,2024-05-31 13:34:05.193000,0.86898
12044288,R & A,2024-05-31 18:00:03.236000,0.86898
12104101,Mister Bull,2024-05-28 21:00:27.156000,0.86898
12046155,Snezhana Markiv,2024-05-31 20:28:59.373000,0.86898
12150175,jiseok2605,2024-05-31 18:35:31.780000,0.86898
12044331,Sumanta Basak,2024-05-29 04:13:07.546000,0.86898
12140767,kimonojundaes,2024-05-31 22:20:10.110000,0.86898
12164986,Tuwaiq_DataMasters,2024-05-28 20:39:10.450000,0.86898
12163276,Taegyeom Kim,2024-05-31 19:20:13.010000,0.86898
12168805,raphael070916,2024-05-30 20:19:06.706000,0.86898
12058068,Javen Huang2,2024-05-28 15:42:17.796000,0.86898
12045532,Yongsuk Prasertsuk,2024-05-29 13:37:11.216000,0.86898
12044858,Mahdi Ravaghi,2024-05-31 06:48:59.126000,0.86898
12048610,Yan Teixeira,2024-05-30 03:58:16.026000,0.86898
12170588,inkonic,2024-05-31 22:33:50.146000,0.86898
12046522,ranunblch,2024-05-31 21:54:37.286000,0.86898
12175810,BNZOOO,2024-05-31 16:35:46.610000,0.86898
12183452,ODJ,2024-05-30 06:30:53.820000,0.86898
12045279,A.Ishibashi,2024-05-30 02:07:09.570000,0.86898
12044419,Vince Lam,2024-05-30 01:20:38.993000,0.86898
12171929,Yokoh,2024-05-30 10:05:53.330000,0.86898
12180508,Daniil Bokhan,2024-05-31 14:34:52.456000,0.86898
12175359,EulKaggle,2024-05-31 11:41:33.730000,0.86898
12151503,Anthony-B2,2024-05-31 15:01:50.766000,0.86898
12165558,pjypjy123,2024-05-29 14:20:42,0.86898
12085451,Averil Kan,2024-05-29 13:50:34.180000,0.86898
12048527,The Chronic Learners,2024-05-31 19:18:38.353000,0.86898
12047194,Junichiro Morita,2024-05-29 11:19:47.760000,0.86898
12062393,Paweł Kauf,2024-05-31 12:47:06.306000,0.86898
12051537,rabbie,2024-05-29 10:21:42.370000,0.86898
12170629,baellouf,2024-05-30 00:19:52.623000,0.86898
12087011,Mert Bayraktar,2024-05-28 20:24:34.923000,0.86898
12163759,mandgeee,2024-05-31 20:20:19.083000,0.86898
12049573,Muhammad Awais Tayyab,2024-05-29 01:20:10.273000,0.86898
12045526,Trupolog Helper,2024-05-28 20:47:01.426000,0.86898
12156509,ssjjbbeenn,2024-05-31 08:03:50.500000,0.86898
12147628,thomas min Choi,2024-05-31 23:54:56.396000,0.86898
12053404,সুশীল সমাজ,2024-05-31 12:44:23.866000,0.86898
12054056,0x100,2024-05-31 14:36:54,0.86898
12107285,zenonnnnnnn,2024-05-31 16:50:55.026000,0.86898
12160875,eqr평 1000,2024-05-29 15:31:31.653000,0.86898
12168156,-Kim HyeonHyu,2024-05-31 14:48:50.066000,0.86898
12163221,asdf852456,2024-05-31 15:37:08.666000,0.86898
12047827,jungsehyung,2024-05-31 15:21:07.370000,0.86898
12112010,Michael Jonathan,2024-05-31 02:27:20.926000,0.86898
12044610,Satya,2024-05-31 15:21:53.440000,0.86898
12142166,Luminor,2024-05-31 07:07:39.280000,0.86898
12174233,DanielXYZJohnson,2024-05-31 02:31:13.073000,0.86898
12174781,woochan_614,2024-05-29 00:00:40.233000,0.86898
12050074,tkchka,2024-05-29 01:26:44.643000,0.86898
12095548,voda,2024-05-31 13:24:05.153000,0.86898
12046269,LuminousC,2024-05-31 21:02:24.570000,0.86898
12164921,soohwan521,2024-05-29 00:11:14.023000,0.86898
12067043,gtwp,2024-05-30 01:13:44.130000,0.86898
12161590,hsryu2020,2024-05-31 19:57:04.740000,0.86898
12046999,kglctf,2024-05-31 14:24:52.113000,0.86898
12171096,Lena One,2024-05-31 02:29:02.986000,0.86898
12192337,extimath,2024-05-31 22:57:04.996000,0.86897
12141776,Junho Park,2024-05-31 14:42:21.003000,0.86897
12044303,Thiago Mantuani,2024-05-30 12:00:22.416000,0.86897
12045087,Chagin,2024-05-30 05:46:29.850000,0.86897
12045314,Sujal Neupane,2024-05-30 17:40:57.410000,0.86897
12056085,jayko,2024-05-28 19:46:35.836000,0.86897
12053154,Anil Yagiz,2024-05-31 20:14:49.016000,0.86897
12044404,GyoGyoCat,2024-05-31 13:12:47.300000,0.86897
12049454,Arsa Nikzad,2024-05-30 00:56:04.946000,0.86897
12044359,Tyler,2024-05-31 21:22:36.760000,0.86897
12161598,alicerosecastledine,2024-05-31 16:17:40.256000,0.86897
12044748,ITASps,2024-05-31 03:25:29.206000,0.86897
12140728,daniel,2024-05-31 11:53:28.170000,0.86896
12052679,Ravi Kiran,2024-05-29 14:15:45.323000,0.86896
12152717,kimminchan00,2024-05-30 09:11:03.890000,0.86896
12141056,l_wooseok,2024-05-31 12:59:10.133000,0.86896
12162614,dksdnwlsdksdnwls,2024-05-31 23:19:50.980000,0.86896
12044324,Mohammed Kamal Alsyd,2024-05-27 10:58:08.166000,0.86896
12145101,kwondho,2024-05-31 14:33:50.676000,0.86896
12141022,choiyongwook,2024-05-31 13:54:57.910000,0.86896
12045002,Mehedi,2024-05-25 12:47:33.490000,0.86896
12143214,2607문서준,2024-05-30 11:43:54.076000,0.86896
12139577,Ernest Terjyan,2024-05-29 18:03:15.220000,0.86896
12137805,Algorex,2024-05-23 08:14:54.796000,0.86896
12044347,Muhammad ibrahim qasmi,2024-05-21 16:03:12.526000,0.86896
12135447,Blank,2024-05-31 17:27:47.863000,0.86896
12151934,sjkim0423,2024-05-31 23:56:02.453000,0.86896
12082666,Ez,2024-05-31 12:19:38.026000,0.86896
12152664,[Deleted] dd997b36-0d1d-4c08-9ce7-c30b838926e4,2024-05-23 13:33:01.033000,0.86896
12057857,SuM,2024-05-17 00:37:36.806000,0.86895
12077621,Rania Helmy,2024-05-31 21:28:29.643000,0.86895
12048852,Oleksiy,2024-05-31 20:51:07.183000,0.86895
12050416,tom c tea,2024-05-24 22:32:40.680000,0.86895
12173892,LeeHoyeop,2024-05-31 15:56:46.316000,0.86895
12056424,Shouvik Dey,2024-05-31 18:33:17.006000,0.86895
12142625,Satish Kumar Mishra,2024-05-31 19:10:54.450000,0.86895
12152759,dalimi45,2024-05-31 13:27:46.943000,0.86895
12050689,tdoh86,2024-05-30 16:43:35.810000,0.86894
12046957,test_R2,2024-05-13 14:56:09.230000,0.86894
12058729,Paulo Robinson Giaciani (pt-BR),2024-05-15 00:33:19.386000,0.86894
12052693,HyukJunCho,2024-05-13 12:27:42.726000,0.86894
12180913,Nirmal Falzoni,2024-05-31 14:44:16.860000,0.86894
12149617,Jester_sfh,2024-05-28 14:40:09.323000,0.86894
12053621,Mikhail Shuter,2024-05-12 17:50:06.543000,0.86894
12178459,Xiaocc226,2024-05-31 23:32:28.716000,0.86894
12173103,T4MeRx,2024-05-30 05:22:38.493000,0.86894
12141898,ChanHyok Park,2024-05-31 18:19:37.663000,0.86893
12058479,AravindPCoder,2024-05-14 02:58:52.590000,0.86893
12151967,cc_sttf,2024-05-31 23:36:36.056000,0.86893
12099891,kyamie,2024-05-14 02:18:09.783000,0.86893
12146049,Google,2024-05-25 11:32:46.666000,0.86893
12092258,Gamze Akkurt,2024-05-30 23:23:26.063000,0.86893
12045039,Faisal Alsrheed,2024-05-31 00:55:01.553000,0.86893
12070650,Chomba Waihenya,2024-05-27 10:43:49.853000,0.86893
12140670,hangunwoo,2024-05-29 15:40:39.646000,0.86893
12141162,KOI,2024-05-31 16:57:43.676000,0.86893
12178615,Arun Kumar Oraon,2024-05-31 04:02:12.486000,0.86893
12181918,YUUKI TAKUMI,2024-05-31 15:20:22.480000,0.86893
12044490,bogoconic1,2024-05-31 14:44:59.700000,0.86893
12108686,lllleeeo,2024-05-27 22:25:14.973000,0.86893
12140744,NPU_12,2024-05-29 03:58:02.460000,0.86893
12189071,1302노수호,2024-05-31 10:49:28.976000,0.86893
12172421,shilong liu,2024-05-28 12:21:27.400000,0.86893
12044297,ChaosD,2024-05-31 23:58:00.526000,0.86893
12172580,山下皓太郎,2024-05-28 06:05:51.703000,0.86893
12163413,nick1893,2024-05-31 15:30:48.660000,0.86893
12044830,hsnuntpustatnycumot,2024-05-29 02:39:51.846000,0.86893
12164490,w_olovo,2024-05-31 17:41:09.310000,0.86893
12077368,Aya Nabil,2024-05-31 01:56:49.520000,0.86892
12132068,Jaipal Deora,2024-05-31 08:06:44.673000,0.86892
12047033,somchaimedee,2024-05-10 14:25:20.730000,0.86892
12178602,yjh200705,2024-05-31 16:15:52.606000,0.86892
12058854,Crisbebop,2024-05-30 23:10:49.830000,0.86892
12062008,thoth000,2024-05-31 17:37:19.296000,0.86892
12059565,LHMING,2024-05-31 10:17:18.303000,0.86892
12188237,jinxinyu zhao,2024-05-31 22:35:31.100000,0.86892
12159312,iambestrong,2024-05-31 17:11:27.243000,0.86892
12178942,[Deleted] 173267e8-6fde-4ef8-ac12-4e9eb38f18ee,2024-05-31 08:58:26.933000,0.86892
12192445,arhqh445t,2024-05-31 23:50:37.930000,0.86892
12094341,benn,2024-05-28 15:01:25.740000,0.86892
12147511,fofefe,2024-05-31 23:55:05.723000,0.86892
12145409,hansung2973,2024-05-31 17:08:49.560000,0.86892
12147657,Mohammed Almuallimi,2024-05-28 18:31:44.356000,0.86892
12137870,Frank Noh,2024-05-31 08:34:26.230000,0.86892
12046981,fleagne,2024-05-29 11:38:51.193000,0.86892
12177849,Math@Data,2024-05-30 06:07:02.250000,0.86892
12184184,Jian-Cheng Lin,2024-05-31 16:30:52.860000,0.86892
12151792,xyskisjxn,2024-05-31 14:18:46.193000,0.86892
12140464,seojinyoonnnn,2024-05-31 23:42:39.830000,0.86892
12161247,Dldmsrl,2024-05-31 16:03:31.956000,0.86892
12176131,koreaysj11,2024-05-29 07:49:02.983000,0.86892
12180734,Maxim Golovin,2024-05-31 17:41:42.010000,0.86892
12090613,Esat Aydin,2024-05-24 17:14:05.846000,0.86892
12147576,dkfjsdak,2024-05-31 11:24:24.900000,0.86892
12106030,Shunto Nakamura,2024-05-14 11:09:50.430000,0.86892
12147088,hellojian0504,2024-05-31 18:25:27.810000,0.86892
12177600,LeeYJ34,2024-05-31 09:01:08.626000,0.86892
12150977,Rohan Barad,2024-05-31 09:39:44.210000,0.86892
12189000,PWW2211,2024-05-31 14:16:42.486000,0.86892
12147054,andy0614,2024-05-31 14:50:43.746000,0.86892
12099509,Gagandeep Singh,2024-05-31 15:06:28.416000,0.86892
12046424,Fful,2024-05-28 15:04:35.550000,0.86892
12045419,Genius,2024-05-19 21:05:05.870000,0.86892
12139087,Panduka Bandara,2024-05-31 19:43:16.496000,0.86892
12063647,ahmed Elnahas,2024-05-28 18:46:17.556000,0.86892
12151918,inhochoiii,2024-05-31 12:33:01.940000,0.86892
12159535,SultanSB,2024-05-29 07:37:43.340000,0.86892
12190608,Jash Bhatia,2024-05-31 18:54:16.120000,0.86892
12166138,Krens,2024-05-28 13:03:02.623000,0.86892
12044305,Marcela Manzo Sagüez,2024-05-31 23:54:06.413000,0.86892
12164194,doeon_07,2024-05-31 02:39:11.216000,0.86892
12074147,Macoo68,2024-05-31 01:59:58.640000,0.86892
12142919,Tuwaiq_Nomads,2024-05-29 09:07:54.993000,0.86892
12057219,I'mahdi,2024-05-16 06:04:20.290000,0.86891
12148350,형구형구,2024-05-31 23:47:47.210000,0.86891
12095588,Muhammad Hasnain,2024-05-16 20:26:55.980000,0.86891
12061964,Naimul Hasan Shadesh,2024-05-26 05:06:07.640000,0.86891
12171571,Savidya Perera,2024-05-29 07:11:29.450000,0.86891
12141000,koiotoe,2024-05-31 16:50:09.170000,0.86891
12142525,Richard Ekwall,2024-05-31 10:30:25.186000,0.86891
12143180,tk0611,2024-05-21 13:47:12.573000,0.86891
12071711,Shivam Kunwar Chhetry(KC),2024-05-10 04:51:27.080000,0.86891
12142608,whi000,2024-05-31 23:58:14.716000,0.86891
12141173,김지후40,2024-05-31 18:39:32.006000,0.86891
12173750,sczhuoffical,2024-05-30 15:11:19.876000,0.86891
12103709,Abigbow,2024-05-26 15:35:06.520000,0.86891
12079375,[Deleted] 329622e5-b02e-4fe1-b809-0c4fe31aaf54,2024-05-08 06:20:04.933000,0.86891
12094639,eabfienio,2024-05-29 16:27:43.500000,0.86891
12100665,riicon,2024-05-31 13:57:26.256000,0.86891
12110772,Fetus God,2024-05-27 16:34:26.540000,0.86891
12050813,IgorSharygin,2024-05-29 05:31:38.583000,0.86891
12044801,Mustafa Keser,2024-05-11 02:33:26.583000,0.86891
12141019,soohyun,2024-05-31 17:35:55.533000,0.86891
12144507,Yulin Chen,2024-05-23 13:33:44.503000,0.86891
12188204,subin0511,2024-05-31 10:22:19.576000,0.86891
12145150,Moondohyun,2024-05-31 14:57:49.536000,0.86891
12141779,juheon727,2024-05-31 16:33:00.363000,0.86891
12143638,fivestar_min,2024-05-31 18:23:20.903000,0.86891
12151137,dlekgus,2024-05-31 23:35:49.180000,0.86891
12045769,Calvin P.,2024-05-31 09:29:04.763000,0.86891
12068531,Vigneshkumar S,2024-05-23 08:52:07.783000,0.86891
12174097,jcjlin,2024-05-31 16:24:30.080000,0.86891
12174368,loveSG,2024-05-31 06:04:18.240000,0.86891
12097996,Arabidopsis Thalian,2024-05-12 11:33:16.170000,0.86891
12158672,HyojeSeo,2024-05-31 15:05:09.436000,0.86891
12081448,Yussef Ayman,2024-05-24 21:23:20.123000,0.86891
12173645,K392_alpaca,2024-05-28 12:48:28.336000,0.86891
12142095,dragonjypark,2024-05-31 23:30:44.323000,0.86891
12141800,opal2718,2024-05-31 13:45:24.686000,0.86891
12076088,Adel Anseur,2024-05-30 18:50:41.426000,0.86891
12046301,Gentaroukunou,2024-05-30 08:00:10.640000,0.86891
12143507,Tuwaiq_team_1,2024-05-31 14:24:48.183000,0.86891
12189384,d21s0hs1,2024-05-31 11:00:17.273000,0.86891
12152186,Reynablue,2024-05-31 10:45:04.116000,0.8689
12103604,HanGyeungMin,2024-05-20 00:08:07.613000,0.8689
12152815,신유안 (미오),2024-05-31 23:16:58.946000,0.8689
12075128,Derivatives,2024-05-07 14:17:04.700000,0.8689
12082594,Salim Dohri,2024-05-09 07:14:14.610000,0.8689
12067584,Moonlit,2024-05-12 20:42:43.940000,0.8689
12119252,Kubota Hidemasa,2024-05-27 21:57:51.603000,0.8689
12151848,eyup atalay,2024-05-24 19:35:30.560000,0.8689
12052738,aichangeworld,2024-05-08 16:21:13.156000,0.8689
12048518,Daryl Brach,2024-05-29 15:53:42.260000,0.8689
12184547,kimyongwon,2024-05-31 22:52:15.460000,0.8689
12145146,kimdokjad,2024-05-30 13:42:10.510000,0.8689
12180179,JAN,2024-05-30 18:30:24.323000,0.8689
12140620,강준성,2024-05-31 12:20:01.743000,0.8689
12046128,Mikhail Naumov,2024-05-31 19:49:11.143000,0.8689
12192449,shjkr1,2024-05-31 23:54:30.476000,0.8689
12102947,Min Seong Park,2024-05-23 00:52:19.963000,0.8689
12143723,irenesy,2024-05-31 06:04:06.843000,0.8689
12100802,being0606,2024-05-21 00:46:09.406000,0.8689
12144971,thankyou0614,2024-05-30 08:45:44.356000,0.8689
12174754,hajun13,2024-05-31 23:52:11.750000,0.8689
12107061,beginner M,2024-05-31 13:47:50.903000,0.8689
12129164,Dhavan Shah,2024-05-18 19:30:26.800000,0.8689
12141842,jngkwnLEE,2024-05-22 02:01:29.690000,0.8689
12092284,Maxim Potashev,2024-05-31 23:56:47.440000,0.8689
12141773,leessjn,2024-05-31 15:24:14.046000,0.8689
12147729,Taha_Alshatiri,2024-05-24 21:20:24.213000,0.8689
12185964,jlinnnnnnnnnn,2024-05-30 16:12:17.963000,0.86889
12101960,MomotokD,2024-05-27 17:52:40.990000,0.86889
12147055,Pyuser,2024-05-25 09:17:44.736000,0.86889
12169344,superZJ,2024-05-31 16:00:04.643000,0.86889
12147634,OMAR ALHUWAISHEL,2024-05-28 15:28:42.860000,0.86889
12069433,xuye,2024-05-27 08:23:47.470000,0.86888
12148162,wnswnswns,2024-05-31 23:37:49.876000,0.86888
12189397,[Deleted] 5458cb78-8f57-41b4-8f3c-ca10cfa34e84,2024-05-31 14:32:46.336000,0.86888
12047252,JAKE PARK,2024-05-31 00:45:10.316000,0.86888
12044669,Evelyn,2024-05-22 00:43:19.523000,0.86888
12141670,Rudra Shah,2024-05-21 07:08:51.056000,0.86888
12086694,Galvao,2024-05-31 21:28:56.816000,0.86888
12048331,[Deleted] e838f225-3b13-44b5-aa42-eab6ef66bc7d,2024-05-31 15:20:48.680000,0.86888
12184944,HF Zhang_ustb,2024-05-30 14:12:39.363000,0.86888
12161296,ArunL,2024-05-31 21:11:29.350000,0.86888
12044289,rıza temizel,2024-05-15 23:03:19.553000,0.86888
12085076,HF Zang,2024-05-30 11:07:16.526000,0.86888
12192320,ingover,2024-05-31 22:47:13.070000,0.86887
12072545,Lt.kang,2024-05-20 23:52:04.583000,0.86887
12052089,Kawaii Coder UwU,2024-05-27 12:20:32.326000,0.86887
12044612,DolorNeto,2024-05-03 15:43:53.896000,0.86887
12044281,broccoli beef,2024-05-31 00:12:58.490000,0.86887
12044534,Team Oxygen - DAI,2024-05-06 05:26:54.020000,0.86887
12140923,Jonathan Cristovão,2024-05-31 20:02:33.326000,0.86887
12095299,Prithvi P Reddy,2024-05-17 07:40:41.033000,0.86887
12116061,JAEYEON JO,2024-05-31 22:52:11.086000,0.86887
12147633,ydldasa,2024-05-29 07:05:03.593000,0.86887
12100831,Mohammad Modirrousta,2024-05-24 22:46:38.110000,0.86887
12097553,Valorant Valo,2024-05-24 13:11:38.673000,0.86887
12047364,Spiritmilk,2024-05-08 23:51:23.980000,0.86887
12062447,Zeyad Sayed,2024-05-07 19:31:28.423000,0.86886
12092254,python.h,2024-05-30 09:39:40.340000,0.86886
12044276,Robert Hatch,2024-05-05 06:06:09.176000,0.86886
12057909,Jay Dev,2024-05-04 03:23:10.146000,0.86886
12054435,MariFel,2024-05-03 20:33:16.376000,0.86886
12063920,PRATAP KUMAR,2024-05-24 16:37:32.836000,0.86886
12077358,Jorge Vančo Sampedro,2024-05-09 07:17:36.576000,0.86885
12044695,dois1234,2024-05-30 08:34:05.023000,0.86885
12164675,retr0_SM06,2024-05-31 16:29:14.963000,0.86885
12082672,Astrowing,2024-05-24 10:49:20.170000,0.86885
12044366,Dibya S. Barik,2024-05-14 05:00:15.733000,0.86885
12094716,Tunahan Kılıç,2024-05-31 16:28:31.086000,0.86885
12044414,York Yong,2024-05-08 15:58:43.730000,0.86885
12081299,ShouLiu,2024-05-08 13:53:05.940000,0.86885
12046973,kagleo123,2024-05-20 02:32:41.780000,0.86884
12059293,Christian Barreto,2024-05-31 23:52:32.176000,0.86884
12047703,Xiang Hengshu,2024-05-04 15:23:55.033000,0.86884
12071309,solving the prob traditionally,2024-05-07 12:13:28.600000,0.86884
12078558,Rushil Prajapati,2024-05-30 12:10:10.216000,0.86884
12073305,Chris Pai,2024-05-07 08:25:50.326000,0.86884
12120055,Özgür Deniz Çelik,2024-05-30 12:04:20.683000,0.86884
12104090,Zhuang Jia,2024-05-17 02:04:04.916000,0.86883
12045558,Willy Wang,2024-05-21 10:10:48.856000,0.86883
12044383,Moamen Ibrahim,2024-05-31 23:51:07.233000,0.86883
12046267,Declan McAlinden,2024-05-14 15:12:22.746000,0.86883
12150051,pjm0128,2024-05-31 19:23:19.123000,0.86883
12044563,end_of_night.17j03,2024-05-27 19:19:13.803000,0.86883
12044654,Akmal Azzam o'g'li,2024-05-14 18:59:20.933000,0.86883
12096400,Abhimanyu Singh,2024-05-15 23:19:11.416000,0.86883
12148243,SikanderAC,2024-05-31 11:48:59.873000,0.86882
12141076,John Doe,2024-05-31 19:19:41.853000,0.86882
12145292,star1475,2024-05-31 23:09:17.466000,0.86882
12044370,kroniger,2024-05-21 02:47:30.753000,0.86882
12044272,James King,2024-05-06 09:56:11.606000,0.86882
12073997,Kaito Sugiyama,2024-05-21 07:24:03.976000,0.86881
12044721,Daniel Case,2024-05-19 06:20:08.383000,0.86881
12046798,Jordan Smith,2024-05-30 17:52:40.163000,0.86881
12150841,benthebest,2024-05-28 14:04:25.146000,0.86881
12059755,Lin Zihan0112,2024-05-29 15:10:47.923000,0.86881
12053688,Matthew S Farmer,2024-05-31 19:27:08.716000,0.86881
12165001,Ben Coldham,2024-05-31 22:25:50.453000,0.8688
12160437,Iai T,2024-05-31 04:03:29.990000,0.8688
12058890,HalloBoki,2024-05-31 20:06:51.270000,0.8688
12178161,NIKHIL PRATAP SINGH,2024-05-29 06:40:52.760000,0.86879
12164805,SaAm,2024-05-30 17:47:19.886000,0.86879
12051842,Zachary M Collins,2024-05-09 05:51:03.286000,0.86879
12077569,Supreme Taker,2024-05-14 14:36:05.160000,0.86879
12065418,Param Parekh,2024-05-28 14:22:49.800000,0.86879
12044547,hamza binbutt,2024-05-20 01:15:10.816000,0.86879
12061623,Dorsa Asgari,2024-05-14 20:10:33.016000,0.86878
12188610,drain gangster,2024-05-31 08:02:51.626000,0.86878
12049719,"Team LightAutoML testers, Lama 0.7*utilized+0.3tabular fstd q cnts",2024-05-02 01:25:42.476000,0.86878
12147589,djshs2308,2024-05-31 20:53:22.870000,0.86878
12097432,Math.Airin,2024-05-19 04:24:34.910000,0.86878
12078717,Sohail Ahmed,2024-05-31 21:39:01.486000,0.86878
12044826,Chovy,2024-05-31 10:57:59.090000,0.86878
12120324,Aneesh gad,2024-05-19 10:41:20.570000,0.86878
12044437,Prajwal Anagani,2024-05-03 20:07:27.720000,0.86878
12049627,pon0matsu,2024-05-05 19:27:18.143000,0.86878
12085058,OTTOON,2024-05-30 08:45:13.796000,0.86878
12107222,meemansha priyadarshini,2024-05-31 09:51:14.873000,0.86878
12044325,LightAutoML testers,2024-05-05 16:01:59.536000,0.86878
12074126,Iván Trujillo Trujillo,2024-05-10 06:20:51.770000,0.86877
12072931,Arvin Lajani,2024-05-31 14:43:41.316000,0.86877
12150544,Butterfly,2024-05-23 07:01:35.310000,0.86877
12136776,xiyan1234,2024-05-20 08:53:57.040000,0.86877
12050167,jae,2024-05-07 03:07:05.146000,0.86877
12064903,Igor Dudkov,2024-05-11 11:21:26.980000,0.86877
12162275,junyoungggg,2024-05-31 14:19:53.973000,0.86877
12095564,shivam1750,2024-05-13 14:33:19.403000,0.86877
12096109,Harshit Sharma,2024-05-31 21:50:21.046000,0.86877
12089339,Runjie Zhu,2024-05-31 13:47:37.270000,0.86877
12060479,The Major Mask,2024-05-19 15:14:40.766000,0.86877
12163360,ms_Choi0109,2024-05-31 12:34:44.513000,0.86877
12071680,xkxkx123,2024-05-08 09:39:51.260000,0.86877
12070878,Vaishnavi Mudaliar,2024-05-06 14:33:17.713000,0.86877
12175353,Himanshu Kumar,2024-05-28 15:26:18.396000,0.86877
12074123,Dinesh,2024-05-15 08:25:35.883000,0.86877
12084521,w00d_Minato,2024-05-12 07:02:47.316000,0.86877
12044378,Data Sharks,2024-05-03 11:06:56.506000,0.86877
12071574,gchiappe,2024-05-06 16:29:55.736000,0.86877
12044844,Tom8710,2024-05-31 12:57:20.046000,0.86877
12071073,Gokigen_A_K,2024-05-06 14:51:47.536000,0.86877
12140436,Riley Cahill,2024-05-28 08:10:47.723000,0.86877
12192389,optique,2024-05-31 23:21:33.356000,0.86876
12130389,Gakushi Kanamoto,2024-05-25 13:50:21.930000,0.86876
12141802,Elman Ghazaei,2024-05-24 15:44:28.120000,0.86876
12057774,pg74ers,2024-05-07 03:33:30.870000,0.86876
12044448,Taichi Uemura,2024-05-13 23:53:24.973000,0.86876
12119240,Martin Balla,2024-05-17 11:27:49.936000,0.86876
12048719,at-the-hop,2024-05-31 10:35:38.783000,0.86876
12099947,Gonzalo Recio,2024-05-21 06:02:15.583000,0.86876
12084084,iunnnnnn,2024-05-20 14:00:53.086000,0.86876
12109947,Zhou Jiaxin1103,2024-05-15 14:10:42.850000,0.86876
12153633,R2-D2,2024-05-29 12:04:13.126000,0.86875
12186287,Junhyuk Won,2024-05-31 10:26:38.940000,0.86875
12050325,yumpy,2024-05-07 05:24:37.486000,0.86875
12073074,gibaek lee,2024-05-09 17:31:53.013000,0.86875
12061296,Belka,2024-05-11 06:27:13.486000,0.86875
12068528,Shakti Gupta,2024-05-29 17:33:29.420000,0.86875
12192377,leghest,2024-05-31 23:15:50.210000,0.86875
12103475,Đỗ Thành Trung,2024-05-27 15:50:10.473000,0.86875
12076520,Andreas Granhøy-Lieng,2024-05-30 19:27:04.086000,0.86875
12047731,sasayaka,2024-05-26 13:47:15.953000,0.86875
12067323,Gabriel Montagni Domingues,2024-05-31 03:29:42.236000,0.86874
12044738,"Shun, Kaida",2024-05-31 00:33:16.393000,0.86874
12065300,yilseungjeong,2024-05-14 01:25:17.693000,0.86874
12044293,[Deleted] 68fa9ad3-32c5-461b-9983-447599b812f3,2024-05-05 23:39:02.996000,0.86874
12105143,Anoyoroshi,2024-05-29 08:46:57.450000,0.86874
12140985,real_benson_boone,2024-05-31 22:43:45.053000,0.86874
12157550,tanaka,2024-05-24 15:52:09.706000,0.86873
12183496,YooO,2024-05-31 07:31:27.246000,0.86873
12053850,Chanchal Alam,2024-05-13 19:12:30.780000,0.86873
12067496,A.J. Norton,2024-05-15 21:07:07.413000,0.86873
12112752,JiakangXu,2024-05-30 14:26:56.416000,0.86873
12065799,~2020,2024-05-26 06:24:53.533000,0.86873
12159555,Ivan Dmitrovich,2024-05-31 14:14:41.083000,0.86873
12062547,Sreeram,2024-05-09 14:59:25.670000,0.86873
12052888,PasMarino13,2024-05-30 19:27:59.526000,0.86873
12045470,Data Hunger,2024-05-09 08:16:04.780000,0.86873
12049731,Team Oxygen Manual Fe v3  DriverlessAI.csv,2024-05-02 01:29:32.720000,0.86872
12068149,Falah Kusuma,2024-05-31 11:15:59.770000,0.86872
12046650,Tigerpiotta,2024-05-31 23:00:18.706000,0.86872
12166545,권혁준 (Hyeokjun Kwon),2024-05-31 22:31:35.166000,0.86872
12140462,wnahddk,2024-05-31 22:55:47.453000,0.86872
12178998,Mai Tuan Anh ,2024-05-29 13:46:19.266000,0.86872
12083464,Chanakya VBSL,2024-05-27 05:05:38.993000,0.86872
12046338,Marek Przybyłowicz,2024-05-23 03:36:39.663000,0.86872
12134976,Penido Rafael,2024-05-22 03:00:41.420000,0.86872
12046451,Barbate on my mind,2024-05-30 21:39:38.033000,0.86872
12151573,as Rd see the uhh fs the,2024-05-31 12:33:32.736000,0.86872
12045339,Azeez Ikramur Rahman,2024-05-30 14:27:15.336000,0.86872
12054300,Craig Thomas,2024-05-03 04:03:56.100000,0.86872
12119059,Aditya225Mehrotra,2024-05-22 12:37:00.596000,0.86871
12045674,ttd113,2024-05-16 11:31:00.956000,0.86871
12056706,流风不风流,2024-05-07 08:32:36.310000,0.86871
12073996,rabbit_x86,2024-05-20 14:01:03.366000,0.86871
12062318,ArnoldRosielle,2024-05-05 16:45:05.923000,0.86871
12184974,outoftheblue,2024-05-31 13:46:16.766000,0.86871
12046401,Haku Dan,2024-05-09 09:25:57.050000,0.86871
12085958,AYAN BANERJEE,2024-05-16 16:50:42.096000,0.86871
12044292,JMAscacibar,2024-05-09 13:02:46.410000,0.86871
12077680,Nitai Shah,2024-05-31 19:56:14.520000,0.86871
12084671,Savio Sajan M,2024-05-11 16:02:19.636000,0.86871
12132280,Ambiguous,2024-05-26 05:38:00.143000,0.86871
12164704,Divyanshu,2024-05-27 12:57:03.720000,0.86871
12065327,Siddhant Jain,2024-05-31 11:16:27.853000,0.86871
12186893,April Zhou,2024-05-30 22:44:12.643000,0.86871
12159243,Yuliya,2024-05-30 07:25:18.416000,0.86871
12184830,Nebul91,2024-05-30 11:19:59.803000,0.86871
12131302,Rushi Chavda,2024-05-20 17:40:51.663000,0.86871
12139351,[Deleted] a83f815b-d9b0-4901-8557-895bc3610cbc,2024-05-27 17:32:39.230000,0.86871
12054493,Евгений Спичкин,2024-05-07 18:51:05.063000,0.86871
12065737,haonan Diao,2024-05-12 16:44:52.436000,0.86871
12109382,FLeite25,2024-05-14 13:43:41.293000,0.86871
12108029,Aleksey Dudnik,2024-05-14 22:48:00.910000,0.86871
12130104,Ollie Glass,2024-05-18 14:12:13.160000,0.86871
12088185,Jay Suh,2024-05-17 03:14:22.900000,0.86871
12107228,Crystal Yan,2024-05-21 07:19:24.726000,0.86871
12141499,Anirudh Mittal0202,2024-05-22 06:59:25.083000,0.86871
12150498,Parkdws,2024-05-30 04:37:04.013000,0.86871
12152787,Manaswiyahello,2024-05-31 15:13:43.410000,0.86871
12132274,Pod042,2024-05-26 09:23:17.173000,0.86871
12045170,Levent Serinol,2024-05-26 11:07:56.043000,0.86871
12054174,Mads Dabros,2024-05-31 13:37:55.616000,0.8687
12061545,Debojit Basak,2024-05-05 15:31:26.733000,0.8687
12143698,immuno,2024-05-31 14:40:09.153000,0.8687
12105385,DataBr0,2024-05-31 13:44:01.986000,0.8687
12139954,Tarun Arora,2024-05-23 03:48:40.766000,0.8687
12051124,Jotaro,2024-05-03 15:05:53.013000,0.8687
12170676,limyoonho,2024-05-30 14:47:56.660000,0.8687
12060979,motty1050,2024-05-23 08:10:42.483000,0.8687
12116772,Jon Blanchard,2024-05-31 23:58:07.770000,0.8687
12045638,satokato,2024-05-28 20:42:10.546000,0.8687
12048885,Steve Simons,2024-05-22 14:02:18.706000,0.8687
12076054,YellowMudRiver,2024-05-19 12:54:06.433000,0.8687
12122658,Cocteau_kish,2024-05-28 07:56:27.516000,0.8687
12152485,IberianInsights,2024-05-27 11:08:24.320000,0.86869
12078932,jimmyc888,2024-05-23 07:51:18.050000,0.86869
12121199,andreas g-l,2024-05-27 15:54:16.523000,0.86869
12095937,Dasha ,2024-05-11 17:56:32.096000,0.86869
12080928,Nisaruddin,2024-05-24 11:19:37.800000,0.86869
12061789,Astitwa Agarwal,2024-05-04 18:26:50.280000,0.86869
12048104,rahul nakka,2024-05-12 21:22:50.743000,0.86869
12045070,miyu.k1aras@gmail.com,2024-05-30 09:16:56.940000,0.86869
12062754,Michael Horrell,2024-05-18 02:48:49.563000,0.86868
12049734,James King - Autogluon medium quality 20 HPO steps  CAT.csv,2024-05-02 01:31:54.483000,0.86868
12148553,Elnar Tulegen,2024-05-25 15:36:53.503000,0.86868
12184958,kjs070917,2024-05-31 11:48:45.246000,0.86868
12044760,GEORGE DOUKAS,2024-05-09 18:01:58.800000,0.86868
12046466,Salazhiev,2024-05-05 00:07:13.153000,0.86867
12115897,Breno Ingwersen,2024-05-31 15:31:47.730000,0.86867
12129967,William Guesdon,2024-05-19 22:38:51.363000,0.86867
12127602,Craftycripple,2024-05-24 23:13:37.876000,0.86867
12072964,CodyLaminack,2024-05-19 01:49:53.486000,0.86867
12049732,Team Robert Hatch Simple 5 fold LGB.csv,2024-05-02 01:30:46.266000,0.86867
12048694,Jens Kramer,2024-05-14 06:11:19.776000,0.86867
12044590,Don't Die Just DAI,2024-05-06 16:58:56.900000,0.86867
12049733,Dont Die Just DAI DriverlessAI-M10CatBoost Ensemble.csv,2024-05-02 01:31:06.393000,0.86867
12050963,Johnycooly,2024-05-16 16:48:02.123000,0.86867
12186261,jungjivvooooooon,2024-05-31 18:49:50.976000,0.86867
12118933,Grayness,2024-05-31 12:25:19.586000,0.86867
12045183,Michael,2024-05-30 06:52:24.453000,0.86867
12187611,cc_4006,2024-05-31 23:37:35.706000,0.86867
12055532,Bao Luong Pham,2024-05-13 15:53:24.590000,0.86867
12046364,Main Void,2024-05-06 08:51:44.433000,0.86867
12059966,[Deleted] 7958ad93-ee76-48a2-963d-78d4747f6388,2024-05-19 02:50:16.446000,0.86867
12142669,Jung Ji Won,2024-05-31 13:24:00.636000,0.86867
12052558,Yongle Liu,2024-05-02 13:35:19.450000,0.86867
12049644,Git on my Level,2024-05-02 14:31:27.436000,0.86867
12129398,DhirajSingla,2024-05-29 02:48:53.933000,0.86867
12102770,AMrYfzj,2024-05-31 02:22:57.453000,0.86866
12142565,uncharter,2024-05-31 20:33:04.243000,0.86866
12137740,jesferrom,2024-05-30 10:51:21.770000,0.86866
12052876,Sriram Gopalakrishnan,2024-05-23 02:07:05.736000,0.86866
12120790,MRIDUL GULATI,2024-05-25 18:48:42.986000,0.86866
12057433,Taylor Kim,2024-05-14 02:05:45.660000,0.86866
12166186,NaganagaKen,2024-05-31 13:57:18.420000,0.86866
12045000,not not catboost,2024-05-02 15:15:36.800000,0.86866
12052360,supermiojo,2024-05-02 20:48:08.600000,0.86865
12058942,wxx0316,2024-05-29 18:34:31.233000,0.86865
12044628,BlueCast,2024-05-30 15:43:13.600000,0.86865
12051117,Alban Etienne,2024-05-31 19:24:10.920000,0.86865
12059540,Trust The Process,2024-05-14 08:53:10.620000,0.86864
12107983,Jayant99,2024-05-17 08:25:26.736000,0.86864
12045253,Ujjwal Pandey,2024-05-14 19:36:48.583000,0.86864
12089246,Gradient Explorers,2024-05-17 11:17:40.220000,0.86864
12046034,dangnguyen1997,2024-05-20 16:24:01.040000,0.86864
12142160,Tariq Washtan,2024-05-28 11:41:48.763000,0.86864
12044258,[Deleted] 73d4de64-1e0d-42c9-a8cb-b609470b20af,2024-05-26 03:26:56.833000,0.86864
12093406,Timmy,2024-05-31 14:14:43.690000,0.86864
12053974,Shlok Shivkar,2024-05-15 18:46:13.520000,0.86864
12084883,fukumimi,2024-05-31 07:10:30.090000,0.86863
12093238,Wenhao Loo,2024-05-11 07:07:32.016000,0.86863
12063373,Joseph Hardy,2024-05-05 01:06:06.953000,0.86863
12075470,iCoderAkash,2024-05-10 08:10:11.540000,0.86863
12054789,Sheikh Abdullah 01,2024-05-03 22:50:06.530000,0.86863
12062924,Dzmitry Pihulski,2024-05-24 04:42:02.846000,0.86863
12084931,Dammala Uday kiran,2024-05-16 08:23:36.410000,0.86863
12054543,Szymon Nowaq,2024-05-30 21:10:20.663000,0.86863
12050255,Chazzyie,2024-05-30 10:07:30.960000,0.86863
12079800,Tanyo Petrov,2024-05-14 10:36:39.250000,0.86862
12059585,KristianusEkoP,2024-05-31 09:27:05.720000,0.86862
12098700,Sara Charmchi,2024-05-19 13:43:01.543000,0.86862
12175863,kwonjinuk123,2024-05-31 10:54:59.870000,0.86862
12073596,Gerald Pascua,2024-05-09 06:36:49.646000,0.86862
12044369,Hermengardo,2024-05-12 06:45:45.493000,0.86862
12044286,Ulises M.,2024-05-10 01:36:26.820000,0.86862
12047061,FancifulCrow,2024-05-31 20:25:18.090000,0.86862
12129835,Allan Spadini,2024-05-21 11:13:00.710000,0.86862
12100213,Mohsen_shahbazi,2024-05-29 17:10:51.426000,0.86861
12047290,DebashisGoswami,2024-05-27 15:21:51.800000,0.86861
12066540,Mehran Khosrojerdi,2024-05-28 13:37:46.576000,0.86861
12070441,naohs,2024-05-14 04:21:01.413000,0.86861
12058871,Shodolamu Opeyemi,2024-05-21 11:07:11.450000,0.86861
12044449,Secret Glory,2024-05-30 03:30:04.470000,0.86861
12062092,Thomas,2024-05-07 10:12:54.143000,0.8686
12078596,Taeyoon Kim,2024-05-08 05:01:54.816000,0.8686
12077522,Oleg Zagorulko,2024-05-07 19:16:54.930000,0.8686
12151228,Ayushparwal,2024-05-28 04:56:32.056000,0.8686
12094767,earlyann,2024-05-14 12:55:32.416000,0.8686
12051068,Luohao Xu,2024-05-03 12:15:16.396000,0.8686
12108415,vaaven,2024-05-15 09:02:28.090000,0.8686
12065258,Rezvan Gharagozloo,2024-05-29 06:47:11.923000,0.86859
12086516,lucky-cat-nya,2024-05-15 15:18:52.613000,0.86859
12078908,jinkyu sung,2024-05-21 09:10:23.346000,0.86859
12073173,ugakkuku,2024-05-10 09:39:49.500000,0.86859
12045220,동동동동,2024-05-28 11:30:51.476000,0.86859
12095137,[Deleted] 93220c4f-38d1-4ab4-bdf5-bf51ef7edc4b,2024-05-29 11:44:36.440000,0.86859
12072174,Nikita.Vet,2024-05-16 14:21:01.670000,0.86859
12051627,Ubermensch,2024-05-03 14:00:00.110000,0.86859
12066780,Harsh Shelar,2024-05-30 00:50:35.600000,0.86858
12074155,Shinji Hirata,2024-05-23 05:42:05.303000,0.86858
12065114,İsmail Gönül,2024-05-09 12:41:27.096000,0.86858
12059446,Jack Niklason,2024-05-20 16:54:19.640000,0.86858
12087091,rc22,2024-05-30 10:34:47.960000,0.86858
12044737,cndrip,2024-05-14 15:21:45.860000,0.86858
12060802,Marcin Myczka,2024-05-31 17:06:40.870000,0.86858
12079488,SANKARA VENKAT RAM V,2024-05-27 08:07:59.933000,0.86857
12049925,Lord Patil,2024-05-23 16:05:56.026000,0.86857
12101014,si_hyeong1116,2024-05-13 06:17:35.466000,0.86857
12118242,Xianzhi Wu,2024-05-25 05:56:44.320000,0.86857
12046875,ViktorGusev84,2024-05-03 12:28:18.230000,0.86857
12110367,Vaibhav0403Gupta,2024-05-14 17:28:48.256000,0.86857
12044278,Kuriboh,2024-05-02 05:34:29.080000,0.86857
12048962,Ahmed Maher Tohamy,2024-05-02 12:18:04.583000,0.86857
12178722,umi linn,2024-05-31 13:59:59.926000,0.86857
12051558,AlexxxSem,2024-05-16 19:55:09.373000,0.86857
12107410,Alienbugs,2024-05-15 18:35:00.410000,0.86857
12045009,Carl McBride Ellis,2024-05-01 20:20:38.240000,0.86857
12068092,Bindu Hegde,2024-05-06 06:27:42.560000,0.86856
12047781,Filip Jöde,2024-05-03 10:02:06.833000,0.86856
12112610,Team Oshowatt,2024-05-26 11:27:02.193000,0.86856
12103340,akiryo,2024-05-14 07:50:30.556000,0.86856
12089556,Antra Bansal,2024-05-31 12:38:19.903000,0.86856
12050376,Maganti IT,2024-05-23 14:01:14.716000,0.86856
12091169,Bhargavi Ardhalapudi,2024-05-10 13:32:52.970000,0.86856
12085107,Meshach Aderele,2024-05-21 21:38:30.986000,0.86856
12059212,DrTambourine Man,2024-05-19 17:13:03.013000,0.86856
12046322,Jay Milind Padloskar,2024-05-09 20:20:49.053000,0.86856
12082773,Pontus Soederhaell,2024-05-31 19:55:49.680000,0.86856
12045103,852-30624700,2024-05-02 23:09:50.576000,0.86855
12128124,K.Sakiyama,2024-05-27 13:36:56.003000,0.86855
12108548,Yarkın,2024-05-19 22:42:54.456000,0.86854
12045155,Kshitij Tandon,2024-05-05 11:22:23.923000,0.86854
12122099,WoaiBonBon,2024-05-29 06:05:54.263000,0.86854
12056611,beshi0712,2024-05-22 22:22:01.553000,0.86854
12053597,Arthur_DESMAZURES,2024-05-05 21:39:20.160000,0.86854
12103113,caffebairlab,2024-05-24 12:59:45.553000,0.86854
12047214,mok,2024-05-31 09:41:00.013000,0.86854
12149837,qsibmini2,2024-05-24 05:44:27.270000,0.86853
12114966,BYI009,2024-05-18 13:00:07.036000,0.86853
12097568,Unreal duo,2024-05-11 09:07:11.826000,0.86853
12178992,Hà Tấn Phong,2024-05-31 16:10:57.183000,0.86853
12091137,Suman Sarkar,2024-05-31 06:13:42.536000,0.86853
12044266,XS 330,2024-05-03 17:23:13.830000,0.86853
12142972,Victor Alekseev,2024-05-31 18:27:26.740000,0.86853
12189445,leminhdat2004,2024-05-31 19:54:21.123000,0.86853
12080056,Benito Javier Velasco García,2024-05-20 10:27:14.096000,0.86853
12158448,Csanádi Richárd,2024-05-29 08:14:02.083000,0.86853
12095511,arturik555,2024-05-13 14:26:49.093000,0.86852
12050865,Sayan Banerjee,2024-05-02 10:07:11.413000,0.86852
12071195,Dan and Dave,2024-05-22 21:20:13.170000,0.86852
12124194,Vijayaditya raj Rapaka,2024-05-25 12:45:27.220000,0.86852
12131399,Radema,2024-05-25 19:31:06.766000,0.86852
12060877,Ferdous Kabir,2024-05-19 06:56:06.160000,0.86852
12048908,seamus barnes,2024-05-04 13:11:54.393000,0.86851
12070332,Ivo Kolarov,2024-05-16 22:15:11.486000,0.86851
12135284,Felix Trihardjo,2024-05-27 02:03:01.613000,0.86851
12046459,Mikołaj Hojda,2024-05-15 17:44:12.443000,0.86851
12059482,Özgür Yıldırım,2024-05-17 22:40:05.613000,0.86851
12058786,KsenSko,2024-05-14 15:06:16.343000,0.86851
12044333,llorenzo,2024-05-26 10:03:02.273000,0.86851
12125866,TBOX,2024-05-31 03:27:32.556000,0.86851
12051515,Mayeul Godinot,2024-05-10 16:57:56.766000,0.86851
12113115,CJROCKBALL,2024-05-18 14:29:05.980000,0.86851
12049039,TheGrud,2024-05-04 23:26:36.830000,0.86851
12071962,Đình Luân Ngô,2024-05-10 09:09:48.846000,0.8685
12046845,Trish Cornelissen,2024-05-28 17:32:47.846000,0.8685
12163022,Joo-young Hwang,2024-05-28 06:02:25.570000,0.8685
12106165,Sumpei Nishio,2024-05-31 21:09:13.143000,0.8685
12068049,ami takewaka,2024-05-31 15:46:01.300000,0.8685
12045884,Kazzzuu,2024-05-28 05:36:18.510000,0.8685
12114346,Valeriia Biruk,2024-05-26 09:02:20.496000,0.8685
12100288,Joel Mills,2024-05-14 15:24:13.520000,0.8685
12062777,Hind Ismaili M'hamdi,2024-05-21 23:04:50.626000,0.8685
12122679,Asako Yabe,2024-05-27 04:36:38.190000,0.86849
12049006,Mariano Weimer,2024-05-31 16:14:39.100000,0.86849
12161990,李洁怡1,2024-05-29 05:46:28.723000,0.86849
12109787,fei888,2024-05-22 16:26:22.480000,0.86849
12100843,at_noon,2024-05-18 07:08:56.773000,0.86849
12121433,[Deleted] 44ed4e9d-f783-46e2-8fe1-b08e40acff58,2024-05-18 18:41:48.096000,0.86849
12134049,Kavarna,2024-05-19 17:16:14.913000,0.86848
12103736,celestia0113,2024-05-14 06:59:26.840000,0.86848
12044771,Mercurlc,2024-05-31 06:12:21.740000,0.86848
12069992,nakashi120,2024-05-29 09:11:57.980000,0.86848
12076057,DIVY,2024-05-30 07:42:40.023000,0.86848
12166974,Luca Basanisi,2024-05-31 05:27:58.250000,0.86847
12053820,Ishvalin,2024-05-25 19:21:41.096000,0.86847
12044564,Jim Gruman,2024-05-30 21:26:18.976000,0.86847
12141113,Monesa Flavega,2024-05-29 11:30:22.763000,0.86847
12094379,Bianzt,2024-05-26 12:21:39.486000,0.86847
12085106,Fatma Nur ÇETİNTÜRK,2024-05-19 11:08:18.686000,0.86846
12184444,koahdowiuasn ga,2024-05-31 06:15:07.630000,0.86846
12102491,angels web,2024-05-23 14:15:26.326000,0.86846
12055031,heheheha,2024-05-05 14:37:06.260000,0.86845
12049353,zaid_shami,2024-05-23 23:07:44.086000,0.86845
12140418,CristianHidalgo,2024-05-28 03:36:54.063000,0.86845
12134651,DeepLearners,2024-05-20 07:08:27.400000,0.86844
12099410,YutaroAtarashi,2024-05-26 12:34:43.156000,0.86843
12115071,NSS Lab,2024-05-31 19:39:37.606000,0.86843
12179309,Robert Trypuz,2024-05-29 15:09:31.800000,0.86843
12116219,Cabane à data,2024-05-31 09:12:43.516000,0.86843
12047951,Danny Quirouette,2024-05-22 13:36:18.086000,0.86843
12045379,folal537,2024-05-11 07:25:55.280000,0.86842
12046382,Vlad Ivanov,2024-05-26 08:49:54.120000,0.86842
12085353,seunghwan0987,2024-05-13 12:34:43.940000,0.86841
12111657,Enrique El Gato,2024-05-29 14:19:23.403000,0.86841
12106711,Shika_meow,2024-05-28 10:31:12.106000,0.86841
12115833,SnParmar,2024-05-20 02:10:31.530000,0.86841
12090984,Ahmet DİZDAR,2024-05-19 15:47:56.723000,0.86841
12095663,Tran Phuoc Sang,2024-05-22 06:21:31.263000,0.86841
12044363,Minhao Zhang,2024-05-08 00:26:05.476000,0.86841
12185054,Ali tarmiş,2024-05-31 20:07:34.710000,0.8684
12081022,cshcsh123,2024-05-29 07:10:14.306000,0.8684
12190474,GeometryDeriviation,2024-05-31 16:26:05.610000,0.8684
12176576,Abdallah Wagih Ibrahim,2024-05-29 23:04:05.646000,0.8684
12153923,Sergey Litvinenko,2024-05-29 21:47:06.383000,0.8684
12046217,Daniel Carl Fox,2024-05-30 12:20:39.833000,0.8684
12053337,Khemkaran Sevta,2024-05-18 18:53:13.893000,0.86839
12178891,YYJDSG,2024-05-30 14:43:55.223000,0.86839
12083436,巧克力泡面,2024-05-09 02:52:20.173000,0.86839
12092484,Saikat Chakraborty,2024-05-27 21:37:45.020000,0.86839
12073470,lijin123,2024-05-16 06:19:14.196000,0.86839
12044326,Yoshima.T,2024-05-14 21:28:42.036000,0.86838
12159902,Billy Koech,2024-05-29 15:02:37.416000,0.86838
12096243,Ismael Dias,2024-05-12 03:49:35.013000,0.86838
12124553,Its_CPD,2024-05-31 17:52:10.360000,0.86838
12155990,ZHANGFEI12322,2024-05-29 08:19:51.136000,0.86838
12171561,Mahdie Rahmati,2024-05-27 18:57:14.873000,0.86838
12049397,The Outliers,2024-05-17 00:01:51.903000,0.86838
12046559,Georgios Nikolitsis,2024-05-30 14:56:49.943000,0.86837
12063144,Viktor Ilinskiy,2024-05-20 12:32:21.806000,0.86837
12080166,harits hafidza,2024-05-22 09:42:24.313000,0.86837
12189399,logaliz,2024-05-31 16:18:41.536000,0.86837
12055485,Minh Ky,2024-05-23 07:01:28.956000,0.86837
12062033,flinkone,2024-05-10 11:44:33.596000,0.86837
12048409,Khánh Trần,2024-05-20 12:47:48.116000,0.86836
12050300,yukihirop,2024-05-19 13:41:31.480000,0.86836
12086270,rutamo7,2024-05-09 15:39:40.586000,0.86835
12166070,DanielHafezian,2024-05-29 18:16:33.093000,0.86835
12044410,Auliš Arinili,2024-05-09 07:50:28.986000,0.86835
12044299,Fabbasso,2024-05-26 22:01:00.846000,0.86835
12084954,Trung Minh,2024-05-09 08:44:59.880000,0.86835
12061030,fugai1,2024-05-10 13:45:15.183000,0.86835
12052438,IFUNUDJAYA18,2024-05-27 08:20:04.433000,0.86834
12075969,sult.prod,2024-05-09 16:30:01.560000,0.86834
12115701,Amin Rad,2024-05-22 20:37:55.406000,0.86833
12050457,zhijie x,2024-05-31 01:56:21.670000,0.86833
12093319,Tremendous1192,2024-05-12 05:38:12.940000,0.86833
12058652,Muna Bhusal,2024-05-28 16:57:12.306000,0.86833
12047184,Andre Yukio,2024-05-31 10:51:58.313000,0.86833
12061364,Vaibhav K,2024-05-10 08:55:04.420000,0.86833
12045609,vn_no_1,2024-05-31 03:39:25.843000,0.86832
12083867,jatindulani31,2024-05-09 09:19:27.336000,0.86832
12084151,Sztánáhopsz,2024-05-31 06:48:05.540000,0.86832
12071330,[Deleted] b3138950-5e4a-4e47-96aa-a0141f611b67,2024-05-27 19:06:20.366000,0.86831
12045115,Raymond Gabriel,2024-05-05 06:12:08.586000,0.86831
12164570,Musa Khan,2024-05-31 03:41:38.203000,0.86831
12073655,Sue Huynh,2024-05-30 16:01:41.716000,0.86831
12163751,Arturia Kastus,2024-05-27 20:25:50.083000,0.8683
12161494,Qinsi,2024-05-31 14:16:14.603000,0.8683
12047789,Vishnupriya,2024-05-21 17:46:20.743000,0.86829
12057036,Cem Yıldırım,2024-05-19 21:32:18.143000,0.86829
12081239,Zakariae Youssefi,2024-05-15 10:36:23.590000,0.86829
12046984,MohamedFarouk,2024-05-02 10:40:42.916000,0.86828
12047067,Tushar Mane,2024-05-02 12:47:19.343000,0.86827
12166855,Samrat Kumar Dev Sharma,2024-05-30 19:15:57.530000,0.86826
12076887,Vlad Shysh,2024-05-15 21:09:27.436000,0.86826
12164536,jueoneom,2024-05-30 12:02:52.850000,0.86826
12057843,Oni Samson Abidemi,2024-05-15 11:48:07.410000,0.86826
12046120,Hryk Hmgch,2024-05-22 12:43:04.813000,0.86826
12082044,sakeesh,2024-05-19 02:03:04.520000,0.86826
12090676,ChrisBH,2024-05-16 09:10:16.040000,0.86826
12183004,Kumod Sharma,2024-05-31 08:53:11.546000,0.86825
12050401,Chatla Veena sahithi,2024-05-14 09:34:24.860000,0.86824
12091927,boubkeur bouchama,2024-05-19 11:46:02.720000,0.86824
12047993,Guilherme P Oliveira,2024-05-09 00:13:41.533000,0.86824
12100382,Siva Naga Kalyan,2024-05-12 21:26:37.226000,0.86824
12049956,Susanket Sarkar,2024-05-08 15:58:32.986000,0.86823
12046205,Lobzinastya,2024-05-06 11:22:38.890000,0.86823
12047471,Kazoric,2024-05-28 11:18:31.880000,0.86823
12057742,rassiem,2024-05-15 12:16:55.086000,0.86823
12044389,Joseph Xiao,2024-05-05 02:07:26.890000,0.86823
12056873,Paulo Pinheiro,2024-05-23 18:55:25.556000,0.86823
12044872,Catadanna,2024-05-23 22:39:17.176000,0.86823
12045447,Rubanza Silva,2024-05-31 14:02:45.233000,0.86822
12111803,kaerllet,2024-05-15 01:02:33.153000,0.86821
12150009,GMROH637,2024-05-30 00:29:36.413000,0.86821
12046264,Thomas Reid,2024-05-09 12:39:39.483000,0.8682
12048502,Arun Kumar Nandam,2024-05-25 22:43:31.216000,0.8682
12180583,metalbearsolid,2024-05-31 17:44:31.850000,0.8682
12185742,İbrahim Kaya,2024-05-31 23:48:57.750000,0.8682
12045290,Captago Paulin,2024-05-29 12:45:11.600000,0.8682
12063015,Austin,2024-05-30 03:57:54.410000,0.8682
12143717,psegdava,2024-05-23 16:39:29.590000,0.86819
12069105,ALINYIWEN,2024-05-09 05:58:46.083000,0.86819
12105369,Muhammed Aboseif,2024-05-31 23:53:01.396000,0.86818
12045187,Anmol gupta,2024-05-21 02:07:00.996000,0.86818
12085716,jwt1124,2024-05-15 12:39:19.300000,0.86817
12058169,itsakphyo,2024-05-26 13:10:36.353000,0.86817
12102258,Promise Ibediogwu Ekele,2024-05-31 20:30:34.956000,0.86816
12103791,amynana19,2024-05-25 00:59:18.416000,0.86815
12052787,MaxA,2024-05-22 16:28:32.083000,0.86815
12105534,Mohammed Salem Lanqes,2024-05-31 12:15:30.920000,0.86813
12167219,QweData,2024-05-26 20:13:26.326000,0.86812
12045151,Suzuki_Miyaura,2024-05-05 00:52:13.280000,0.86812
12050297,Sakshi Satre,2024-05-30 10:22:11.320000,0.86811
12067534,KKOBA619,2024-05-06 02:19:50.096000,0.86811
12103569,KOU_FURUNAGA,2024-05-18 12:06:45.470000,0.86811
12150056,jwyoo1029,2024-05-31 13:25:34.746000,0.86811
12062482,LFSantos,2024-05-09 13:52:51.203000,0.8681
12055799,Kanishk026,2024-05-31 13:48:41.540000,0.86809
12046097,Pranit P,2024-05-02 17:12:46.366000,0.86808
12045200,Taylor,2024-05-21 20:17:56.533000,0.86808
12101688,B.b.Lill,2024-05-28 08:15:39.486000,0.86807
12054778,Abdul Muid,2024-05-10 08:52:38.026000,0.86807
12046562,Đăng,2024-05-01 21:58:11.310000,0.86806
12111963,Ethanlam0415,2024-05-29 01:27:36.993000,0.86806
12149841,EdKsLim,2024-05-24 04:53:04.016000,0.86805
12159741,Rattlesnake,2024-05-31 21:37:50.530000,0.86804
12047315,Gerald Schwartz,2024-05-04 15:21:26.426000,0.86802
12071219,ARITRA KUMAR MONDAL,2024-05-31 07:47:28.266000,0.86801
12183258,Bùi Nhật Anh,2024-05-31 15:52:49.443000,0.86801
12175440,Wsrdufjtxky,2024-05-31 23:55:46.436000,0.86801
12092691,Daciana DC,2024-05-10 22:30:13.696000,0.868
12173612,Nicolas Noel,2024-05-28 13:13:54.920000,0.868
12050559,Ridwan Akmal 🍉,2024-05-06 12:29:53.296000,0.86799
12054690,yscho,2024-05-30 21:33:18.470000,0.86798
12093690,Jatin Mehra_666,2024-05-31 08:14:07.253000,0.86798
12188843,chongbo huang,2024-05-31 14:59:20.303000,0.86798
12081186,Evan Russel,2024-05-28 04:49:09.093000,0.86798
12056210,Kannan,2024-05-06 14:04:51.823000,0.86797
12106733,AM,2024-05-17 10:53:57.716000,0.86796
12049649,Victor S,2024-05-16 00:00:16.403000,0.86796
12045232,Alexlern,2024-05-15 18:19:05.700000,0.86795
12044545,Marius B,2024-05-31 21:11:48.536000,0.86795
12091271,Anant Bansal,2024-05-18 14:43:07.260000,0.86795
12094121,MonoTough,2024-05-31 15:16:33.590000,0.86795
12086156,Muhammad Shoaib Shafique,2024-05-29 12:05:46.860000,0.86795
12057994,DeVe,2024-05-27 08:47:48.900000,0.86792
12048937,WaghAditya,2024-05-26 12:08:05.906000,0.86792
12044261,Stochoshi G,2024-05-01 23:56:30.640000,0.86791
12047644,Salvatore Latora,2024-05-24 23:16:49.273000,0.86791
12092209,Balaj Khalid,2024-05-11 04:14:08.166000,0.8679
12044831,Little Red Hood and Big Bear,2024-05-01 23:35:24.943000,0.86789
12060184,Thierry Neusius,2024-05-31 06:33:13.290000,0.86789
12147648,dshs40thloki,2024-05-31 14:41:36.153000,0.86788
12046467,kalpana Garige,2024-05-12 07:49:52.486000,0.86787
12044891,tommy millie,2024-05-30 22:51:29.356000,0.86786
12047160,[Deleted] e7494f07-f798-4ec1-8e38-2127ef337a6b,2024-05-01 23:30:51.666000,0.86785
12050382,zhuoqunli,2024-05-02 09:49:03.036000,0.86783
12045051,Human Learning,2024-05-01 23:24:08.780000,0.86783
12063419,jaimepvg,2024-05-15 00:23:33.833000,0.86782
12166967,programing programing,2024-05-31 20:03:14.290000,0.86782
12057111,Nikita Zaglumonin,2024-05-06 17:31:43.656000,0.86781
12051726,Alex Ho,2024-05-31 13:11:06.283000,0.8678
12045697,Kirderf,2024-05-01 23:46:12.016000,0.8678
12048343,kevin akbari,2024-05-30 18:01:53.896000,0.86778
12046862,socrates-ml,2024-05-01 20:02:07.696000,0.86777
12044851,Auto-Mates,2024-05-02 17:18:58.313000,0.86776
12048471,Rostislav Korol,2024-05-06 17:52:19.116000,0.86776
12044782,[Deleted] 4517c67f-e5ac-41d8-947b-46054d6dec08,2024-05-11 13:08:28.300000,0.86775
12169074,choahyeonn,2024-05-31 20:23:16.886000,0.86774
12175343,nicksumin,2024-05-28 14:25:58.853000,0.86774
12106805,Muhammad Usman,2024-05-27 03:43:31.560000,0.86774
12044287,Wooster,2024-05-01 17:53:20.426000,0.86773
12044309,Team AutoML bigcat,2024-05-01 23:53:49.363000,0.86773
12130165,seungha son,2024-05-26 15:06:14.433000,0.86773
12044290,Jeremy H,2024-05-18 23:14:32.980000,0.86772
12073770,JaredYe233,2024-05-13 02:36:01.826000,0.86771
12096454,Adetoyeshe Arigbabuwo,2024-05-21 14:24:50.696000,0.8677
12047681,Steve Steinacker,2024-05-31 23:18:37.433000,0.86768
12044332,ST,2024-05-01 23:57:42.396000,0.86767
12151844,Prayan,2024-05-31 06:32:00.986000,0.86767
12134795,mb,2024-05-27 07:23:05.180000,0.86766
12169402,Dung Dinh,2024-05-29 08:31:12.426000,0.86764
12044268,Team AGA 🤖,2024-05-31 16:17:24.700000,0.86764
12097895,Ahmed Khafaga 94,2024-05-14 14:29:21.913000,0.86762
12104021,Ankit Varshney,2024-05-14 17:52:59.453000,0.8676
12044428,chumajin,2024-05-01 23:52:09.896000,0.8676
12045378,Vlada,2024-05-31 14:11:55.023000,0.86758
12045369,Chris X,2024-05-08 05:29:23.173000,0.86757
12060500,Vsevolod Rakita,2024-05-20 17:28:12.340000,0.86756
12045063,ZEPHYR,2024-05-02 00:01:22.866000,0.86756
12058695,Imokutmfon-abasi Udoh,2024-05-31 15:38:39.363000,0.86755
12150065,hshyeon3,2024-05-31 23:40:48.363000,0.86755
12045748,ujunwafatima,2024-05-02 04:19:40.563000,0.86753
12080148,Zhiheng Xu,2024-05-14 10:25:40.193000,0.86751
12179024,leminhdat,2024-05-31 11:02:07.846000,0.86747
12071243,Quam Bello,2024-05-31 22:15:09.770000,0.86746
12052743,yann,2024-05-25 14:49:16.733000,0.86746
12161405,Hongssi40,2024-05-31 23:52:24.843000,0.86744
12050059,Barbagrande007,2024-05-09 00:35:08.723000,0.86744
12180733,Pradhap Ajay,2024-05-31 17:13:20.753000,0.86744
12072767,Furkan Küpçü,2024-05-10 00:10:56.856000,0.86741
12108259,SLENSER,2024-05-14 14:38:53.996000,0.8674
12047279,Bernard,2024-05-30 21:20:18.970000,0.86738
12044426,CipherMind,2024-05-01 22:59:38.760000,0.86738
12079458,yuki matsumori,2024-05-08 23:02:28.400000,0.86737
12083560,ikun_42,2024-05-25 14:07:57.386000,0.86735
12065882,JustNik77,2024-05-26 17:35:41.416000,0.86734
12083123,Kate Remie,2024-05-24 22:17:22.710000,0.86733
12066272,zhizuo5,2024-05-11 08:51:10.060000,0.86733
12119831,Naveensurya_is_back,2024-05-31 16:52:14.313000,0.8673
12130783,Endrit Mustafa,2024-05-28 14:39:24.560000,0.8673
12047455,HeartOfEurope,2024-05-01 20:19:36.090000,0.86726
12083215,alperiox,2024-05-11 10:58:34.516000,0.86726
12074764,Latent,2024-05-25 07:10:24.016000,0.86725
12109234,Chengyuming,2024-05-14 13:44:50.240000,0.86725
12058651,Zhang Zhou,2024-05-23 13:26:26.543000,0.86724
12044314,HIDEYO CHIBA,2024-05-20 10:44:12.120000,0.86724
12185494,Hihiadsf,2024-05-30 14:11:20.330000,0.86721
12053066,Oleh Kondratenko,2024-05-03 10:57:50.443000,0.86721
12083689,Justin Cavanaugh,2024-05-14 13:30:26.896000,0.8672
12047877,yosra,2024-05-02 00:15:47.426000,0.8672
12137708,duweiduwei,2024-05-31 14:25:42.506000,0.86717
12064371,Kameji,2024-05-22 08:24:40.353000,0.86715
12044273,Devin,2024-05-01 21:12:13.580000,0.86715
12054791,NachoMobile,2024-05-30 00:59:36.480000,0.86715
12057627,Jake Still,2024-05-10 18:55:57.606000,0.86714
12169045,Lacimsal,2024-05-31 19:06:20.230000,0.86714
12072203,rahaia,2024-05-08 12:19:42.366000,0.86713
12044431,Team Turquoise,2024-05-01 23:10:24.203000,0.86713
12114020,Daksh Varshney,2024-05-15 11:35:49.336000,0.86712
12098284,Marco Ramsis,2024-05-14 11:19:37.680000,0.86712
12047363,Vasudev Srivastava,2024-05-28 20:14:08.073000,0.86712
12089473,jerperez42,2024-05-31 19:49:10.230000,0.86711
12148513,DHRUV D12,2024-05-28 18:46:24.500000,0.86711
12045871,Daria Remizova,2024-05-31 21:42:35.066000,0.86711
12045728,mipypf,2024-05-01 23:20:02.543000,0.86711
12044464,Alpha-AutoML Racing Team,2024-05-02 01:09:32.546000,0.8671
12045603,andreajasmin1,2024-05-02 00:01:47.446000,0.86709
12078227,BigTom,2024-05-21 01:48:29.550000,0.86709
12184538,ben070306,2024-05-31 16:00:31.540000,0.86709
12046775,Aaradhya Badal,2024-05-28 18:03:28.176000,0.86709
12044313,Bobo Jamson,2024-05-31 22:47:58.003000,0.86708
12047254,kotakota1234,2024-05-12 03:38:03.986000,0.86708
12074965,junki koie,2024-05-26 20:02:43.330000,0.86708
12048522,Adrien Riaux,2024-05-30 12:43:59.176000,0.86708
12063442,David Grenz,2024-05-14 12:34:22.890000,0.86707
12086943,Angel Lacson,2024-05-15 01:39:18.343000,0.86706
12166262,kenetic,2024-05-29 10:30:12.613000,0.86703
12047528,turipy,2024-05-01 17:06:48.500000,0.86703
12160209,Janak Rathod,2024-05-27 19:05:18.793000,0.86703
12049606,Reading Hui,2024-05-24 00:49:36.236000,0.86701
12078463,yunsuxiaozi,2024-05-09 09:23:46.776000,0.86701
12045043,Data hackers,2024-05-07 08:50:38.076000,0.867
12071583,Alfe Suny,2024-05-07 20:50:27.663000,0.867
12060643,Nostradamus,2024-05-23 10:32:25.356000,0.86699
12186973,kevakba,2024-05-30 21:39:32.130000,0.86698
12161882,k1t._.k1t,2024-05-25 20:46:48.223000,0.86698
12044705,rajo,2024-05-02 08:58:38.766000,0.86697
12164305,HijikiML,2024-05-29 14:08:52.133000,0.86696
12045860,Dessat,2024-05-03 19:24:44.293000,0.86696
12049167,AndreasN,2024-05-01 22:53:04.763000,0.86695
12143956,Gallo,2024-05-31 02:13:55.133000,0.86694
12076606,Anna Balatska,2024-05-24 14:44:54.590000,0.86694
12056852,dalatar,2024-05-06 08:00:39.823000,0.86692
12082029,Mark Shipman,2024-05-16 21:45:40.913000,0.86691
12102832,keiji muramatsu,2024-05-31 13:31:14.030000,0.8669
12055184,Jasmine Raihana,2024-05-30 10:17:40.653000,0.8669
12049629,hinos,2024-05-31 07:29:27.400000,0.86688
12085592,Sarvesh Babu 1819,2024-05-26 05:06:58.216000,0.86688
12052691,Max Tiandi,2024-05-10 14:17:22.456000,0.86686
12131489,PACESETTER55,2024-05-28 10:43:04.293000,0.86686
12081520,[Deleted] cb4e28d8-8f7e-4db8-85be-2c9ba1563c72,2024-05-11 10:53:52.043000,0.86686
12077306,KuriyamaShiro,2024-05-08 08:48:01.996000,0.86684
12078403,Smruti ,2024-05-22 04:02:06.786000,0.86684
12092492,Sidcodegg,2024-05-28 05:02:33.346000,0.86684
12047295,Bateman,2024-05-09 15:18:51.440000,0.86683
12100647,Bennett Van Soelen,2024-05-29 00:33:05.856000,0.86679
12065754,gizmrkv,2024-05-20 12:32:04.123000,0.86678
12050803,Mohitraj Rathor,2024-05-31 17:52:15.416000,0.86678
12185923,Subhrayan Samajdar,2024-05-31 19:41:11.170000,0.86678
12165951,Rish Ratnalingam,2024-05-29 10:28:58.870000,0.86677
12080026,kitayama,2024-05-30 17:43:17.533000,0.86676
12108550,PiroPiro,2024-05-26 00:31:17.456000,0.86676
12086218,skt-paul,2024-05-12 05:19:29.076000,0.86675
12109417,DanBS,2024-05-24 14:12:23.560000,0.86675
12083522,tarorin,2024-05-22 05:27:18.226000,0.86674
12152619,AP\,2024-05-30 19:36:42.350000,0.86674
12123916,Pim van Berlo,2024-05-22 14:04:49.313000,0.86673
12080844,Vinay Cheripally,2024-05-14 10:04:52.223000,0.86673
12148890,Aymen Fkir,2024-05-25 11:49:29.476000,0.86673
12048833,Filippo Doldi,2024-05-04 14:13:09.483000,0.86673
12082354,Victor_wagoo,2024-05-19 20:47:24.746000,0.8667
12055050,sebastian.sarasti,2024-05-18 22:05:59.440000,0.86669
12044337,Sergiy Gavrylov,2024-05-20 10:03:27.773000,0.86668
12105793,Edria Li,2024-05-21 22:03:59.313000,0.86667
12052873,shunta yamazaki,2024-05-29 03:40:36.173000,0.86667
12119448,PantecheLearning2023,2024-05-16 11:43:16.743000,0.86667
12090160,Maurassien,2024-05-27 21:36:06.450000,0.86666
12044329,Eric Mundt,2024-05-13 06:39:51.476000,0.86665
12054988,Li Yang,2024-05-09 23:18:01.400000,0.86665
12045662,k8tems,2024-05-16 00:56:05.586000,0.86663
12105782,Gabriel Oliveira011,2024-05-17 16:55:39.013000,0.86663
12046233,waee,2024-05-01 21:39:06.096000,0.86663
12044789,MLJAR,2024-05-01 21:34:02.426000,0.86662
12046375,k44L,2024-05-12 11:56:32.003000,0.8666
12047792,Saraah 12,2024-05-02 00:14:13.393000,0.86659
12058221,Denis Rukavishnikov,2024-05-03 20:18:35.800000,0.86656
12058215,ShivaniA,2024-05-04 17:47:26.006000,0.86655
12103377,[Deleted] 27e00f35-eb30-44f1-a2e4-6ba2f8b9b0a4,2024-05-17 15:22:09.516000,0.86652
12123005,zhangyanming15,2024-05-18 01:53:56.190000,0.86652
12178999,Tuan Kiet (K17 HCM),2024-05-31 08:28:39.083000,0.86651
12050491,[Deleted] 71625183-0230-4732-9709-7e6494f04548,2024-05-22 21:11:15.666000,0.86647
12052132,Habilamar,2024-05-23 00:41:03.516000,0.86644
12151639,bayraktarahmet,2024-05-23 10:09:45.666000,0.86644
12046980,obzen,2024-05-21 11:25:36.056000,0.86643
12047437,Magdi El-Sharkawy,2024-05-31 20:46:18.903000,0.86642
12093516,A.Rahul,2024-05-31 17:20:54.966000,0.86635
12047165,Neel Gangrade,2024-05-01 18:04:47.100000,0.86628
12081172,Abhijit89Kumar,2024-05-27 07:40:42.073000,0.86625
12089195,Sougato B.,2024-05-31 23:16:47.443000,0.86624
12045555,Alberto,2024-05-31 15:38:00.183000,0.86622
12192419,kevitatio,2024-05-31 23:43:08.856000,0.86622
12055553,Hs1534,2024-05-30 09:38:37.800000,0.86621
12120022,Albert Gugescu,2024-05-31 20:03:53.730000,0.8662
12189347,RHANDY MARTINEZ,2024-05-31 23:07:51.146000,0.86618
12136362,samyar daghighi rad,2024-05-21 08:07:05.850000,0.86618
12106421,Jason Nguyen,2024-05-15 01:07:02.806000,0.86612
12071129,yu lin5567,2024-05-27 06:20:19.456000,0.86609
12046468,kmljts,2024-05-23 18:36:27.756000,0.86606
12062229,Adrian Alo,2024-05-27 20:54:29.230000,0.86601
12090818,Can Karacelebi,2024-05-13 23:14:09.946000,0.86597
12045030,Aniket Sharma,2024-05-01 22:45:33.113000,0.86596
12074431,Giorgio Micaletto,2024-05-21 05:11:16.400000,0.86596
12060627,Nicholas Horsford,2024-05-25 10:46:52.316000,0.86585
12120308,Giordan Pretelin,2024-05-23 13:42:19.293000,0.86584
12045001,Christopher Brown,2024-05-10 00:16:35.910000,0.86582
12046105,smrutiranjan samal,2024-05-12 08:47:41.973000,0.8658
12071695,fernando garcia,2024-05-07 21:48:59.563000,0.86579
12065138,YeyPiz,2024-05-05 13:28:04.556000,0.86578
12144178,avedei123,2024-05-31 09:20:42.083000,0.86578
12100531,Ivalbert,2024-05-30 00:29:33.443000,0.86573
12065617,CodeCodeNeed,2024-05-10 14:54:29.613000,0.86572
12060393,rahul yadav,2024-05-28 10:35:00.366000,0.86566
12053467,Santanu Kundu,2024-05-11 23:01:02.313000,0.86562
12044475,Atharva Date,2024-05-04 15:58:25.263000,0.86562
12045020,rmehedi,2024-05-14 03:59:15.133000,0.8656
12059386,TdeW,2024-05-28 09:15:01.840000,0.86557
12077724,Luan Maieski,2024-05-22 16:54:39.716000,0.86553
12082551,Ricardo Semerene,2024-05-24 19:39:16.393000,0.86553
12044518,ChrisK321,2024-05-14 17:38:23.536000,0.86552
12068921,Omar Refaie,2024-05-26 00:13:57.106000,0.86551
12166333,jwplanet,2024-05-31 21:31:38.220000,0.8655
12059090,[Deleted] 3557c464-40bc-4a7c-bfd6-cf6509676484,2024-05-31 13:46:26.723000,0.86549
12051466,Pete Cooper,2024-05-02 12:13:04.193000,0.86547
12136823,bkanupam,2024-05-31 15:48:47.423000,0.86544
12129508,Дмитрий Трубицин,2024-05-25 07:46:43.996000,0.86541
12050071,Vinoth Pandian,2024-05-07 23:38:49.776000,0.86538
12048677,David Hammond,2024-05-14 18:55:59.076000,0.86537
12081805,Anubhav Tyagi1212,2024-05-26 07:23:57.436000,0.86535
12117050,NEXTOR,2024-05-23 13:26:08.683000,0.86534
12053232,MSAADI ABDELLAH,2024-05-30 03:51:33.293000,0.86531
12093324,data_xaras,2024-05-15 21:53:34.890000,0.86531
12050646,Arjun V,2024-05-27 10:11:55.806000,0.86531
12112188,TAY QI YING,2024-05-31 16:27:36.153000,0.86531
12139365,mickley,2024-05-22 15:49:50.260000,0.8653
12044876,Robert Patchin,2024-05-31 23:56:57.386000,0.8653
12082751,xy,2024-05-09 08:58:28.583000,0.8653
12046152,Zidan Qurosey Sabilla,2024-05-10 13:31:08.223000,0.86529
12160503,Nima Hojat,2024-05-25 00:42:21.303000,0.86525
12124257,Raghav Sharma,2024-05-21 14:11:12.880000,0.86524
12107643,impaddi,2024-05-31 09:44:18.243000,0.86522
12139448,Megha Trivedi,2024-05-25 07:57:28.023000,0.8652
12134898,mussi,2024-05-24 09:02:24.280000,0.86516
12051875,Shubham Shaha 07,2024-05-12 10:18:07.026000,0.86513
12109855,ismail alshofi,2024-05-15 10:13:10.810000,0.86511
12050793,stepan kutkin,2024-05-19 16:48:34.720000,0.86511
12070083,Pranav M Gaddi,2024-05-06 11:16:48.133000,0.8651
12069957,riyawagh1894,2024-05-06 11:23:49.440000,0.8651
12051856,Amkaggel,2024-05-12 10:16:54.710000,0.8651
12104542,HereMZG,2024-05-16 16:29:38.946000,0.86509
12051857,Pratiksha Chavan,2024-05-12 10:27:55.853000,0.86509
12102672,Vadim Akhtyamov,2024-05-29 05:57:15.203000,0.86504
12109397,[Deleted] cbec3c20-6299-4dfc-a3e2-f850a5816b33,2024-05-14 16:54:02.073000,0.86499
12051865,Sagar_Raut0418,2024-05-06 11:08:22.260000,0.86497
12163484,[Deleted] 4d157157-7149-468a-b9a3-a8a01a589046,2024-05-25 17:20:55.326000,0.86497
12051931,pgdai13,2024-05-12 10:36:18.266000,0.86496
12060222,CDAC2036,2024-05-14 03:58:10.693000,0.86496
12099084,jvt3112,2024-05-12 14:44:28.856000,0.86489
12051851,Kunal Manasi,2024-05-12 11:25:47.663000,0.86489
12051859,Kunal Kunal Yogesh,2024-05-06 11:08:27.580000,0.86489
12091546,Mohit-5-5,2024-05-16 21:50:47.736000,0.86488
12157251,vinay,2024-05-26 10:01:44.336000,0.86487
12061116,whxni509,2024-05-17 16:12:25.433000,0.86486
12070100,Ayush Swami,2024-05-06 11:18:05.833000,0.86485
12082036,Saber Ghaderi,2024-05-09 16:26:30.540000,0.86483
12046337,Zhengyao Jiang,2024-05-01 22:42:18.153000,0.86482
12048330,Weco AI,2024-05-01 23:45:35.406000,0.86482
12044269,Jimmy Ng,2024-05-01 15:53:58.906000,0.86482
12084867,ideny42,2024-05-30 11:46:48.243000,0.86481
12044270,PanyiDong,2024-05-01 18:40:24.350000,0.86476
12050308,iamabhaytiwari,2024-05-30 08:14:33.956000,0.86475
12161446,Aayush Kulkarni 2003,2024-05-31 11:46:50.256000,0.86473
12171330,Huseyin Battal,2024-05-31 19:38:57.826000,0.86472
12049055,Chris Muenzer,2024-05-13 18:10:06.666000,0.8647
12114675,[Deleted] 4554d2f4-8e8b-45fe-a2eb-55c8a7230267,2024-05-24 13:45:20.230000,0.86463
12150930,Kaushal Shelke,2024-05-29 06:50:58.773000,0.8646
12051863,anujsingh256,2024-05-12 10:19:40.233000,0.86458
12113155,SHUVENDU PRITAM DAS,2024-05-23 12:29:32.060000,0.86457
12044621,JEFFREYYAN03,2024-05-01 02:07:15.713000,0.86457
12059786,Adeniyi Babalola,2024-05-07 19:15:00.130000,0.86455
12155621,Krupal Shah,2024-05-28 03:37:47.323000,0.86453
12049572,stpete_ishii,2024-05-08 13:11:27.466000,0.86452
12095697,Vivek Shah,2024-05-11 17:14:39.223000,0.86451
12148489,Frederic Nicholson,2024-05-31 23:56:57.713000,0.86451
12070109,shrinivas jawade,2024-05-06 11:16:53.306000,0.8645
12051866,jawade Shrinivas,2024-05-06 10:40:21.900000,0.86448
12060834,KLYUSHNIK-Alexsandr,2024-05-31 15:31:34.393000,0.86445
12119461,Qamar math,2024-05-30 21:41:06.986000,0.86443
12051056,Kaiyue Cheng,2024-05-04 06:51:28.220000,0.86442
12095000,Eshan Inamdar,2024-05-16 14:16:06.760000,0.86436
12048071,Arman Zhalgasbayev,2024-05-30 18:45:20.443000,0.86432
12152091,Nilesh Tarte,2024-05-30 19:14:44.700000,0.86432
12146586,dshs40th94,2024-05-22 11:10:37.666000,0.86429
12072736,Luis Angel Lopez Atencio,2024-05-17 02:24:26.786000,0.86424
12096374,Дмитрий,2024-05-31 21:03:12.470000,0.86423
12048612,AK47,2024-05-05 02:18:48.893000,0.86423
12057481,koviroli96,2024-05-31 10:15:21.553000,0.86419
12191324,chochojh157,2024-05-31 19:09:00.206000,0.86417
12178856,Ekin Senler,2024-05-31 19:17:23.990000,0.86413
12146007,DeepaliSabnis,2024-05-30 11:27:52.646000,0.8641
12102710,Yibaohong,2024-05-28 07:35:49.663000,0.86409
12085189,SATARUPA DEB,2024-05-31 07:09:35.626000,0.86408
12114927,Arun_998_01,2024-05-21 08:57:05.646000,0.86404
12044267,Alexander Kapturov,2024-05-23 15:01:11.510000,0.86403
12052429,fajemisin adeniyi,2024-05-15 19:22:46.860000,0.86399
12045135,werger,2024-05-09 07:52:53.373000,0.86399
12047395,Samuel Situmeang,2024-05-31 14:31:24.350000,0.86398
12052585,imziang,2024-05-02 15:57:41.643000,0.86397
12148271,goojaheon,2024-05-30 15:13:27.693000,0.86395
12070198,SiSePuede,2024-05-08 23:20:29.970000,0.86392
12046370,Hordur Johannsson,2024-05-01 23:50:12.736000,0.86392
12142671,SihanChen,2024-05-23 01:55:03.503000,0.86386
12053076,Hammad Khan29,2024-05-12 13:13:24.616000,0.86385
12116509,BURAK TURGUT,2024-05-20 13:07:19.903000,0.86382
12120880,Alexander Skawran,2024-05-31 17:14:55.753000,0.8638
12044897,Kapil Sharma,2024-05-29 21:43:25.083000,0.86377
12077991,Rohit Bose,2024-05-10 01:14:28.543000,0.86377
12087184,Vayansh Garg,2024-05-25 15:16:58.090000,0.86375
12054306,Marcelo Delgado,2024-05-22 12:28:11.626000,0.86374
12091479,Muhammad Qasim Shabbir,2024-05-31 23:37:41.710000,0.86372
12044498,Suraj Yerramilli,2024-05-07 04:56:26.183000,0.86371
12048799,Cian Thomas Stanton,2024-05-03 19:17:24.703000,0.8637
12045389,Antonio Trias,2024-05-18 06:26:56.330000,0.86369
12109859,Niraj Gadhe,2024-05-30 16:25:10.183000,0.86368
12112428,[Deleted] 99f442a8-c6f1-4867-af02-4603a7278d62,2024-05-31 09:06:22.120000,0.86367
12170586,ParapetPetrov,2024-05-31 15:00:16.493000,0.86363
12153619,koojaheon,2024-05-25 05:50:38.453000,0.86363
12086503,Aditya Singh,2024-05-13 21:46:26.240000,0.86349
12049689,Dharun Suryaa,2024-05-17 20:24:53.086000,0.86343
12061246,Alexander Koch,2024-05-05 01:36:20.636000,0.86342
12152979,Dhananjay Brahme,2024-05-31 16:27:22.340000,0.86339
12147479,Qiiiiiii7,2024-05-23 06:31:23.513000,0.86337
12094256,Ashwani Kushwaha,2024-05-20 02:03:45.156000,0.86336
12044914,BRYAM BLAS RIMAC,2024-05-06 16:10:29.683000,0.86334
12114236,Ignacio Bosquet,2024-05-16 06:39:37.623000,0.86332
12159993,Mevlüt Başaran,2024-05-25 23:00:02.130000,0.86328
12186369,RodO,2024-05-31 19:12:44.086000,0.86328
12059094,Fernando Carrera,2024-05-06 22:37:08.906000,0.86327
12055868,Gleb Pimenov,2024-05-04 12:33:32.820000,0.86324
12048136,Cristhian Ccala H.,2024-05-30 21:50:50.816000,0.86322
12168190,kartikey bartwal,2024-05-29 09:37:19.826000,0.8632
12049560,goojung,2024-05-07 16:52:20.570000,0.86319
12092441,Jeffrey Preston,2024-05-15 01:41:34.136000,0.86319
12049472,Artur Pedro Martins Neto,2024-05-07 14:25:00.286000,0.86318
12044569,Fedi Lansari,2024-05-10 00:42:33.436000,0.86315
12053619,Ayush Kumar,2024-05-31 08:29:25.986000,0.86312
12047551,Alexey Kudelckin,2024-05-03 21:06:39.033000,0.86306
12134957,notadreamboat,2024-05-26 12:07:11.923000,0.86306
12086648,FREDY AKTOSA,2024-05-11 18:28:03.003000,0.86305
12046978,Dominik,2024-05-01 16:28:58.106000,0.86301
12106534,Trevor Glenn,2024-05-18 02:30:56.233000,0.86296
12159099,Jan Hesse,2024-05-31 13:16:00.740000,0.86295
12177696,ARNAV PANDEY,2024-05-30 20:08:18.500000,0.86295
12106901,MJ Santos,2024-05-16 10:04:40.403000,0.86291
12089978,Matej Havelka,2024-05-12 09:06:30.110000,0.86291
12170062,chojh157,2024-05-31 18:39:49.623000,0.86291
12044585,Sadman Sakib Rafi,2024-05-07 00:05:37.540000,0.8629
12157861,zhangkangjie,2024-05-29 10:05:35.316000,0.86287
12129158,Leglone De Anderson,2024-05-27 06:54:55.783000,0.86284
12057013,Ivan Plotnikov,2024-05-30 13:29:52.046000,0.86281
12044283,Kenji0221,2024-05-01 06:32:07.240000,0.8627
12048050,Shubham Rawat,2024-05-01 18:37:30,0.86264
12074058,Rohit Shahukaru,2024-05-11 10:00:12.133000,0.86264
12140482,ben2503,2024-05-31 13:23:44.103000,0.86262
12082399,Tanbeer Jubaer,2024-05-09 15:39:27.180000,0.86256
12081354,kıvanç,2024-05-16 14:36:05.656000,0.86254
12095139,Sven,2024-05-11 23:14:30.683000,0.86251
12044969,lulala,2024-05-02 01:54:17.153000,0.8625
12049654,krishnapriya vijayan,2024-05-02 08:03:42.973000,0.86245
12065311,Abinanthan K,2024-05-17 08:49:28.003000,0.86243
12157691,Ishan Chugh,2024-05-26 17:19:02.780000,0.86238
12083319,GGMU,2024-05-10 07:50:13.856000,0.86234
12190085,[Deleted] 5072f20d-3118-4f60-b15f-8cc397387055,2024-05-31 17:34:23.526000,0.86233
12134725,Nastaran,2024-05-20 18:32:51.396000,0.86233
12096358,Yasir Mehmood2,2024-05-30 03:28:43.620000,0.86219
12132811,Darryl,2024-05-25 11:47:43.240000,0.86214
12050265,JJWL,2024-05-23 00:47:46.653000,0.8621
12120000,siva karthik,2024-05-16 17:55:16.860000,0.86207
12044761,Kappro,2024-05-04 09:01:51.773000,0.86206
12124264,Sheepli,2024-05-30 11:34:55.430000,0.86205
12159313,Daniel12341,2024-05-27 18:29:27.773000,0.86203
12164449,Pranavdhar N,2024-05-31 04:18:22.690000,0.86202
12061123,Abdulrahman Alhomse,2024-05-15 16:17:14.243000,0.86201
12113141,Mansib Uddin,2024-05-30 01:41:40.160000,0.86198
12074892,Emil Pitsov,2024-05-10 08:30:58.063000,0.86198
12091152,Choi si young,2024-05-18 05:42:15.250000,0.86196
12047004,Robert332,2024-05-14 18:05:05.230000,0.86189
12166029,pranjal,2024-05-31 08:33:28.340000,0.86188
12057723,Joseph Margaryan,2024-05-10 21:53:21.716000,0.86184
12099603,Rakinaljubair,2024-05-22 06:36:27.893000,0.86184
12112822,ThaiKhoi,2024-05-15 07:11:54.160000,0.86184
12128336,ddddduanduan,2024-05-19 12:30:18.420000,0.86181
12127835,Mohammad Sakka,2024-05-29 22:09:08.213000,0.86179
12179392,sinju5518,2024-05-31 13:27:20.940000,0.86179
12048098,Pairavi,2024-05-20 11:05:11.883000,0.86178
12048095,Nghi Huynh,2024-05-01 20:59:35.300000,0.86177
12048628,Ting-Hung Tsai,2024-05-06 19:26:15,0.86174
12109571,SHRAMANRT,2024-05-15 16:13:47.526000,0.86171
12077464,Apichai.S,2024-05-08 03:41:53.166000,0.8617
12068879,silt_goose,2024-05-10 07:19:26.293000,0.8617
12049580,Jacob Gunn,2024-05-14 20:16:52.720000,0.86166
12046247,Jacob Millet,2024-05-06 11:16:54.950000,0.86165
12088526,mingungun,2024-05-31 16:43:08.196000,0.86164
12046156,Vaibhav Bisht,2024-05-10 19:20:31.613000,0.86164
12044407,ryo,2024-05-01 23:32:42.493000,0.86163
12063133,Kirilll Halo,2024-05-29 17:34:18.730000,0.86162
12071248,Durga Prasad Poka,2024-05-10 01:07:38.330000,0.86161
12047844,HollyHubb,2024-05-13 03:47:51.913000,0.86161
12188035,Average Villager,2024-05-31 07:47:14,0.86159
12059682,WilEth,2024-05-18 23:49:36.010000,0.86159
12137618,Viral Biyawala,2024-05-26 11:55:22.493000,0.86158
12104545,Hannes Sandberg_sa,2024-05-15 11:26:23.750000,0.86157
12189144,Chirag Agrawal,2024-05-31 11:15:34.110000,0.86157
12174587,ZeHong Ren,2024-05-31 10:41:32.723000,0.86151
12186073,Knickjac,2024-05-30 19:32:14.410000,0.8615
12086042,Carl Haines,2024-05-21 08:32:10.296000,0.86149
12094284,harsh20562,2024-05-16 06:37:07.823000,0.86143
12188426,Jangorithm,2024-05-31 22:49:28.103000,0.86141
12127082,Sean Hannon,2024-05-31 15:21:32.383000,0.86131
12046600,Samyak jain,2024-05-02 20:49:33.026000,0.8613
12106129,T Tsurumi,2024-05-17 21:56:47.550000,0.86127
12096345,Nicolas,2024-05-22 09:32:58.743000,0.86127
12055976,Pawin Chan,2024-05-29 23:51:01.283000,0.86124
12146174,TarinPairor,2024-05-27 08:09:32.100000,0.86121
12072867,keshikk,2024-05-19 12:14:56.116000,0.86118
12049401,Marcell,2024-05-02 09:06:46.676000,0.86115
12148598,Gavin Rodriguez,2024-05-23 03:20:23.566000,0.86115
12051457,Manul Das,2024-05-03 11:00:59.800000,0.86113
12095093,艾克热木乃比江,2024-05-31 09:31:27.830000,0.86109
12098531,Adarsh Ghimire203,2024-05-26 08:15:29.330000,0.86109
12092592,Ivan Analyst,2024-05-11 08:46:07.230000,0.86109
12048352,TIRTH JOSHI,2024-05-09 14:45:08.443000,0.86107
12143820,Shariq Nadeem Malik,2024-05-29 14:48:11.340000,0.86106
12147621,Seong Minsik,2024-05-22 17:52:22.433000,0.86102
12121557,DmitriyLeb,2024-05-19 00:30:58.796000,0.86101
12099417,AndrewCaiJunKai,2024-05-31 14:33:44.926000,0.86099
12160398,Abhishek Sharma,2024-05-27 21:54:12.316000,0.86099
12150826,tabbyai,2024-05-26 05:54:51.606000,0.86099
12045198,Subhadip Baidya,2024-05-11 16:03:57.826000,0.86096
12044758,조세프,2024-05-01 19:25:40.456000,0.86093
12169250,Harish K,2024-05-30 09:12:18.136000,0.8609
12120426,Ren,2024-05-21 23:33:37.986000,0.86088
12182139,jpthecavy,2024-05-31 23:49:07.406000,0.86087
12177992,Priyam Saha,2024-05-31 07:55:08.013000,0.86084
12167463,Ali Alghaithi,2024-05-31 17:43:22.250000,0.86079
12173760,Crow Silver,2024-05-31 15:51:22.536000,0.86078
12144696,Electric Weasle,2024-05-21 19:43:44.863000,0.86077
12050410,iqbal2303,2024-05-02 15:47:35.533000,0.86077
12161602,감바스1,2024-05-31 00:04:42.726000,0.86075
12045016,John Elmer Loretizo,2024-05-04 16:16:36.140000,0.86066
12044439,prash4nt,2024-05-16 15:43:47.416000,0.86066
12132460,AVICENNA TIRTOSUHARTO,2024-05-20 15:28:22.486000,0.86061
12057212,Ilyas_Anas,2024-05-13 16:46:44.843000,0.86058
12129981,chenbp,2024-05-21 07:18:22.196000,0.86053
12045798,Dhruv Tibarewal,2024-05-03 14:41:57.160000,0.86053
12045395,blackout,2024-05-31 04:48:59.370000,0.86051
12101276,Durgesh Samariya,2024-05-21 05:16:28.616000,0.86051
12083916,liao guoying,2024-05-09 10:56:08.110000,0.86045
12063258,[Deleted] d0bc99f3-3141-4035-8bf5-1fc08e2464a6,2024-05-13 09:59:09.496000,0.86043
12120989,Ethan Vertal,2024-05-19 17:35:31.796000,0.86043
12059653,James & Maggie,2024-05-16 02:25:55.440000,0.86036
12171362,Mateus Lima,2024-05-28 12:20:03.396000,0.86034
12054130,NoudMM,2024-05-20 10:18:06.860000,0.8603
12112022,Sachchit Kunichetty,2024-05-24 18:46:27.126000,0.86029
12060669,Aditya Mangal,2024-05-08 07:35:56.463000,0.86028
12190982,sinju55182,2024-05-31 19:46:18.083000,0.86027
12052091,Mns_JbS,2024-05-02 11:36:36.150000,0.86026
12177863,[Deleted] cd44c572-d647-4496-8a9a-f9cd4596ecdd,2024-05-31 22:20:11.456000,0.8602
12044953,Kyla L,2024-05-17 21:56:56.106000,0.86019
12082430,Aman Vishnoi,2024-05-10 17:56:56.890000,0.86019
12140765,tomtuamnuq,2024-05-23 11:30:15.780000,0.86013
12181125,Pedro pedrito,2024-05-30 18:13:57.576000,0.86011
12059075,Daniel Popov,2024-05-20 07:20:43.333000,0.86011
12045418,Moritz,2024-05-03 07:30:15.473000,0.86009
12106630,홍수민_2020314333,2024-05-21 05:04:09.996000,0.86008
12050357,CoB12426,2024-05-08 05:22:41.670000,0.86008
12106927,김민석,2024-05-30 05:52:56.643000,0.86007
12090515,songjiale,2024-05-11 09:15:58.793000,0.86006
12113002,honeywell,2024-05-15 12:02:59.506000,0.86006
12087665,Daniel Bissell,2024-05-14 06:58:07.670000,0.86004
12047965,Richard Hong,2024-05-02 07:13:54.763000,0.85998
12052645,nbliang,2024-05-03 10:28:23.710000,0.85997
12168746,Chayan Roy,2024-05-31 17:14:42.543000,0.85995
12046735,Satej Raste,2024-05-01 13:33:22.290000,0.85993
12128482,Anadi Kulkarni,2024-05-20 08:01:43.963000,0.85992
12166665,Serge,2024-05-28 02:45:04.466000,0.85991
12163049,[Deleted] c0fd7e8e-8324-40bb-8104-06dfe7be4b4f,2024-05-28 13:02:39.533000,0.85985
12176392,Keras Chiu,2024-05-28 20:06:34.166000,0.85983
12141160,shantanugupta2004,2024-05-21 07:38:23.436000,0.85981
12116187,Stefano Pisano,2024-05-21 13:46:58.403000,0.8598
12056597,Vassilis,2024-05-14 10:58:06.040000,0.85977
12124408,Manish saini,2024-05-18 05:33:56.673000,0.85969
12107261,Abhishek Singh,2024-05-15 16:21:59.366000,0.85968
12046707,Lukman Bayonle Salami,2024-05-01 18:00:07.203000,0.85961
12099920,Jeren Chen,2024-05-12 21:12:26.770000,0.85958
12093145,Sankha Raj Mondal,2024-05-11 04:29:56.313000,0.85955
12051099,Md Saidur Rahman,2024-05-02 08:58:06.030000,0.85954
12045540,Priyanshu shukla,2024-05-02 10:58:19.106000,0.85951
12082239,[Deleted] 742f0b5e-aeb7-4670-a9bc-e15a41de5507,2024-05-11 05:00:18.430000,0.85949
12161702,Abhishek Maurya,2024-05-31 21:34:21.580000,0.85941
12096272,Max Popovych,2024-05-18 05:02:04.950000,0.85938
12141109,JieGeNB,2024-05-21 13:01:59.186000,0.85936
12044824,Thata 32,2024-05-01 09:56:05.630000,0.85934
12112032,FatRicePaddy,2024-05-21 06:40:17.796000,0.85925
12091712,Devansh Desai,2024-05-27 23:33:53.076000,0.85913
12090528,Masscoders,2024-05-18 04:23:47.033000,0.85908
12044342,Noorul Ameen,2024-05-04 17:56:56.783000,0.85903
12120351,Sabdhayini K B,2024-05-20 13:17:31.290000,0.85893
12072090,J Warrier,2024-05-07 18:43:15.763000,0.85888
12162013,yifanfengshun628,2024-05-28 04:54:00.143000,0.85887
12075394,Vitchakorn,2024-05-31 09:05:54.283000,0.85882
12064544,shudikaggle,2024-05-05 10:12:38.470000,0.85875
12071807,Kodwo Amissah 11,2024-05-22 22:16:42.133000,0.85874
12079232,Francesc Oliveras,2024-05-15 13:07:30.253000,0.85874
12174725,abraxas052519,2024-05-31 23:12:11.560000,0.85873
12085717,Pratik Abnave,2024-05-10 09:47:27.763000,0.85873
12046198,Stpifen凯,2024-05-09 17:26:14.363000,0.85872
12046470,Hojin DAN,2024-05-01 21:53:19.986000,0.85869
12117528,Mohammed AL-Hazza,2024-05-22 10:34:17.173000,0.85865
12107191,ZhijieHe2001,2024-05-15 00:57:38.883000,0.85861
12060316,SebastianZhu,2024-05-04 13:45:06.720000,0.85859
12075628,S.Aoki,2024-05-14 09:56:09.770000,0.85842
12100583,songjiajun,2024-05-30 00:06:06.660000,0.85834
12154228,def0017,2024-05-24 13:46:02.760000,0.85828
12093837,Error1420,2024-05-31 14:39:02.706000,0.85824
12046080,Sergey Polivin,2024-05-19 06:18:31.936000,0.85818
12178990,Huynh Nhut Huy (K18 HCM),2024-05-31 22:31:57.206000,0.85816
12164211,Hongryeol Gil,2024-05-31 10:00:16.346000,0.85814
12047264,Jayron Andrade,2024-05-01 19:03:02.660000,0.85813
12143091,bhaskar9221,2024-05-30 10:43:38.786000,0.85806
12070770,skjoldraudr,2024-05-06 19:55:16.033000,0.85805
12114049,Yilei Mei,2024-05-16 06:48:55.870000,0.85805
12150791,2412윤지운,2024-05-31 10:21:38.796000,0.85794
12062796,ButterChicken69,2024-05-05 12:16:33.923000,0.8579
12104408,yangyu,2024-05-18 19:57:34.923000,0.85784
12051148,Raydi Tran,2024-05-16 19:17:38.333000,0.85778
12158321,herczeggyrgy,2024-05-30 01:34:43.216000,0.85768
12058563,Prakash,2024-05-25 14:49:33.010000,0.85752
12108566,Elena Korol,2024-05-28 15:51:13.640000,0.85751
12100452,danttis,2024-05-13 00:06:24.996000,0.8573
12119564,sadbkx,2024-05-20 17:30:34.040000,0.85728
12161768,diyush_2003,2024-05-25 11:32:22.603000,0.8572
12163997,NOMENJANAHARY Tsitola,2024-05-25 23:43:30.266000,0.85718
12158561,David Chen,2024-05-27 11:37:53.870000,0.85718
12165666,Koei Obara,2024-05-30 06:09:18.416000,0.8571
12183296,Tabiano,2024-05-31 08:18:10.713000,0.85709
12180776,400120-ณัฐวีร์,2024-05-29 19:47:20.100000,0.85706
12066370,EI_KIM4230,2024-05-05 17:24:51.190000,0.85686
12054276,Uzair Shafique,2024-05-31 14:51:38.623000,0.85676
12170993,Yashesh Singh,2024-05-30 17:58:55.830000,0.85676
12045184,Aishwarya Sharma,2024-05-06 21:47:18.260000,0.85655
12048532,ValeryBonneau,2024-05-02 05:54:16.510000,0.8565
12049928,SonnieCodes,2024-05-14 13:53:26.986000,0.85648
12071206,ahmadreza “A.R.A.S”,2024-05-06 16:10:35.803000,0.85645
12044778,avbdt,2024-05-01 04:59:48.343000,0.85641
12125900,Patryk1313,2024-05-31 11:34:21.453000,0.85636
12077186,Hieu Le,2024-05-07 18:44:56.053000,0.85619
12169027,Dhinesh Babbu,2024-05-28 13:55:31.016000,0.85617
12051442,nabin.py,2024-05-20 11:09:15.673000,0.85608
12104975,Kaleab Asfaw Azezew,2024-05-13 23:38:16.663000,0.85606
12044838,Bryan Michael Fores,2024-05-11 04:53:18.576000,0.85595
12192425,gabiiiiiiiii,2024-05-31 23:50:02.876000,0.85576
12170179,Kaustubh Bhiwsankar,2024-05-27 12:50:38.566000,0.85571
12048907,Tomáš Pražák,2024-05-05 11:20:09.496000,0.85568
12045188,Bibek Bhusal,2024-05-03 11:58:36.110000,0.8556
12047904,Anuwaz,2024-05-05 19:41:11.486000,0.85544
12090443,AndyMark,2024-05-21 07:19:16.430000,0.85531
12049301,Nityam07,2024-05-02 00:08:34.613000,0.85527
12170684,Roland Jones,2024-05-27 17:23:41.300000,0.85525
12096663,Aaarti,2024-05-12 18:25:57.883000,0.85524
12171714,Benedetta Bertoli,2024-05-31 16:33:33.160000,0.85473
12070111,the_iturhs,2024-05-28 22:26:42.726000,0.85433
12124437,jahidul99,2024-05-18 11:50:37.276000,0.85418
12046173,Em,2024-05-31 21:29:39.910000,0.85415
12064805,Isa Zeynalov,2024-05-18 07:47:46.870000,0.85409
12129946,asudetanribuyurdu,2024-05-18 16:48:50.183000,0.85409
12132523,badalovi,2024-05-26 08:07:17.270000,0.85409
12114143,Phong Nguyễn Tuấn,2024-05-20 04:43:34.086000,0.85402
12133282,RonnyM,2024-05-19 14:32:06.766000,0.85387
12059700,Wes Medford,2024-05-20 04:10:13.353000,0.85382
12156943,A.vatsa,2024-05-31 06:57:09.523000,0.85364
12129859,Arjun1729,2024-05-19 10:56:26.820000,0.85356
12059244,thisdontmakenosense,2024-05-04 04:58:08.196000,0.85342
12101142,AllenReder,2024-05-14 11:11:11.173000,0.85335
12052948,Mahdi Faour,2024-05-03 18:51:07.430000,0.85333
12166887,J.I.M. Velez,2024-05-26 20:35:20.886000,0.8532
12055767,Nukman Hakim,2024-05-04 06:19:28.266000,0.85317
12088684,Seungmin Lee,2024-05-15 12:23:11.830000,0.85301
12048288,Proddy,2024-05-01 17:39:02.106000,0.85265
12153771,Jonas Kraasch,2024-05-23 20:51:28.530000,0.85263
12173003,Pavel Kravets,2024-05-31 04:25:50.620000,0.85234
12140279,erfan ehtesham,2024-05-22 00:20:50.520000,0.85234
12084512,Richardo Van,2024-05-12 13:21:28.150000,0.85226
12127732,linus riedl,2024-05-18 18:18:44.993000,0.85213
12058609,Davide Martinelli,2024-05-17 18:06:38.746000,0.85204
12092461,Ednax,2024-05-30 00:48:40.746000,0.85201
12048643,Mateo Contreras,2024-05-10 03:50:53.943000,0.85192
12064328,Disheng11 Li,2024-05-11 01:46:16.496000,0.85181
12044465,HydroCody,2024-05-25 21:52:50.390000,0.85163
12121355,Carolina Emanuele,2024-05-19 22:12:00.756000,0.85162
12060352,haseeb ahmad,2024-05-31 17:03:22.533000,0.85154
12093121,David sosa olea,2024-05-19 23:03:16.673000,0.8515
12046062,Dmitrii Sukhinin,2024-05-01 14:13:57.190000,0.85148
12175127,Gabriel Navarro,2024-05-31 22:47:57.020000,0.85146
12139885,Lucas Lazzari,2024-05-30 14:44:54.473000,0.85118
12048684,Rakib Sheikh,2024-05-31 23:51:54.220000,0.85112
12112977,cunjie he,2024-05-15 10:18:35.953000,0.85101
12050235,Jiya Lamba,2024-05-18 16:44:53.120000,0.85087
12066556,takanami,2024-05-29 14:37:05.813000,0.85084
12056688,gecchan,2024-05-04 11:44:16.230000,0.85075
12158184,arunsagotra,2024-05-30 04:55:33.366000,0.85072
12045228,ASK,2024-05-26 09:52:09.153000,0.8506
12178027,Sai Venkat (LatentView),2024-05-31 07:32:09.580000,0.85053
12144779,Tuwaiq Team (5),2024-05-28 10:01:37.636000,0.85052
12081542,Sergio Pedemonte,2024-05-31 18:01:39.840000,0.85038
12068822,Jerome Palayoor,2024-05-08 13:52:14.756000,0.85024
12045856,Milos Kotlar,2024-05-01 20:16:05.613000,0.85014
12153895,Kirill Polityko,2024-05-27 21:41:52.706000,0.85012
12137163,zzzzrn,2024-05-28 12:21:42.476000,0.8501
12145671,Nguyen Quoc Trang,2024-05-31 13:10:15.896000,0.84994
12093975,SyedWasiq,2024-05-13 07:44:00.993000,0.84994
12051427,Mike Perotti,2024-05-28 13:26:45.340000,0.84983
12165757,Dimitris Bouttner,2024-05-27 13:13:53.900000,0.84957
12116931,Mathbook,2024-05-18 11:17:56.353000,0.84934
12044591,Shruthi Chandrababu,2024-05-29 07:12:13.820000,0.84912
12119302,Mark Voskovich,2024-05-20 14:03:13.513000,0.84899
12114055,Troklo T,2024-05-30 16:00:32.233000,0.84896
12061906,Wenlei Cao,2024-05-19 17:48:51.806000,0.84895
12052322,Clara,2024-05-02 17:15:52.813000,0.84893
12081235,sharchit,2024-05-08 16:38:14.023000,0.84892
12047835,Zac Humphreys,2024-05-03 02:55:19.840000,0.8488
12057127,Conor War,2024-05-03 18:11:28.110000,0.84865
12069299,mohamed ikbal guetout,2024-05-27 23:04:25.153000,0.84863
12098637,Richard Hong #2,2024-05-21 15:17:01.916000,0.8486
12188755,Pretzels_KK,2024-05-31 14:43:35.370000,0.84857
12113418,Thomas Voss,2024-05-23 12:46:58.183000,0.84854
12064132,Shivam Singh,2024-05-09 07:44:34.343000,0.8485
12056013,Dhruvkumar Patel,2024-05-07 12:56:21.403000,0.8485
12181883,datawrongler,2024-05-31 19:44:23.556000,0.84845
12181954,[Deleted] a0220f4c-94ce-4607-954d-35cef30087cf,2024-05-30 22:54:59.320000,0.84845
12095114,Saurav Bisht,2024-05-11 14:25:59.980000,0.84843
12093065,misterR0b0t,2024-05-11 12:46:48.686000,0.8484
12108934,Virri Pranav .,2024-05-28 14:02:54.806000,0.8484
12085363,Sven Kaehler,2024-05-31 18:07:08.206000,0.84839
12053194,Nazim Cherpanov,2024-05-18 17:19:46.526000,0.84835
12057597,Joseph Muddle,2024-05-09 19:20:19.280000,0.84825
12131421,Kenias Nyandoro,2024-05-31 19:51:58.590000,0.84822
12129548,Rashid Siddiqui2004,2024-05-19 07:31:22.236000,0.84818
12144758,Mathias Rasmussen,2024-05-24 14:03:08.793000,0.84811
12045096,Michael Matteo,2024-05-04 02:54:11.693000,0.84807
12108689,Calvin Valencia,2024-05-14 14:42:06.386000,0.84801
12059895,vaibhav arora,2024-05-04 07:03:53.140000,0.848
12045332,Sohaib Moradi,2024-05-12 07:08:04.773000,0.84794
12048552,Rohit Choudhary,2024-05-05 18:57:09.210000,0.84789
12048360,Iqman Singh Bhatia,2024-05-05 18:16:21.896000,0.84786
12130864,MakarovOleg,2024-05-18 20:09:56.206000,0.84781
12045661,kabenur,2024-05-03 06:01:42.636000,0.8478
12048257,Jay Sabnis,2024-05-02 12:59:16.933000,0.8478
12081199,The Greek god in charge of machine learning,2024-05-16 03:04:36.720000,0.84779
12047238,Jay Jiao,2024-05-13 09:09:48.540000,0.84771
12047123,PeterGrundell,2024-05-01 20:26:24.490000,0.84763
12074927,Lin Jianhang,2024-05-24 01:57:31.983000,0.84742
12105783,kswallow,2024-05-19 14:12:45.190000,0.84737
12044488,bipsec22,2024-05-13 00:57:03.026000,0.84734
12086855,yusiokag,2024-05-09 20:26:18.756000,0.84733
12085852,Mingye Liu,2024-05-12 06:47:09.853000,0.84726
12044551,[Deleted] 5ed9b4c4-4ef7-4e69-8c75-46f8b6316cfe,2024-05-25 07:47:56.693000,0.84725
12045239,lixfz,2024-05-01 12:07:45.950000,0.84723
12062120,[Deleted] 06ef9753-4b22-402f-a9a6-fda04cd298e2,2024-05-07 16:57:36.610000,0.84722
12127648,Dead4an,2024-05-18 16:07:49.846000,0.84721
12127539,Anastasia Volk,2024-05-26 13:59:33.963000,0.84715
12045193,Nikhil Tyagi,2024-05-01 22:40:49.260000,0.8471
12086476,Master Capybara,2024-05-09 16:21:58.340000,0.8471
12104305,wnsmiling,2024-05-14 15:30:50.930000,0.84708
12175921,jackson nunes,2024-05-31 22:35:48.030000,0.84707
12103152,Lecheng Yan,2024-05-18 03:19:41.556000,0.84699
12151592,Shahjahan Mirza,2024-05-25 18:55:43.826000,0.84694
12117906,NAmSEN,2024-05-31 15:42:34.690000,0.84694
12101097,Jackie96,2024-05-31 08:38:31.456000,0.8469
12097508,Umar Zafar,2024-05-14 07:25:33.710000,0.84689
12131943,Yichuan Huang,2024-05-20 05:01:45.520000,0.84687
12172478,Prosotas dubiosa,2024-05-31 01:12:41.076000,0.84682
12092719,Ero Osahon,2024-05-31 18:13:02.616000,0.8468
12055923,NikitaUsoltsev,2024-05-31 19:52:34.446000,0.84679
12046320,[Deleted] a77d83b4-9a0f-4220-964e-6c391ea7f3a6,2024-05-26 14:50:00.686000,0.84677
12068642,David Keon,2024-05-10 02:53:19.966000,0.84673
12169713,kaili,2024-05-30 18:57:10.600000,0.84668
12053711,Aleksey Pihuleuski,2024-05-04 09:52:01.626000,0.84668
12066823,Gulnihall,2024-05-23 18:47:24.336000,0.84667
12096468,Ro Mat,2024-05-13 20:11:24.366000,0.84662
12079316,redapples_02,2024-05-11 14:38:02.103000,0.84662
12152585,arungoyal,2024-05-28 17:00:05.726000,0.84661
12096494,NARNE DHEERAJ BALARAM,2024-05-13 18:02:47.963000,0.8466
12081215,Emre Yıldızoğlu,2024-05-10 13:04:46.526000,0.84659
12058171,[MFTI] Ivan Dziadyk,2024-05-08 15:41:12.483000,0.84659
12098858,Abhinav_Mishra2002,2024-05-17 14:09:44.866000,0.84659
12059985,Narigasawa Shu,2024-05-15 13:34:49.760000,0.84658
12053522,Alvaro Clemente,2024-05-11 16:30:59.123000,0.84654
12055883,Sabyasachi Bhattacharya,2024-05-16 04:41:52.933000,0.8465
12048496,Vladimir Kuchin 634,2024-05-29 20:45:29.930000,0.8465
12145504,Vinny Ngo,2024-05-23 03:50:09.306000,0.84641
12046738,pidaparti sitapati,2024-05-16 06:39:52.390000,0.8464
12102760,Saketh Bharadwaj,2024-05-14 06:28:16.103000,0.84636
12045280,ClosedHomeDestruction,2024-05-08 15:32:10.316000,0.84636
12087799,YILMAZ AKGUL,2024-05-26 20:27:47.426000,0.84634
12049590,yasuyuki kimura,2024-05-14 10:17:58.670000,0.84632
12047778,Alyfrea,2024-05-02 13:29:58.506000,0.84622
12142953,Raghad02,2024-05-26 08:05:08.790000,0.8462
12053377,Ajay Badrinath,2024-05-04 06:37:33.636000,0.8462
12047108,Ishi123,2024-05-13 18:02:36.636000,0.84619
12095239,TechRSC,2024-05-11 18:33:57.093000,0.84618
12142366,julien griffon,2024-05-21 13:32:34.586000,0.84618
12114938,Abhinav Mishra ,2024-05-15 19:21:04.793000,0.84617
12052063,tanjiro27,2024-05-22 19:26:10.903000,0.84613
12137821,Andrimner,2024-05-28 13:05:58.630000,0.84612
12171145,r.AI.ders,2024-05-27 20:00:56.860000,0.84608
12123570,Golla Sowmya,2024-05-27 09:57:11.680000,0.84608
12098747,mahdiRostami,2024-05-15 09:27:43.053000,0.84607
12119048,Hammad Zaki,2024-05-17 12:37:28.966000,0.84604
12048773,Ogwal Odyek,2024-05-01 20:37:08.686000,0.84599
12044387,kebishpius1,2024-05-04 03:23:33.623000,0.84598
12047696,L Sai Ruthwik Vallabhapurapu,2024-05-23 03:13:43.566000,0.84598
12061942,Yu Sian,2024-05-31 18:02:50.663000,0.84598
12045781,Oran11,2024-05-23 15:03:21.670000,0.84596
12113665,630510660,2024-05-16 07:46:51.736000,0.84596
12051765,Martin Koome,2024-05-04 15:10:28.596000,0.84593
12161366,Vaibhav Chavhan,2024-05-31 06:46:36.710000,0.84592
12178867,Yago Lizarribar,2024-05-31 11:19:01.463000,0.8459
12047985,Abraham Ajibade,2024-05-28 19:58:39.526000,0.84586
12188450,Nguyen Thanh Hai (K18 HCM),2024-05-31 10:14:09.790000,0.84586
12104573,Alessandro Cavalieri,2024-05-13 18:22:04.156000,0.84585
12068953,masanori555,2024-05-06 08:06:42.370000,0.84584
12045686,hibana2077,2024-05-02 12:34:24.993000,0.84581
12073216,Nobutoshi Shimizu,2024-05-27 00:22:25.313000,0.8458
12150061,Wonhyung Kwak,2024-05-31 08:23:08.253000,0.8458
12121993,Ben Bernard,2024-05-17 05:46:22.743000,0.84576
12130329,PO-CHUN CHI,2024-05-28 06:17:44.313000,0.84572
12047292,Denis,2024-05-01 21:58:34.660000,0.84571
12065253,HadiFarahani,2024-05-16 20:44:42.906000,0.8457
12080866,Andrei Lazanu,2024-05-08 13:43:30.556000,0.84569
12044653,Akahachi,2024-05-01 17:31:11.060000,0.84569
12061359,Hee Seong Yang,2024-05-13 11:52:28.430000,0.84567
12094399,Mapo,2024-05-30 10:01:57.630000,0.84566
12052579,leo.vcm,2024-05-13 22:53:08.616000,0.84566
12167345,Thermostatic,2024-05-27 05:07:30.246000,0.84565
12116171,Saranya Pal,2024-05-24 20:39:00.240000,0.84565
12123777,Gordy,2024-05-17 22:06:05.760000,0.84563
12049261,Jeremy Ma,2024-05-02 04:32:33.206000,0.84561
12046430,taku5488,2024-05-29 10:15:58.126000,0.84561
12051846,Sanjay Sane,2024-05-06 11:19:05.706000,0.8456
12045879,Abeshith,2024-05-28 13:45:52.840000,0.8456
12051860,Gaurav KUMAR SINGH,2024-05-06 10:09:46.633000,0.8456
12058798,301691-สุรยุทธ,2024-05-03 19:42:19.413000,0.8456
12050125,Ashish kulkarni,2024-05-09 09:22:06.680000,0.84559
12076373,xxdxlxxr,2024-05-31 17:52:43.593000,0.84559
12094710,Ankur Gupta,2024-05-29 04:58:03.273000,0.84558
12101773,hbaycan37,2024-05-23 14:56:10.170000,0.84558
12144016,Abhishek Mohanty,2024-05-27 11:19:20.223000,0.84558
12145473,Brian Aura,2024-05-28 02:47:32.620000,0.84558
12086084,Aaradhya Kulkarni,2024-05-15 07:35:47.603000,0.84558
12174938,gelos_xoxo,2024-05-30 15:01:14.510000,0.84558
12182539,Nihar Patel,2024-05-30 23:19:21.670000,0.84558
12045268,Simone Zappatini,2024-05-01 21:01:43.140000,0.84558
12044274,Maciej Mitraszewski,2024-05-17 10:40:29.013000,0.84558
12054146,Romulo Ferreira,2024-05-05 20:54:49.403000,0.84558
12106894,Le Binh Thanh,2024-05-15 06:57:44.360000,0.84558
12102257,WangYiWei123,2024-05-14 07:03:56.136000,0.84558
12094094,Shibata,2024-05-11 08:53:52.416000,0.84558
12073428,Naimish Bhuva,2024-05-11 03:17:32.143000,0.84558
12070506,Underdog,2024-05-08 12:16:17.423000,0.84558
12049179,xelf26,2024-05-05 01:01:47.070000,0.84558
12046632,RuiFSPinto,2024-05-03 09:00:57.206000,0.84558
12044566,Matt Cliff,2024-05-01 03:06:31.726000,0.84558
12135078,Tanishq Selot,2024-05-26 20:38:41.480000,0.84557
12057050,Henry서현경,2024-05-07 12:27:17.730000,0.84557
12101567,Gaurav Kumar #2,2024-05-22 07:52:34.233000,0.84556
12045029,Figo,2024-05-01 05:48:34.206000,0.84555
12072131,Tadashi Hamada,2024-05-07 21:00:56.600000,0.84555
12075416,Marie Victoire IPOUK,2024-05-22 23:45:48.310000,0.84553
12049273,Pranjal Pandey,2024-05-08 22:53:35.676000,0.84553
12060501,Chopper53,2024-05-05 09:27:09.960000,0.84553
12048671,Bahaeddine Lemtai,2024-05-05 00:22:05.700000,0.84552
12081318,Mihir Shah,2024-05-11 15:43:13.250000,0.84552
12120401,aviv rubinstein,2024-05-16 16:41:05.656000,0.84552
12051914,Steven Bautista,2024-05-16 03:06:54.756000,0.84552
12047093,Debasmita Dash,2024-05-30 01:12:25.500000,0.84552
12076104,Jhonnatan Torres,2024-05-09 16:54:27.893000,0.84552
12062197,Danil_Kapsov,2024-05-05 21:08:12.486000,0.84552
12153226,chihanmu,2024-05-30 16:19:02.883000,0.84552
12050875,KDaehwan,2024-05-09 05:20:58.373000,0.84552
12051885,pg dai,2024-05-06 10:47:48.623000,0.84552
12056300,Codelyoko,2024-05-19 20:54:30.113000,0.84551
12044497,kimich,2024-05-22 11:11:29.686000,0.84551
12097714,Data.DocX,2024-05-12 13:20:07.710000,0.84551
12044265,Matey Nedyalkov,2024-05-08 17:09:05.716000,0.84551
12092442,AYAHM BARISH,2024-05-24 08:27:19.240000,0.8455
12046810,AndNov,2024-05-30 23:24:06.946000,0.8455
12044793,Rohan Sardar,2024-05-15 15:23:40.586000,0.8455
12055369,VaradKelkar02,2024-05-04 03:46:45.913000,0.84549
12057618,Kesav sivakumar,2024-05-19 20:33:39.436000,0.84549
12052649,Neenu ES,2024-05-19 19:32:09.073000,0.84548
12089798,Rdsawant,2024-05-29 12:13:09.390000,0.84548
12097893,Chee Wei Soh,2024-05-12 10:01:09.443000,0.84548
12152754,opencluster,2024-05-27 06:46:01.666000,0.84547
12173939,mehdi chaibat,2024-05-31 13:31:49.916000,0.84547
12076006,Sarath Babu,2024-05-31 12:57:11.520000,0.84547
12072791,Maki,2024-05-09 11:13:02.566000,0.84547
12129145,Kerem Safa Demir,2024-05-29 18:07:37.350000,0.84545
12165336,Jakub Przywoski,2024-05-27 10:22:31.416000,0.84544
12075934,Maral Chahverdian,2024-05-29 05:37:55.940000,0.84544
12060231,Sanskar Cdac,2024-05-06 11:22:06.350000,0.84544
12044723,NATCHA PHONKAMHAENG,2024-05-11 08:37:57.856000,0.84543
12101800,irem kalay,2024-05-29 12:53:52.310000,0.84542
12100918,Elsie Anthonio,2024-05-14 08:09:44.186000,0.84542
12044302,Koji Nakakuki,2024-05-01 22:14:39.226000,0.84542
12069390,TImofey Dudko,2024-05-06 09:26:13.710000,0.84541
12150111,3115이상준,2024-05-31 16:58:47.060000,0.84541
12141498,Anton Muradov,2024-05-21 08:12:43.743000,0.8454
12118397,Pratham2410,2024-05-19 10:48:44.593000,0.8454
12131938,aarushiksk,2024-05-29 06:17:47.426000,0.8454
12051509,NNUO29,2024-05-13 09:53:21.696000,0.84539
12181445,Selim CK,2024-05-30 18:13:51.290000,0.84539
12175016,Timur Kebekov,2024-05-28 13:35:58.206000,0.84538
12077714,Al Fath Terry,2024-05-07 20:35:57.270000,0.84536
12089753,Anissa Prameswari,2024-05-16 09:59:35.776000,0.84532
12047805,sherry,2024-05-01 14:50:00.360000,0.84532
12050231,lko9911,2024-05-05 08:01:17.903000,0.84529
12082080,Cameron Brody,2024-05-23 16:30:15.666000,0.84528
12106174,WyattClegg,2024-05-14 04:32:48.806000,0.84527
12076788,Unemployed Guys x3,2024-05-29 19:20:35.773000,0.84527
12165488,Data Explorer,2024-05-27 15:56:21.336000,0.84527
12134681,Guy Ahonakpon GBAGUIDI,2024-05-30 08:20:20.060000,0.84527
12164180,Matthew Schrank,2024-05-26 01:23:12.260000,0.84527
12177263,Vansh Saboo,2024-05-30 00:42:20.550000,0.84527
12092353,Pedro Aurélio ,2024-05-10 20:18:35.790000,0.84527
12166581,HH,2024-05-26 20:49:27.866000,0.84527
12057276,[Deleted] 92112dc3-a7cf-40d5-be2f-e69cdb51ed32,2024-05-26 19:13:36.806000,0.84527
12075252,tanluuuuuuu,2024-05-09 07:01:17.816000,0.84527
12137146,Andrea Carpignani,2024-05-26 09:17:08.086000,0.84527
12045329,Jankuper192,2024-05-02 18:19:11.403000,0.84524
12141074,zeonwoo,2024-05-31 03:03:18.726000,0.84524
12090445,Nicolas TRIMARDEAU,2024-05-17 14:38:36.866000,0.84522
12130120,Avicenne,2024-05-21 12:18:10.133000,0.84521
12100763,David Russell,2024-05-29 22:58:30.216000,0.84519
12045380,Umair Abbasi,2024-05-08 03:10:43.683000,0.84519
12120649,Fabian Bong,2024-05-16 23:20:32.680000,0.84519
12108627,ArturG,2024-05-20 10:04:54.756000,0.84518
12141648,maria nadeem,2024-05-21 17:55:26.086000,0.84518
12150047,SeWoong,2024-05-23 07:31:47.273000,0.84518
12145499,littlejujube,2024-05-22 07:04:11.686000,0.84515
12089686,Bella Guan,2024-05-22 06:53:20.216000,0.84514
12116278,Sardar Abdul Moiz Khan,2024-05-30 19:31:26.500000,0.84513
12085802,shivam,2024-05-26 03:07:56.266000,0.84512
12175126,Tijani A. Babatunde,2024-05-29 23:45:32.876000,0.84506
12173145,chaudhary zaryab,2024-05-29 13:21:42.193000,0.84504
12189865,Oskar Walawender,2024-05-31 15:57:08.013000,0.84503
12136814,alexyzwang,2024-05-20 14:27:54.850000,0.84498
12167354,Sachin Sachdeva,2024-05-29 20:34:19.673000,0.84497
12061885,IRIS RAN,2024-05-10 16:04:32.603000,0.84495
12150488,chrisseo08,2024-05-23 06:25:56.580000,0.84493
12048621,Wissam,2024-05-04 03:47:36.120000,0.84491
12131378,mohammad ammar,2024-05-22 21:43:39.910000,0.84489
12175235,Ken Wilbur,2024-05-31 23:49:47.163000,0.84488
12045399,Sandeep Sharma,2024-05-27 11:07:58.156000,0.84488
12103134,VINOD KUMAR GURJAR,2024-05-15 10:21:16.246000,0.84487
12156055,Santiago Reyes Chávez,2024-05-28 04:04:59.810000,0.84486
12048036,AamirP9,2024-05-30 12:54:42.853000,0.84485
12099764,fuukanoo,2024-05-13 18:02:35.363000,0.84485
12113001,Abhyudai Tiwari,2024-05-28 11:26:43.773000,0.84484
12172039,user_347,2024-05-28 10:40:19.006000,0.84484
12121642,Samuel Cheng,2024-05-19 09:17:35.216000,0.84484
12122933,Sarang Bhatnagar,2024-05-19 14:43:49.713000,0.84484
12101087,StellarShadow,2024-05-14 18:52:01.320000,0.84484
12092575,fizza batool9,2024-05-27 06:43:36.543000,0.84484
12100970,Helium1179,2024-05-19 19:35:07.440000,0.84484
12163380,mjd_ism,2024-05-31 22:10:05.293000,0.84484
12153657,Vivek4369,2024-05-27 17:34:56.816000,0.84484
12176375,Winston Gao,2024-05-30 23:29:04.223000,0.84484
12141265,Philip Ross,2024-05-28 02:15:03.140000,0.84483
12046094,fuppymode,2024-05-06 15:14:35.073000,0.84483
12053685,AYUSH KHAIRE,2024-05-22 10:00:18.133000,0.84483
12130328,b0880014,2024-05-28 03:51:25.450000,0.84483
12044535,Shankar R,2024-05-30 06:06:51.803000,0.84483
12178000,A59 YUVASREE,2024-05-29 10:42:58.953000,0.84483
12095038,Fabrício Vaz,2024-05-24 23:22:23.730000,0.84483
12089378,Simge Şimşek,2024-05-22 15:52:53.520000,0.84483
12047937,First Timers,2024-05-21 13:25:17.180000,0.84483
12127287,[Deleted] 68818f9c-fd94-4540-a8c6-1ab65ade4370,2024-05-31 19:27:17.663000,0.84483
12075856,Shayan Bhattacharjee,2024-05-21 12:00:26.170000,0.84483
12049658,Orion Bowers,2024-05-15 17:41:10.173000,0.84483
12130637,Mani Chandana Bolleddu,2024-05-28 11:27:33.240000,0.84483
12087452,Meagan Burkhart,2024-05-10 14:01:19.230000,0.84483
12092043,rishabh johri,2024-05-10 19:11:10.433000,0.84483
12160593,Kaushik Rajan,2024-05-25 20:54:08.763000,0.84483
12187018,[Deleted] 68621436-cac8-40a0-b149-d1f6004c620a,2024-05-31 00:29:41.766000,0.84482
12162975,Alexander Hu,2024-05-29 23:28:13.053000,0.84482
12177629,Avid,2024-05-29 18:16:42.156000,0.84482
12111748,andi djunaidi,2024-05-15 01:56:48.263000,0.84481
12110228,Sudath Tennakoon,2024-05-14 21:25:30.576000,0.84481
12082754,markjandrews,2024-05-14 09:55:04.080000,0.84481
12167824,Jennifer Ripplinger,2024-05-27 03:47:12.550000,0.84481
12058923,Adam Thomas,2024-05-06 08:52:43.423000,0.84481
12141456,Avinash Changrani,2024-05-25 05:48:40.853000,0.84479
12156281,tartali,2024-05-29 04:24:13.983000,0.84479
12049111,[Deleted] 21cf4b40-b811-4245-9aab-df31b0da7f58,2024-05-09 16:14:18.636000,0.84479
12135652,NanouNorth,2024-05-21 14:13:12.853000,0.84479
12045159,Naveen,2024-05-18 13:07:38.246000,0.84479
12045685,SriDharmik,2024-05-01 11:55:52.826000,0.84479
12065577,sanjawr,2024-05-25 06:33:48.270000,0.84479
12052061,Eldar Sarajlic,2024-05-05 11:36:05.836000,0.84478
12159793,Shivam Jaiswal,2024-05-31 13:41:53.030000,0.84478
12106310,furukawas,2024-05-14 03:20:01.170000,0.84478
12167410,Behzad Hosseinzade,2024-05-29 17:55:54.216000,0.84476
12047050,Saman Fatima,2024-05-18 16:35:26.420000,0.84476
12069284,Mine,2024-05-18 18:03:31.176000,0.84476
12074272,Himanshu,2024-05-11 08:48:08.196000,0.84475
12092906,Matt S.,2024-05-11 20:30:34.106000,0.84473
12086712,Antoine Maurette,2024-05-10 09:40:25.610000,0.84473
12082519,Ryan Newman,2024-05-09 23:12:21.456000,0.84472
12132371,shingaki0926,2024-05-19 09:23:00.683000,0.84471
12151923,yongwookd,2024-05-25 08:27:04.863000,0.84468
12077486,K Vladimir,2024-05-07 18:53:26.156000,0.84467
12165327,georgeinparis,2024-05-26 14:01:05.743000,0.84463
12046898,Ogunkoya Emmanuel,2024-05-01 22:54:27.620000,0.84461
12131544,Savvas Eftychis,2024-05-31 12:19:43.036000,0.84458
12131818,Kunal.S.Kasodekar,2024-05-22 22:56:34.966000,0.84456
12044649,ClapClapClap,2024-05-02 00:18:09.830000,0.84453
12113302,Hayashi Masahiro,2024-05-31 21:27:54.226000,0.84452
12187008,Yazeed Alsahouri,2024-05-31 01:28:48.783000,0.8445
12120232,Vladyslav Pliushchov,2024-05-18 10:09:57.216000,0.84446
12062905,Bilal Chafi,2024-05-28 00:02:16.753000,0.84443
12127515,Brian Nieto,2024-05-30 22:04:46.990000,0.84443
12053011,นัทธพงศ์ ศรีทอง,2024-05-02 16:22:51.186000,0.84441
12097014,rvk13901,2024-05-27 02:20:59.596000,0.84441
12051350,JHANVII RAWAT,2024-05-10 09:21:34.683000,0.8444
12046049,RLakshminarayanan,2024-05-05 16:07:38.070000,0.84436
12096968,ERICDALLEN,2024-05-23 15:56:33.620000,0.84435
12055073,Anvai Shrivastava,2024-05-06 05:18:10.960000,0.84434
12183252,Goya Shuto,2024-05-30 09:51:41.430000,0.84433
12048812,brianlh9,2024-05-02 20:21:21.243000,0.84432
12120288,[Deleted] 31395623-f4d3-4d6e-bfef-c8635460f180,2024-05-16 15:58:41.190000,0.84432
12093995,AndreaL3.14159,2024-05-12 14:18:10.593000,0.84432
12052000,Ofek Tapuchi,2024-05-16 18:04:06.996000,0.84431
12048864,Mehak Iftikhar,2024-05-02 16:57:25.960000,0.8443
12053480,purplysapphire,2024-05-03 06:00:54.530000,0.8443
12164589,Utkarsh Singh,2024-05-26 10:26:07.080000,0.84429
12052634,Tracy Porter,2024-05-04 10:02:36.743000,0.84429
12052021,He_He_Boy,2024-05-02 21:46:57.560000,0.84428
12092452,Uwe Gradwohl,2024-05-31 20:59:48.550000,0.84428
12049595,Caden Elrod,2024-05-02 17:47:13.193000,0.84427
12048627,Marcio Constancio Junior,2024-05-31 21:34:50.990000,0.84427
12099036,Pawan Raj,2024-05-31 12:59:35.053000,0.84426
12184508,Manaswini Gupta,2024-05-30 10:54:32.116000,0.84426
12143035,Muhammad Alvaro Khikman,2024-05-21 23:55:29.690000,0.84426
12141111,Bill Henderson,2024-05-30 23:46:14.700000,0.84426
12182762,Tejash Sharma,2024-05-30 08:33:28.270000,0.84426
12176532,freewilly,2024-05-31 16:37:59.820000,0.84426
12185066,Light_Shot,2024-05-30 12:40:03.880000,0.84426
12180462,Yash Mhaskar,2024-05-30 16:01:11.080000,0.84426
12188185,Pretzels K,2024-05-31 08:01:58.290000,0.84426
12088291,Chung-Kai Chou,2024-05-20 15:39:20.590000,0.84426
12055290,Ahmed Shaban,2024-05-21 03:11:07.006000,0.84426
12110645,Ankita Gupta,2024-05-15 06:27:24.216000,0.84426
12082491,Muhammad Zahran,2024-05-18 07:36:50.706000,0.84426
12052348,Kartik Tyagi,2024-05-18 05:07:17.926000,0.84426
12069822,curiosity by chance,2024-05-15 11:10:20.823000,0.84426
12171449,mgrayl,2024-05-31 22:55:32.983000,0.84426
12112038,T Girish Remo,2024-05-15 03:25:45.123000,0.84426
12106220,Muhamad Ahmad Basari,2024-05-14 16:16:06.780000,0.84426
12054532,Siddharth Singh (Shashikant),2024-05-13 05:29:01.403000,0.84426
12097110,yukiguni_shimeji,2024-05-12 02:53:12.716000,0.84426
12094851,khushiattri,2024-05-11 11:06:54.606000,0.84426
12190548,Aya Riffi,2024-05-31 17:33:07,0.84426
12155961,Jules Ropars,2024-05-24 00:27:32.836000,0.84426
12071751,Tamsanqa Lowan,2024-05-08 09:01:49.593000,0.84426
12079606,Batul Udaipurwala,2024-05-11 10:52:13.376000,0.84426
12183201,Abhijeetsingh Meena,2024-05-30 06:09:39.850000,0.84426
12185104,Gracia Samosir,2024-05-30 16:56:41.450000,0.84426
12180909,webjdi,2024-05-31 09:17:07.056000,0.84426
12110435,Sid-WC121,2024-05-31 17:34:32.240000,0.84426
12184908,gokul krish2325,2024-05-30 13:56:02.906000,0.84426
12123101,Evelina Abdullina,2024-05-31 20:54:16.640000,0.84426
12119322,TahirC1,2024-05-25 12:49:54.420000,0.84426
12110456,Akshay Kumar Kore,2024-05-14 17:32:28.736000,0.84426
12110239,workspace6756,2024-05-14 17:10:01.580000,0.84426
12110941,tekk0314,2024-05-14 21:26:49.866000,0.84426
12060264,Aditya Purohit,2024-05-08 16:08:35.773000,0.84426
12046391,Gaurav Kumar Chaurasiya,2024-05-11 12:51:31.030000,0.84426
12045381,Daman Deep,2024-05-14 03:43:00.613000,0.84426
12156454,Patience Chiri,2024-05-31 20:43:44.456000,0.84426
12179037,Khoa Nguyễn Minh,2024-05-31 14:49:53.256000,0.84426
12171317,Shuvo Kumar Basak-4004,2024-05-27 17:51:04.760000,0.84426
12162049,Ashish Kumar,2024-05-26 05:51:13.580000,0.84426
12141148,Shresth Vihari,2024-05-26 10:50:11.470000,0.84426
12050766,Gaurav Bosamiya,2024-05-02 12:30:31.690000,0.84426
12097671,Agnibha_Roy10,2024-05-20 03:19:08.840000,0.84426
12135071,Pack Kwan Low,2024-05-28 16:34:19.713000,0.84426
12063739,arun,2024-05-05 05:49:20.536000,0.84426
12152833,Ebenezer R,2024-05-23 15:51:43.856000,0.84426
12048650,Lara Esquivel,2024-05-01 19:32:46.696000,0.84426
12099163,Arpita Ghosh,2024-05-12 16:41:37.526000,0.84426
12064463,Halil İbrahim BİLGE,2024-05-10 09:41:15.046000,0.84426
12083592,Subhasish Sinha,2024-05-30 01:56:50.133000,0.84426
12176483,Lucas Tucker,2024-05-29 01:34:49.056000,0.84426
12114885,Jonah Wiener-Brodkey,2024-05-22 00:20:48.556000,0.84426
12181206,Ege Karaismailoglu,2024-05-29 19:52:19.843000,0.84426
12083149,SeanWFaust,2024-05-09 00:20:21.980000,0.84426
12107101,Abdel Rysbekov,2024-05-31 06:07:17.626000,0.84426
12076620,nguyenmanhhung286@,2024-05-29 16:25:37.600000,0.84426
12181335,Avula Manaswini Reddy,2024-05-31 13:43:26.506000,0.84426
12128617,LucaCodes,2024-05-31 17:19:32.596000,0.84426
12056527,Sonu Saini,2024-05-24 10:59:38.463000,0.84426
12114866,BigByteBear,2024-05-30 14:40:39.200000,0.84426
12102730,Anton Kovalenko,2024-05-14 14:22:21.926000,0.84426
12065933,Sunix Liu,2024-05-07 14:42:51.210000,0.84426
12069732,Kevin George,2024-05-06 10:46:33.293000,0.84426
12099046,Thùy Anh Nguyễn,2024-05-26 14:17:42.870000,0.84426
12100364,Jadon Steinmetz,2024-05-19 19:22:56.553000,0.84426
12168029,多和大樹,2024-05-27 04:44:17.140000,0.84426
12102769,yuhaha8,2024-05-16 03:14:03.790000,0.84426
12094365,Sajib Saha,2024-05-14 15:29:47.873000,0.84426
12045275,manojT5,2024-05-01 06:26:53.753000,0.84426
12062838,Dustin Ober,2024-05-12 22:27:01.996000,0.84426
12072039,Deekshith Reddy1910,2024-05-23 12:17:13.296000,0.84426
12075564,Mudit Gaur,2024-05-11 08:14:50.770000,0.84426
12170222,aaryan sinngh,2024-05-28 06:39:59.086000,0.84426
12179011,TRAN_KIEM_TU,2024-05-30 12:04:20.640000,0.84426
12183269,Dan Shalom,2024-05-30 09:31:32.123000,0.84426
12154128,Ganesh Sharma,2024-05-23 20:25:29.333000,0.84426
12190072,MEHMET BORAN GÖKSEL,2024-05-31 14:29:22.796000,0.84426
12150493,Manish Kumar Pandey,2024-05-31 18:10:09.056000,0.84426
12161258,Anup,2024-05-25 11:06:03.603000,0.84426
12056493,Romain Fonta,2024-05-03 20:01:09.916000,0.84426
12089771,Defika Alviani,2024-05-16 09:56:39.346000,0.84426
12071047,Abhijit Nandi007,2024-05-08 15:53:35.850000,0.84426
12145440,Aya Gad,2024-05-24 00:25:51.540000,0.84426
12051876,rizwan ghauri,2024-05-04 12:39:18.240000,0.84426
12167613,skyLine12452,2024-05-31 14:32:04.373000,0.84426
12180294,toida8kitu,2024-05-30 11:02:21.140000,0.84426
12072117,Gaurav Verma,2024-05-26 17:43:10.750000,0.84426
12142301,sameerbhatt23,2024-05-21 09:33:56.146000,0.84426
12138473,Chandana123,2024-05-20 19:15:52.333000,0.84426
12045973,Sahil Bajaj,2024-05-05 07:14:28.273000,0.84426
12166691,Jesus Deleon19,2024-05-29 23:50:26.163000,0.84426
12176577,Andrew Kalachev,2024-05-29 17:19:17.310000,0.84426
12052372,Sanskar Ranjan,2024-05-02 13:05:16.130000,0.84426
12183488,DRIPTO SAHA,2024-05-30 17:14:53.476000,0.84426
12121346,Casey Eddington,2024-05-17 20:05:41.096000,0.84426
12055783,Adithya@123,2024-05-03 07:55:13.600000,0.84426
12044802,shubhajoy das,2024-05-01 14:46:46.163000,0.84426
12069800,lu didi,2024-05-07 06:24:48.626000,0.84426
12104174,Saptarshi Pal,2024-05-13 17:06:56.486000,0.84426
12116472,Akash singh panwar,2024-05-22 22:07:23.040000,0.84426
12056318,Shubh Chakrabarti,2024-05-28 10:21:54.950000,0.84426
12087919,Mateusz Kudła,2024-05-31 15:52:22.460000,0.84426
12181282,itsrajsharma29,2024-05-30 21:11:24.283000,0.84426
12055605,kkkkkihwan,2024-05-07 13:14:11.493000,0.84426
12084208,goose,2024-05-17 09:17:15.933000,0.84426
12189615,Siri Chandana,2024-05-31 13:07:50.740000,0.84426
12172052,Arthur,2024-05-28 00:33:28.886000,0.84426
12046462,Darshita Paghadal,2024-05-29 10:22:05.373000,0.84426
12049220,Anren,2024-05-09 18:59:38.343000,0.84426
12127961,Parker Snow,2024-05-27 19:08:49.723000,0.84426
12067372,Pedro Soares,2024-05-11 11:18:46.756000,0.84426
12117701,peaky blinder,2024-05-28 09:23:21.110000,0.84426
12120392,skfrost19,2024-05-16 18:23:10.400000,0.84426
12048711,rishikush,2024-05-15 06:06:13.410000,0.84426
12089768,Junpei Mishima,2024-05-30 06:55:01.980000,0.84426
12116851,KamiMaki,2024-05-21 14:30:31.986000,0.84426
12095718,motorio0829,2024-05-15 13:48:58.950000,0.84426
12050812,Amisha Kirti,2024-05-13 21:47:52.646000,0.84426
12132258,CHITRAMALA M,2024-05-29 20:36:10.380000,0.84426
12148419,Piotr Błażejewski,2024-05-22 20:32:30.150000,0.84426
12143251,Amanat Kafizov,2024-05-24 11:11:39.830000,0.84426
12109623,Minhaz.n,2024-05-31 15:41:10.010000,0.84426
12065675,AnjanaJMurali,2024-05-28 00:53:25.563000,0.84426
12084686,Tanzil_Islam196,2024-05-09 08:38:36.486000,0.84426
12099860,Nikita Ivanov,2024-05-30 20:59:29.443000,0.84426
12121664,UWLETSGO,2024-05-24 00:44:13.363000,0.84426
12085655,Ishaan_Garg_1802,2024-05-10 08:05:15.490000,0.84426
12149676,Ryan Finer,2024-05-29 22:14:56.250000,0.84426
12178823,Ishan Jayswal,2024-05-31 17:46:12.383000,0.84426
12160380,Marius Ciobanu,2024-05-27 22:25:23.226000,0.84426
12139921,Abdulrasheed yusuf,2024-05-22 08:33:02.603000,0.84426
12162335,Ankit Gupta,2024-05-25 16:38:41.960000,0.84426
12070322,MikeS,2024-05-16 06:16:39.520000,0.84426
12067327,KAZI MOHAMMAD NAZIB,2024-05-06 07:45:11.586000,0.84426
12109493,Jayalakshmi E T,2024-05-31 17:23:28.866000,0.84426
12065850,Sree,2024-05-24 03:52:34.993000,0.84426
12046029,VaibhavKumar,2024-05-02 17:47:22.070000,0.84426
12099938,LeoLoHo,2024-05-31 05:32:09.706000,0.84426
12049826,-midnightCode-,2024-05-06 17:26:02.500000,0.84426
12144436,Mesut Travaci,2024-05-27 20:47:59.460000,0.84426
12111028,Kimaya Kulkarni,2024-05-18 04:24:18.326000,0.84426
12074289,SEETA VARMA,2024-05-08 04:46:11.376000,0.84426
12045112,Aldrin,2024-05-02 15:53:43.116000,0.84426
12050268,kisk10,2024-05-02 14:54:07.766000,0.84426
12050479,Sorndus,2024-05-03 11:36:22.810000,0.84426
12127917,Yodazon,2024-05-23 05:00:07.766000,0.84426
12087982,Andre Jacobs,2024-05-10 04:20:27.153000,0.84426
12052486,edu,2024-05-02 14:43:30.370000,0.84426
12175515,Ramya Subramanya,2024-05-29 15:30:43.463000,0.84426
12141114,Ankit Raikwal,2024-05-29 05:41:50.643000,0.84426
12173237,Sathish.G,2024-05-29 02:50:33.216000,0.84426
12173997,Sumitbba,2024-05-28 15:23:03.293000,0.84426
12059636,Swaroop Nayak,2024-05-28 04:29:27.670000,0.84426
12098569,Abhishek Jain,2024-05-17 16:37:58.556000,0.84426
12045342,Areesha Anjum,2024-05-07 13:18:15.343000,0.84426
12066874,Harshit@220224,2024-05-06 04:07:05.330000,0.84426
12062098,CliffBooth,2024-05-23 15:28:52.970000,0.84426
12048824,Abisha Alichan,2024-05-03 17:41:24.490000,0.84426
12169488,The Royalties,2024-05-27 11:27:14.956000,0.84426
12122758,devdev,2024-05-17 09:32:01.440000,0.84426
12044435,Angel Vivanco,2024-05-17 22:42:08.160000,0.84426
12090281,Akhilesh Kolambekar,2024-05-16 20:36:02.733000,0.84426
12051115,Monsieurbongo,2024-05-09 15:19:41.430000,0.84426
12089655,Random Forest Rangers,2024-05-20 11:13:11.693000,0.84426
12086987,Giang To14,2024-05-16 05:39:16.626000,0.84426
12103284,Oke Emmanuel #2,2024-05-15 07:50:57.546000,0.84426
12089492,JeHyunHan,2024-05-15 23:22:06.680000,0.84426
12061886,mohananup12,2024-05-05 15:00:51.366000,0.84426
12094536,Ryotaro Minagawa,2024-05-11 11:03:54.176000,0.84426
12063856,Hritik Roshan Mishra,2024-05-05 05:48:50,0.84426
12163815,Junaid,2024-05-26 08:05:05.350000,0.84426
12153693,Amin Uddin,2024-05-23 18:49:19.910000,0.84426
12047323,Dylan Ogden,2024-05-29 14:49:53.186000,0.84426
12098012,Team_Brotherhodd,2024-05-11 11:51:07.813000,0.84426
12104873,HellEyeman,2024-05-23 17:12:46.110000,0.84426
12163557,Bishnu Datt Badu,2024-05-31 20:03:36.223000,0.84426
12088656,ParshiPraneesh,2024-05-13 05:01:50.660000,0.84426
12182354,chuochuo shen,2024-05-31 04:06:55.610000,0.84426
12098626,Matyas Hlavac,2024-05-12 12:48:38.650000,0.84426
12097828,Sagar Girii,2024-05-12 13:09:44.363000,0.84426
12053521,PilarHBB,2024-05-11 16:19:08.313000,0.84426
12087238,Anujgupta95,2024-05-11 15:44:20.370000,0.84426
12054120,MS,2024-05-14 20:53:24.260000,0.84426
12163130,Sergio Ribeiro,2024-05-31 12:41:28.133000,0.84426
12179957,Eduardo Michelsen,2024-05-29 13:45:10.986000,0.84426
12045423,shivam singh8826,2024-05-01 06:45:17.046000,0.84426
12082015,Chandan1905,2024-05-08 16:51:38.173000,0.84426
12047086,Kazuki Harada,2024-05-02 02:52:24.670000,0.84426
12047013,Cralsic123,2024-05-08 15:10:56.340000,0.84426
12148167,Ninovh,2024-05-23 09:35:05.696000,0.84426
12190406,Jaykorea,2024-05-31 16:40:37.853000,0.84426
12046567,Duncan Ross,2024-05-11 11:05:05.363000,0.84426
12172123,donghyeongkim,2024-05-31 14:27:17.480000,0.84426
12159098,Mark,2024-05-31 08:16:58.976000,0.84426
12183587,user_AnBa,2024-05-30 11:24:23.200000,0.84426
12045324,Himanshu Chhikara,2024-05-02 09:16:54.160000,0.84426
12084588,Nakattt,2024-05-14 07:32:31.593000,0.84426
12130336,sisu,2024-05-28 05:51:09.780000,0.84426
12096963,Felipe Melo,2024-05-12 22:37:36.123000,0.84426
12180162,Phan Phu Tuan,2024-05-29 14:48:56.176000,0.84426
12178971,Phan Phu Tuan123,2024-05-29 14:00:21.856000,0.84426
12100899,Anirudh Rao,2024-05-16 03:05:38.070000,0.84426
12096835,Yuraja Kadari,2024-05-12 07:47:51.016000,0.84426
12086853,Linser,2024-05-10 09:36:37.616000,0.84426
12046046,Ayush Pawar,2024-05-15 20:14:31.276000,0.84426
12121253,evrimgokce,2024-05-16 20:39:13.346000,0.84426
12045072,"Sparkin, Sohdacafe",2024-05-03 12:56:16.933000,0.84426
12120080,Valentino Albani Cassa,2024-05-21 12:46:32.076000,0.84426
12191405,Marius Heuser,2024-05-31 19:35:33.310000,0.84426
12187744,PRADEEP_DUBEY,2024-05-31 18:05:38.666000,0.84426
12189899,Anshi Gupta,2024-05-31 17:29:44.400000,0.84426
12177296,Samuel okunola,2024-05-31 22:14:39.376000,0.84426
12061712,Sujay Mann,2024-05-30 15:24:06.353000,0.84426
12178969,Le Thanh Tha (K18 HCM),2024-05-29 10:48:43.793000,0.84426
12114832,Surjith,2024-05-15 15:25:24.443000,0.84426
12152291,NIHIT AGARWAL,2024-05-23 13:30:43.060000,0.84426
12116025,samson,2024-05-15 18:18:20.700000,0.84426
12085461,chen212,2024-05-29 06:06:43.923000,0.84426
12067606,furkan tasci,2024-05-07 02:29:42.606000,0.84426
12052059,Gowtham R,2024-05-03 08:22:37.020000,0.84426
12049146,Samiul Bari,2024-05-02 21:04:27.053000,0.84426
12046518,Iraj Mashar,2024-05-02 14:56:06.803000,0.84426
12046111,housecrash,2024-05-01 10:57:59.063000,0.84426
12133281,Captain Planet,2024-05-26 18:06:31.173000,0.84426
12087256,[Deleted] d35a6a14-f8c6-4228-9ea3-acbe0526336d,2024-05-10 04:07:56.783000,0.84426
12188335,MachineLearningAAAI,2024-05-31 07:04:25.976000,0.84426
12051156,Ben Kirshenblatt,2024-05-31 00:52:42.356000,0.84426
12118769,veerendra yalla,2024-05-16 10:39:49.920000,0.84426
12077946,Abhirupa Lodh,2024-05-10 10:23:33.973000,0.84426
12066137,Briti S,2024-05-05 19:44:07.923000,0.84426
12094554,Aloysius Chan,2024-05-12 06:58:37.360000,0.84426
12050594,PUTE,2024-05-11 02:22:25.026000,0.84426
12045025,Kingki19 / Muhammad Rizqi,2024-05-02 02:50:52.073000,0.84426
12130348,gask09,2024-05-18 15:40:33.926000,0.84426
12114688,Animesh Nayak,2024-05-17 06:00:04.976000,0.84426
12133602,John Huynh,2024-05-19 15:05:10.306000,0.84426
12097122,Sanjay Joshi,2024-05-13 22:53:54.806000,0.84426
12087323,Exson Joseph,2024-05-17 16:57:14.056000,0.84426
12065248,Sheeda SB,2024-05-08 09:33:15.593000,0.84426
12105738,[Deleted] 21b69d80-6fcd-46b8-9037-6e7ccb817146,2024-05-19 18:58:59.976000,0.84426
12165011,Keseli Timur,2024-05-26 09:04:23.510000,0.84426
12057264,Bobby@gan,2024-05-31 21:25:19.420000,0.84426
12064286,muddasir quayum,2024-05-05 22:57:30.070000,0.84426
12132803,SeungYong Lee,2024-05-19 09:03:16.253000,0.84426
12119223,manish tanwar ,2024-05-18 12:09:58.590000,0.84426
12118167,Mahijith Punnani,2024-05-16 09:12:04.333000,0.84426
12046477,Harsh Gupta,2024-05-16 07:12:20.200000,0.84426
12082248,Parth Hanchate,2024-05-11 18:57:16.203000,0.84426
12092823,Yousif Abdulnabi Yousif,2024-05-31 00:36:50.110000,0.84426
12082164,Vidhya Vadivel,2024-05-11 11:17:52.990000,0.84426
12059004,Nolan Meyer,2024-05-08 16:18:16.070000,0.84426
12052884,Saurabh_Yadav0207,2024-05-02 18:21:31.676000,0.84426
12049174,Meghana,2024-05-02 05:58:52.810000,0.84426
12184445,Tim Van Rillaer,2024-05-30 10:37:58.390000,0.84426
12108330,DraganPinsent98,2024-05-23 22:39:54.213000,0.84426
12127907,Revy Pramana,2024-05-18 00:55:38.423000,0.84426
12074164,deepakshi dang,2024-05-14 09:11:45.936000,0.84426
12084391,Maanas Krishna VSL,2024-05-13 04:15:40.526000,0.84426
12078172,JLemp21,2024-05-09 01:08:15.143000,0.84426
12158279,Mandil J Thapa,2024-05-28 04:00:56.896000,0.84426
12161459,parksh050401,2024-05-25 14:41:07.260000,0.84426
12052109,MrNosaj,2024-05-18 06:03:47.646000,0.84426
12167045,amelioriate,2024-05-31 01:23:37.946000,0.84426
12099540, Anurag Belel,2024-05-13 07:30:19.990000,0.84426
12131992,Uday Sharma,2024-05-19 09:51:33.316000,0.84426
12120865,Sudharshan Balaji,2024-05-20 07:40:43.070000,0.84426
12147941,Nicholas Czapalay,2024-05-29 17:15:18.163000,0.84426
12131873,Brenden Siekman,2024-05-30 02:48:20.610000,0.84426
12052636,Mfon David Umoh,2024-05-09 10:13:44.380000,0.84426
12172773,PMat,2024-05-31 13:22:22.383000,0.84426
12114446,Harjaspreet Singh,2024-05-16 11:13:12.500000,0.84426
12160833,Himanshu Barange,2024-05-26 21:04:09.206000,0.84426
12107347,hompara135,2024-05-15 04:51:30.920000,0.84426
12077547,加拿大没醉过,2024-05-09 02:52:26.616000,0.84426
12162178,Adil nawaz ashrafi,2024-05-26 11:29:51.226000,0.84426
12151414,Aryan Gupta,2024-05-23 09:02:08.873000,0.84426
12064759,akoirala111,2024-05-08 19:43:25.403000,0.84426
12097564,arhab hasan khan,2024-05-28 17:38:13.646000,0.84426
12166613,Vipul Kumar,2024-05-26 16:19:55.913000,0.84426
12185163,Max A KL,2024-05-30 17:55:24.253000,0.84426
12182629,sadi2oo3q,2024-05-30 17:16:32.226000,0.84426
12158366,Vedant S Bedi,2024-05-24 11:28:30.526000,0.84426
12153220,Ishan,2024-05-23 20:00:10.046000,0.84426
12111314,BasicLaw5123,2024-05-23 02:24:01.026000,0.84426
12122094,Mayank Anand,2024-05-18 04:41:38.180000,0.84426
12146562,Krithika C kritk,2024-05-31 15:42:46.983000,0.84426
12073725,venkateswarlu_2005,2024-05-31 07:37:28.863000,0.84426
12177478,Haru_101,2024-05-29 04:44:33.910000,0.84426
12049808,shimkkkyu,2024-05-26 22:58:23.973000,0.84426
12049229,Alexander Leon,2024-05-03 01:46:13.683000,0.84426
12064354,[Deleted] 2f04e44d-b435-4f26-afde-a1ba3787df1d,2024-05-05 08:09:32.430000,0.84426
12050896,wallyholly1,2024-05-22 11:56:35.233000,0.84426
12055881,Amri11,2024-05-03 09:01:54.460000,0.84426
12167179,Sternritters,2024-05-27 00:10:42.110000,0.84426
12072185,Niklas,2024-05-06 19:39:13.506000,0.84426
12048565,the dumb man,2024-05-03 15:59:13.356000,0.84426
12057318,SondreGarnes,2024-05-03 13:52:03.143000,0.84426
12053622,Sidorov,2024-05-11 09:30:07.570000,0.84426
12171424,mwebe emmanuel,2024-05-30 06:14:30.773000,0.84426
12185283,Muhammad Javed Ashraf,2024-05-30 19:54:51.733000,0.84426
12174057,TingxuanPan,2024-05-30 06:28:58.773000,0.84426
12044572,Blaze,2024-05-30 03:41:40.263000,0.84426
12176230,MTeunisse,2024-05-28 19:01:13.586000,0.84426
12131325,Ozgur Aslan,2024-05-26 13:45:29.366000,0.84426
12142666,Tushar Anand17,2024-05-25 08:54:58.480000,0.84426
12157782,mani zn,2024-05-24 10:41:58.256000,0.84426
12151544,Corey Zelez,2024-05-24 10:15:49.980000,0.84426
12142975,VishalRashmika,2024-05-21 12:56:03.976000,0.84426
12113150,IWAN,2024-05-22 09:11:53.130000,0.84426
12105450,Chris Raddatz,2024-05-14 17:01:11.373000,0.84426
12092642,AIT ABBAS RANIA,2024-05-11 10:12:35.093000,0.84426
12059142,AlexAlexxx,2024-05-05 17:49:56.723000,0.84426
12060845,Igor Vladimirovich Lapshin,2024-05-14 15:48:33.633000,0.84426
12098704,Cody Edwards,2024-05-18 05:31:11.193000,0.84426
12072140,Viviani,2024-05-07 01:49:46.163000,0.84426
12112004,Abdel-aziz Harane,2024-05-31 22:53:52.186000,0.84426
12045433,ChengHanShih,2024-05-03 13:44:51.020000,0.84426
12048463,Smashing Pumpkins,2024-05-18 16:48:48.390000,0.84426
12093354,its_data_not_data,2024-05-11 04:38:40.483000,0.84426
12142411,abelloe,2024-05-29 19:37:23.526000,0.84426
12055065,Andrew Dong,2024-05-03 03:29:57.603000,0.84426
12054489,aliiiiiiiiiiiii,2024-05-02 22:54:33.373000,0.84426
12170405,Mennatullah Eisawy,2024-05-31 05:54:39.160000,0.84426
12158591,lmadsen,2024-05-30 13:08:31.423000,0.84426
12048079,Chitragar,2024-05-06 14:35:50.273000,0.84426
12119659,Swastik Guha Roy,2024-05-19 16:32:06.236000,0.84426
12092607,MughalEngineer,2024-05-15 11:45:28.846000,0.84426
12140228,barkbilbo,2024-05-21 04:25:29.786000,0.84426
12110105,Akash Chandel,2024-05-28 10:06:23.510000,0.84426
12089198,Joycezzzzzz,2024-05-11 01:38:04.653000,0.84426
12053503,suraj bisht,2024-05-09 17:14:14.266000,0.84426
12131167,Gabriel Mazzotta,2024-05-21 18:59:05.786000,0.84426
12162141,iamalredygod,2024-05-25 15:59:56.610000,0.84426
12078696,DeepeshIITdh,2024-05-21 12:46:30.750000,0.84426
12085040,Askold221,2024-05-09 14:33:34.926000,0.84426
12069416,Sjorbbro,2024-05-24 21:21:37.316000,0.84426
12062209,Alessia Kettlitz,2024-05-05 13:04:53.556000,0.84426
12049153,Miguel Blaya Cano,2024-05-07 19:06:28.100000,0.84426
12061456,srentillo,2024-05-04 19:14:29.953000,0.84426
12084368,sdhsse,2024-05-09 08:46:43.913000,0.84426
12046535,Shiina Mashiro,2024-05-31 23:44:11.293000,0.84426
12085616,Saqib Islam404,2024-05-12 18:52:15.876000,0.84426
12068059,singhtanveer38,2024-05-16 07:37:55.130000,0.84426
12044406,Victoria Maystruk Falls,2024-05-31 01:09:31.326000,0.84426
12099738,Sam314,2024-05-14 22:46:18.416000,0.84426
12045231,Harshit1234g,2024-05-14 09:41:02.750000,0.84426
12055236,Natalie,2024-05-27 07:28:49.750000,0.84426
12101790,ananya goel ,2024-05-14 20:46:11.636000,0.84426
12103356,Marvin11798,2024-05-13 13:15:39.250000,0.84426
12097950,shifa,2024-05-15 10:02:45.870000,0.84426
12100285,umerloop,2024-05-12 22:09:27.196000,0.84426
12069151,HitTmg,2024-05-12 11:32:26.856000,0.84426
12118399,Uminchu D,2024-05-21 11:35:40.143000,0.84426
12085494,challenger@,2024-05-21 10:48:59.086000,0.84426
12092267,panda,2024-05-10 19:52:51.633000,0.84426
12089167,AniruddhaGiri89,2024-05-10 07:10:26.636000,0.84426
12083962,Mohammad Sajedin,2024-05-09 06:19:35.550000,0.84426
12083413,Bivek Raymajhi,2024-05-09 02:43:00.073000,0.84426
12080452,Vlad,2024-05-08 11:39:33.760000,0.84426
12053998,Bertrand Pigeon,2024-05-10 17:36:51.980000,0.84426
12073606,David_CDM,2024-05-07 13:06:11.500000,0.84426
12071300,Vedant Patel,2024-05-06 17:58:37.026000,0.84426
12141338,S Shashank,2024-05-21 06:39:35.936000,0.84426
12098294,Rishu Ranjan,2024-05-16 07:59:13.506000,0.84426
12095920,Hitesh,2024-05-31 11:15:21.310000,0.84426
12169890,[Deleted] d8b9930c-421b-4ea5-a236-d5fd25d26025,2024-05-27 13:09:04.963000,0.84426
12133868,Nandan Kumar Singh,2024-05-30 08:56:47.450000,0.84426
12149808,Utkarsh Gupta,2024-05-31 05:51:27.846000,0.84426
12181320,YiHsi Huang,2024-05-29 20:32:57.680000,0.84426
12180145,Madhurima Maji,2024-05-29 16:57:41.633000,0.84426
12178657,Muhammad Ahmad,2024-05-29 15:19:46.260000,0.84426
12176611,Bhautik pithadiya,2024-05-29 19:21:04.096000,0.84426
12145608,Jung-Heum Na,2024-05-23 06:45:15.046000,0.84426
12141885,Jaganathan Logachari,2024-05-28 17:29:44.170000,0.84426
12171812,Artur Syrovatski,2024-05-27 22:03:52.916000,0.84426
12148791,Doon Bassie,2024-05-30 01:00:39.633000,0.84426
12141638,Victor Muthii,2024-05-27 08:57:26.276000,0.84426
12161222,Korn-aphichit Ngaopan,2024-05-26 13:21:39.403000,0.84426
12163930,Kishan MS,2024-05-25 21:41:50.443000,0.84426
12162567,InfiniteJones,2024-05-28 13:51:41.906000,0.84426
12158399,Predictor_Variable,2024-05-24 12:24:18.033000,0.84426
12156317,FireBear,2024-05-31 03:12:20.403000,0.84426
12059632,Dheena Leonora,2024-05-26 17:03:00.343000,0.84426
12152074,Dinesh #2,2024-05-23 12:03:38.890000,0.84426
12161940,AkashBiju11,2024-05-26 17:32:32.660000,0.84426
12110912,Prathamesh P. Rege,2024-05-22 16:31:06.450000,0.84426
12133115,Wanderer,2024-05-19 14:19:14.280000,0.84425
12116092,Gopu Aakash,2024-05-23 17:11:31.093000,0.84425
12049963,burblingbrooks,2024-05-26 01:33:32.933000,0.84425
12135665,Matt Collier,2024-05-31 20:03:15.576000,0.84425
12065285,fakeplanet,2024-05-05 15:06:29.610000,0.84425
12151531,jiangxiaoying,2024-05-23 10:49:16.786000,0.84425
12064993,HasnainKhan0123,2024-05-09 08:50:37.453000,0.84425
12164345,doeonkim07,2024-05-26 03:09:52.340000,0.84425
12046239,Sim_kaggle,2024-05-02 09:36:38.726000,0.84425
12066546,Petr Chmelík,2024-05-05 21:21:34.646000,0.84425
12117090,utsavthakkar16,2024-05-16 02:33:15.310000,0.84425
12087197,Sudu14,2024-05-31 07:19:32.420000,0.84425
12127582,AKSHARA RAGHAV,2024-05-18 17:56:22.263000,0.84425
12052601,Sabrina Jeannin,2024-05-04 12:24:28.136000,0.84425
12063699,PARTH SONI,2024-05-16 02:41:43.253000,0.84425
12157091,Adeel MAnaf,2024-05-24 07:04:20.690000,0.84425
12088698,Davis Nyagami,2024-05-31 09:53:03.640000,0.84424
12188187,jugahy,2024-05-31 16:28:37.350000,0.84424
12174577,geeta keote,2024-05-30 15:12:59.086000,0.84424
12104085,smukherjee1,2024-05-28 23:33:13.740000,0.84424
12183380,Dipti Shah,2024-05-31 14:16:50.806000,0.84424
12098016,VegetDog Deng,2024-05-27 14:48:29.140000,0.84423
12056123,Mark Yeeeo,2024-05-22 04:11:14.870000,0.84423
12105235,YuenYouWin,2024-05-16 22:04:06.296000,0.84423
12061130,Pooja D,2024-05-31 12:35:12.196000,0.84423
12075341,APIPAWE KATOTO Daniel,2024-05-07 12:30:15.723000,0.84422
12057997,Oleg Polikarpov,2024-05-08 17:50:14.660000,0.84422
12128294,harsh_anand7,2024-05-28 03:02:10.493000,0.84422
12154165,mAss09,2024-05-29 04:14:45.570000,0.84422
12050553,Alseida,2024-05-07 05:25:39.266000,0.84421
12103022,Pranay Reddy23,2024-05-14 01:54:43.966000,0.8442
12062600,maskinih,2024-05-06 19:33:11.753000,0.8442
12056461,Mahesh 07,2024-05-03 10:02:54.746000,0.8442
12149223,Victor Wang,2024-05-23 01:02:58.376000,0.84419
12055877,khw0612,2024-05-31 23:08:40.980000,0.84418
12048388,Bryce Kratzer ,2024-05-06 22:11:44.553000,0.84417
12082340,Rikhil Kumar,2024-05-27 17:19:02.230000,0.84415
12093368,sailijun,2024-05-13 09:00:43.726000,0.84414
12044666,Tam Vo 2024,2024-05-01 15:37:08.803000,0.84409
12044684,Vo Tam Van,2024-05-05 15:36:55.060000,0.84409
12116635,VICTOR AHAJI,2024-05-31 23:14:37.620000,0.84409
12044394,DarraghH,2024-05-14 09:31:15.606000,0.84407
12050111,Data Thinkers,2024-05-06 11:30:28.206000,0.84405
12076152,mariano92,2024-05-16 12:56:31.096000,0.84404
12105657,Israel Costa,2024-05-15 01:46:31.686000,0.84401
12044322,Stitch,2024-05-01 13:06:23.300000,0.84397
12047913,kumarsswa,2024-05-06 12:33:55.056000,0.84397
12073018,Sebastián Azamar Avilés,2024-05-29 01:45:46.793000,0.84396
12164054,leto.atreides,2024-05-31 22:59:42.046000,0.84394
12068303,PrateekJaiswal,2024-05-11 16:21:32.480000,0.84394
12131427,Hans Olbrich,2024-05-28 23:02:27.806000,0.84393
12044470,R.Shibuya,2024-05-03 09:44:54.943000,0.84391
12122528,Adib Bin Kadir,2024-05-17 12:02:33.376000,0.84388
12175893,Rupanshu Kapoor,2024-05-28 17:35:31.820000,0.84383
12075938,Hanieh Sahranavard,2024-05-29 10:44:47.750000,0.8438
12055225,koustubhk,2024-05-10 01:20:07.913000,0.8438
12178111,CommonGardeniaM,2024-05-30 16:35:45.370000,0.84377
12069638,marquesrodrigues,2024-05-07 16:46:00.466000,0.84377
12163681,Anuj Pandey,2024-05-29 01:25:29.080000,0.84375
12119834,The Llamas,2024-05-17 14:02:58.253000,0.84374
12140376,ppppkkk,2024-05-28 04:25:58.076000,0.84372
12132270,AKSHAT,2024-05-19 06:29:49.063000,0.84372
12181923,Nick F,2024-05-31 23:50:21.846000,0.84369
12109748,Karim Sayed,2024-05-14 15:31:01.893000,0.84367
12071644,sadık,2024-05-06 18:54:46.216000,0.84366
12068434,Akimasa Kajitani,2024-05-06 06:40:18.253000,0.84364
12059642,Hirotoshi Yunokizono,2024-05-12 04:25:43.216000,0.84364
12166879,oneMMMan_army,2024-05-27 08:57:56.610000,0.84361
12046852,Komil Parmar,2024-05-12 03:41:47.960000,0.8436
12069415,xueyaoDu,2024-05-24 13:36:55.826000,0.84357
12047682,M.Kito,2024-05-31 04:29:56.756000,0.84353
12057549,Mahdi Lamb,2024-05-03 23:16:02.186000,0.84351
12098437,pi-suko,2024-05-22 12:07:03.903000,0.84351
12166507,Mathias Vogel,2024-05-26 18:42:23.520000,0.84345
12123595,Karin_444,2024-05-20 12:26:30.646000,0.84341
12070375,Adamya Gaur,2024-05-06 15:53:00.606000,0.84338
12087482,ayucha,2024-05-28 16:44:20.323000,0.84335
12073563,zxxxxxz,2024-05-21 09:23:59.130000,0.8433
12085973,Vishaal Selvaraj,2024-05-10 05:54:27.293000,0.84328
12177466,zyhelicate,2024-05-29 09:32:25.746000,0.84325
12044540,Homin Park,2024-05-01 17:45:29.893000,0.84324
12073750,Amani Journey,2024-05-31 13:52:17.693000,0.84321
12164002,Tiw_Abhishek ,2024-05-31 21:55:32.556000,0.8432
12183029,maliquychen,2024-05-31 19:30:50.316000,0.84312
12074114,Uulnat,2024-05-07 10:00:24.430000,0.84311
12046979,Teruhiko Kusano,2024-05-22 00:31:53.700000,0.84307
12186344,Benedito Neto,2024-05-31 23:54:15.883000,0.84306
12192442,forestabcg,2024-05-31 23:53:06.870000,0.84299
12046346,Omar Dramé,2024-05-26 21:14:57.356000,0.84279
12111919,Sowmya Jayakanth,2024-05-29 15:59:52.156000,0.84276
12151020,Haneyvmp,2024-05-31 11:44:50.370000,0.84274
12059724,[Deleted] 7067f18f-2465-413d-a78c-2b1be0813dab,2024-05-11 05:08:11.853000,0.84265
12154099,Chiew12,2024-05-27 19:24:58.670000,0.84264
12067175,Ken Constable,2024-05-08 05:15:22.783000,0.84264
12103976,Mahesh Sunuwar,2024-05-13 20:36:43.800000,0.84257
12146431,vvh,2024-05-23 08:12:19.576000,0.84249
12064874,Ozzah,2024-05-18 06:40:31.146000,0.84239
12097907,sadafsayeed,2024-05-22 12:41:58.296000,0.8421
12079915,Zoe Tsing,2024-05-11 05:03:10.953000,0.84209
12048854,JYOTHISWAROOPREDDY,2024-05-12 14:13:10.896000,0.84209
12119090,QnQ0615,2024-05-16 12:39:45.140000,0.84207
12116961,groster,2024-05-19 16:15:06.803000,0.84205
12084906,TsaiTang00124,2024-05-17 14:09:57.986000,0.84205
12132657,Arnoldlily,2024-05-25 11:36:14.163000,0.84201
12130614,rkthrasher,2024-05-24 00:05:45.773000,0.84199
12072279,Ashna Nizar,2024-05-06 22:59:44.200000,0.84193
12179752,Bharat Kumar0925,2024-05-30 08:50:37.686000,0.84191
12176088,Kheerthiharan Saravanan,2024-05-28 18:23:43.073000,0.84171
12100926,Bhumit_Dev@ni,2024-05-25 02:15:25.603000,0.84167
12109921,Squad 99,2024-05-30 07:50:23.546000,0.84165
12175224,whi0814,2024-05-28 13:54:48.430000,0.84156
12091424,Grazyna H,2024-05-19 16:59:17.513000,0.84153
12142397,Shishido_Sho,2024-05-21 11:52:19.056000,0.84149
12072400,josjesus,2024-05-30 17:19:24.050000,0.84146
12152170,forestabc,2024-05-31 19:14:46.143000,0.84142
12133171,Nikita Sairam,2024-05-20 23:47:48.780000,0.84134
12066012,Saxam Rawat,2024-05-05 19:38:57.866000,0.84128
12074268,lin antao,2024-05-07 13:23:15.306000,0.84127
12044492,Lunran,2024-05-02 01:11:29.066000,0.84122
12130865,MashTK,2024-05-22 08:36:10.326000,0.8412
12100033,MiloszPabis,2024-05-12 19:45:21.453000,0.84119
12095095,Vasan Vohra,2024-05-11 21:46:12.686000,0.84113
12117863,Diptadeep Mondal,2024-05-16 18:04:39.620000,0.84113
12143657,Kevin Finn,2024-05-21 21:50:41.590000,0.84104
12070011,Pebble,2024-05-18 09:49:12.466000,0.84102
12133178,VenturaRaee,2024-05-19 12:20:23.370000,0.841
12050204,sardinetrawler,2024-05-08 12:49:14.803000,0.84098
12046112,Aminur Islam,2024-05-01 10:55:13.893000,0.84093
12061209,yangzhiwen111,2024-05-15 11:01:46.500000,0.84082
12135440,Jonggun Gim,2024-05-24 04:42:00.176000,0.84081
12178655,James Surya Putra,2024-05-31 05:13:23.490000,0.84078
12067703,Grooper,2024-05-13 07:50:53.070000,0.8407
12188186,Hyun292,2024-05-31 23:27:07.790000,0.84065
12149330,[Deleted] fb984731-a873-47f0-b10b-6de120e9ee90,2024-05-28 14:05:22.820000,0.84063
12051597,Mohamed Abder,2024-05-14 20:59:51.390000,0.84056
12074859,broCodeNet🦀,2024-05-07 09:39:36.713000,0.84055
12149318,xiaomo k,2024-05-22 19:41:09.333000,0.84049
12151108,Harshvardhan21,2024-05-24 09:31:19.373000,0.84044
12159001,Chelcy,2024-05-24 15:06:35.556000,0.84044
12183887,hschie,2024-05-31 06:50:01.150000,0.84032
12150903,Rhythm Patel,2024-05-23 11:21:25.323000,0.84028
12162996,Hayatoc,2024-05-25 15:38:27.703000,0.84026
12185828,Medha Pappula,2024-05-31 15:08:27.663000,0.84026
12112492,Miguel Espinoza,2024-05-15 06:09:25.690000,0.84024
12156630,Gaurav Parikh,2024-05-24 04:41:24.920000,0.84015
12054631,cancelThat,2024-05-03 22:44:49.436000,0.84005
12134079,Dr. Sat_k,2024-05-25 10:54:43.430000,0.84004
12140155,Ezequiel Schneider,2024-05-22 13:15:36.940000,0.84
12047655,Mohamed Abdelmagid,2024-05-01 23:59:29.010000,0.83985
12128378,SahilNan,2024-05-19 06:31:26.050000,0.83982
12164861,YashhVyass,2024-05-30 20:43:59.020000,0.83971
12103140,Gökhan Elbistan,2024-05-25 11:25:40.673000,0.83966
12134674,Mihail,2024-05-20 21:35:36.246000,0.83966
12138802,sordidmonkey,2024-05-20 14:42:05.303000,0.83956
12113093,zayik zahoor,2024-05-18 00:34:38.270000,0.8395
12173229,Chiu Po Chun0924,2024-05-28 07:08:53.690000,0.83946
12163707,Tushar Gupta,2024-05-31 16:13:51.806000,0.8394
12073741,Juan Pablo Lagos,2024-05-07 08:47:28.133000,0.83936
12049607,think_phil,2024-05-26 04:36:31.206000,0.83918
12168634,Adnansheikh,2024-05-31 06:43:43.703000,0.83899
12054267,Mauricio Cepeda D.,2024-05-14 16:48:34.583000,0.83897
12117552,Vinayak Tripathi,2024-05-19 03:31:32.466000,0.83891
12188505,Sparklism,2024-05-31 14:50:49.060000,0.83885
12066908,Ali dhl,2024-05-18 17:45:25.276000,0.83878
12068670,jy9307,2024-05-09 11:40:15.676000,0.83877
12045109,Umbra intrux,2024-05-02 10:41:04.830000,0.83875
12138552,David Svistea,2024-05-31 20:52:32.223000,0.83872
12061480,Hieu TANG,2024-05-17 18:26:40.780000,0.83863
12106873,주의ㅇㅏ,2024-05-14 07:49:14.986000,0.83861
12081778,Barry Jhang,2024-05-11 16:37:51.513000,0.83858
12064127,Anuraaga Nath,2024-05-05 13:49:25.533000,0.83855
12069089,komafumi,2024-05-12 05:45:03.823000,0.83833
12067027,Edde,2024-05-12 04:58:27.090000,0.8381
12176955,Yosuke AMANO,2024-05-29 12:42:28.270000,0.83801
12168730,Abhirama Gorti,2024-05-27 07:17:52.473000,0.83801
12151088,Daniel Borisov,2024-05-23 15:31:10.470000,0.83793
12103906,Gizem Nalbant Arslan,2024-05-21 12:41:48.360000,0.83787
12142213,cactikim,2024-05-30 23:23:59.120000,0.83787
12090902,Mirza Ehtesham Baig ,2024-05-10 14:40:24.720000,0.83786
12178329,YuQingF,2024-05-29 08:42:08.900000,0.83785
12047262,keithbe,2024-05-01 20:56:44.446000,0.83776
12068993,Kuba Gałosz,2024-05-22 18:15:47.896000,0.83771
12067530,aric,2024-05-06 07:17:05.276000,0.83761
12048460,M Colbert,2024-05-01 20:51:05.733000,0.8376
12101012,decentcoder,2024-05-13 19:07:50.570000,0.83735
12095233,Mohammad Amin Dehmolaee,2024-05-15 06:30:30.396000,0.83728
12098360,Parada Sormin,2024-05-22 10:25:48.323000,0.83726
12092701,[Deleted] 4338caf4-efae-41fb-8534-88f042f0ccad,2024-05-11 16:51:39.540000,0.83708
12044317,Kazuo Nishiyama,2024-05-01 00:38:07.460000,0.83701
12044696,Percy Feng,2024-05-01 23:40:08.623000,0.83696
12118571,K Fa,2024-05-31 18:48:56.700000,0.83669
12047273,AMRITANGSHU DASKAR,2024-05-02 07:42:22.866000,0.83646
12137797,attakahokkori,2024-05-27 11:58:41.886000,0.83622
12057947,Hephzibah Akintunde,2024-05-10 06:30:16.266000,0.83622
12105761,Dhulipala Siva ,2024-05-29 10:34:17.416000,0.8362
12044375,CLL,2024-05-10 02:28:09.490000,0.83617
12147878,sigmaBAXTI,2024-05-23 06:53:57.480000,0.83613
12155927,Farhan Khan,2024-05-25 22:12:34.040000,0.83609
12057028,Joules0,2024-05-30 07:27:48.043000,0.836
12090093,Brandon Ashley,2024-05-10 13:13:42.840000,0.83599
12166647,Gaurav Giri,2024-05-31 19:20:31.836000,0.83575
12129430,napam689,2024-05-30 04:05:06.890000,0.8357
12150381,Johnny,2024-05-31 09:16:57.856000,0.83568
12089889,K.Narsi Reddy,2024-05-31 17:55:29.200000,0.83568
12163105,twotreetkfm,2024-05-31 16:03:31.626000,0.83561
12071231,china LZU,2024-05-11 17:51:54.956000,0.83549
12120934,ronenhua,2024-05-28 21:01:42.866000,0.83545
12104860,Tiemen Vanderstraeten,2024-05-14 08:32:40.576000,0.83532
12170415,kai wong452,2024-05-28 08:21:02.816000,0.83529
12046032,nishiguchinozomu,2024-05-01 11:55:35.146000,0.83527
12084420,Dipit Jaywant,2024-05-10 14:40:42.893000,0.83506
12046769, Sumanthreal,2024-05-11 03:33:44.556000,0.83502
12087029,Murakami＿３６９,2024-05-11 13:11:20.440000,0.83502
12183801,Caner Sahan,2024-05-31 09:54:39.466000,0.83497
12123280,skaddy,2024-05-27 22:15:30.316000,0.83491
12067202,SainteBeuve,2024-05-14 18:08:33.583000,0.8349
12161254,Xlopchok,2024-05-27 23:22:03.140000,0.83454
12133958,Vigneshwaran S,2024-05-22 17:31:07.880000,0.83431
12062122,Arthur Gassner,2024-05-04 15:58:31.620000,0.83414
12098446,Varsha Shubhashri M,2024-05-13 14:20:41.143000,0.83411
12048708,Ville Viitaniemi,2024-05-03 10:41:24.633000,0.83406
12163966,Danny,2024-05-27 21:16:01.113000,0.83402
12163592,Zhuang Jia Hua,2024-05-27 05:14:21.920000,0.83393
12098470,nevroHelios,2024-05-21 11:04:48.053000,0.83387
12091514,abdelrhman elhelaly,2024-05-10 20:08:49.910000,0.83373
12071627,Parrdhi Gupta,2024-05-24 05:26:38.010000,0.8332
12129291,Georg Mathes,2024-05-25 16:44:39.936000,0.83293
12192427,[Deleted] 662f8125-7436-49fc-a69e-41d2655a9ebb,2024-05-31 23:39:50.636000,0.83279
12175787,indranil,2024-05-29 00:07:58.436000,0.83273
12108352,Mittal131,2024-05-15 06:17:39.960000,0.83263
12122944,vivek kumar 5148,2024-05-17 07:39:35.450000,0.83259
12093181,Victoria Cooke,2024-05-11 06:15:07.610000,0.83244
12062453,HARKIRAN KAUR CO21320,2024-05-05 14:30:30.660000,0.83242
12067226,Steven Garrett,2024-05-06 00:22:38.520000,0.83179
12070835,Giovanni Lovece,2024-05-06 22:18:13.860000,0.83178
12096350,Amaju Jalla,2024-05-14 23:28:55.533000,0.83151
12062546,sanjay lalwani,2024-05-05 09:37:18.363000,0.83123
12045501,Ng Yu Yue,2024-05-01 06:30:20.146000,0.83113
12106357,Arujjwal Negi,2024-05-16 02:57:47.333000,0.83113
12066080,HarkiranKaur2003,2024-05-05 16:02:55.346000,0.83108
12114647,mirror Mike,2024-05-23 13:35:34.926000,0.83101
12058515,Hkawanishi,2024-05-23 17:25:04.650000,0.83079
12086348,Duong Nguy,2024-05-10 04:16:51.870000,0.83076
12064111,YangAoTian,2024-05-05 12:22:06.690000,0.82981
12071887,nullify,2024-05-12 23:21:40.116000,0.82974
12110196,Ingebor_Engineering,2024-05-14 16:44:08.640000,0.82949
12142856,Javed Hussain Shaik,2024-05-22 07:16:17.376000,0.82842
12176887,CadenzaCoda,2024-05-29 00:34:41.630000,0.82834
12166669,N1ghtCube,2024-05-28 14:11:41.860000,0.82811
12093094,Hoang Nguyen,2024-05-23 02:39:17.236000,0.82741
12090017,LeeViy,2024-05-31 03:49:10.423000,0.82738
12072709,Koadak,2024-05-06 23:32:03.016000,0.82724
12191699,Devesh Kaushal,2024-05-31 22:10:59.283000,0.82657
12110458,RishitaVerma02,2024-05-14 18:20:00.510000,0.82635
12045552,Kostas Ereksonas,2024-05-15 16:43:07.136000,0.82581
12075973,Pedro Retzkowski,2024-05-09 10:23:26.336000,0.82535
12047560,Edward Kim,2024-05-02 08:49:24.340000,0.8252
12057324,Hakki Farafis,2024-05-06 09:52:43.240000,0.82485
12062837,SashaPopovLegend,2024-05-05 13:28:01.210000,0.82438
12174888,Marcela Martin,2024-05-31 15:24:36.903000,0.82365
12140927,Garry Ariel Cussoy,2024-05-22 17:42:29.916000,0.8233
12103029,Parshantkumar2033,2024-05-14 12:29:34.216000,0.82279
12050808,graymey,2024-05-02 08:28:42.916000,0.82193
12094657,medikonda usha,2024-05-11 09:58:15.056000,0.82141
12144564,Dominic Matriccino,2024-05-22 21:34:57.203000,0.82101
12069580,xjoshua55,2024-05-06 09:56:34.390000,0.82084
12158632,Wilhelm Vermelin,2024-05-24 15:13:38.043000,0.8207
12143116,Sakshat Kumar,2024-05-22 07:07:53.086000,0.82019
12089366,PUN,2024-05-12 17:39:10.220000,0.81886
12104023,Soumya KC161,2024-05-29 15:50:27.286000,0.81766
12081351,Sou16mik,2024-05-31 07:18:02.013000,0.81762
12073702,Kanta Yoshida,2024-05-08 00:49:50.276000,0.81714
12053063,Ishara Usoof,2024-05-08 16:16:05.900000,0.81699
12050583,hyelimna,2024-05-05 10:25:57.916000,0.81659
12165551,Anoop__Singh24,2024-05-31 13:22:38.163000,0.81642
12169706,basuoluomiu,2024-05-28 09:16:12.433000,0.81629
12044491,mineweenie,2024-05-14 04:48:53.170000,0.81597
12113964,Vjnoguera,2024-05-15 22:35:14.300000,0.8138
12146085,Jatin Yadav,2024-05-23 15:27:21.386000,0.81331
12056348,Jamshed Hussain,2024-05-03 11:20:43.750000,0.81262
12093421,Kshitij Mishra,2024-05-14 10:56:55.730000,0.81199
12159387,PranavMoses,2024-05-24 21:41:32.786000,0.81199
12112357,Daniella Esmeralda,2024-05-22 09:56:19.183000,0.81199
12128258,GUNHEE SON,2024-05-18 04:31:15.323000,0.81199
12113643,Tushar Sabat,2024-05-15 10:26:20.930000,0.81199
12100187,Yongyeon Kim,2024-05-12 20:08:42.743000,0.81199
12065886,AasthaSinghh,2024-05-05 15:27:53.026000,0.81199
12086175,Imteaz Ahmed 32,2024-05-11 16:27:27.060000,0.81199
12059570,nasyirah,2024-05-04 04:45:16.243000,0.81199
12056926,Anmol Pal,2024-05-12 08:13:17.770000,0.81199
12047021,Umang Kaushik,2024-05-07 13:06:53.596000,0.81199
12045719,LWOLWO,2024-05-01 07:28:47.420000,0.81199
12083370,Sebastián O. F.,2024-05-09 03:59:27.976000,0.81198
12071912,Kartheepan G,2024-05-14 10:14:40.300000,0.81075
12191339,Vaibhav Singh,2024-05-31 19:10:26,0.81031
12188003,Stuart Hayes2,2024-05-31 06:08:52.643000,0.80995
12074569,Naimish Bhoi,2024-05-19 09:38:07.956000,0.80985
12052082,Daniel Fernández,2024-05-03 19:15:25,0.80979
12054118,SimMurr,2024-05-31 20:38:23.556000,0.80959
12121016,Aditya Mukherjee23,2024-05-16 19:49:30.550000,0.80951
12044507,Achal Kumar,2024-05-28 08:27:33.553000,0.80943
12113063,_AlokSharma_,2024-05-15 16:11:49.636000,0.80937
12091869,Huseyin SEZEN,2024-05-10 16:50:21.513000,0.80917
12046261,HiSakiPeep,2024-05-25 14:52:11.066000,0.80912
12157016,HIMANSHU KUMAR SAW,2024-05-26 07:39:04.426000,0.80908
12046515,SASWAT TULO,2024-05-02 09:56:03.236000,0.80906
12048744,David Liebel,2024-05-01 21:27:27.593000,0.80904
12098629,Aradai,2024-05-13 16:43:12.040000,0.80902
12114211,Mahsun,2024-05-16 09:43:07.776000,0.80887
12156882,Ihsaan Hussain,2024-05-29 12:59:32.150000,0.80887
12099841,Andrewww8,2024-05-26 18:25:33.536000,0.80887
12166945,vikram bhamre,2024-05-26 18:16:02.470000,0.80887
12086567,Arya Jadhav,2024-05-10 19:18:52.993000,0.80887
12107633,Varsha Prathap,2024-05-14 12:10:19.806000,0.80887
12099341,[Deleted] 01aada83-cb88-4d39-b931-c3ddaf5c7527,2024-05-12 15:34:07.490000,0.80887
12069657,Engincan Göçer,2024-05-07 14:44:26.410000,0.80887
12180614,Kuldeep Singh,2024-05-31 20:22:03.563000,0.80863
12156042,Mike Hennelly,2024-05-24 04:17:19.116000,0.80841
12047118,Sijan,2024-05-01 21:15:15.396000,0.80839
12137960,Harsh Balaprasad Baheti,2024-05-20 12:30:15.213000,0.80822
12171371,Vitor Sampaio,2024-05-27 18:48:27.243000,0.80822
12133192,Rizwana,2024-05-20 10:38:33.110000,0.80822
12101474,Ankit Singh Dangwal,2024-05-14 15:32:42.163000,0.80811
12054486,Just4Fun,2024-05-02 21:59:23.006000,0.80781
12186390,syngtech,2024-05-30 17:48:16.923000,0.8063
12049033,Augustine Williams223,2024-05-11 17:30:57.696000,0.80558
12192087,[Deleted] da9306f5-8702-4c8e-9151-9e08d51e2540,2024-05-31 23:11:06.480000,0.80427
12119597,Xingjian_Li,2024-05-23 06:52:55.396000,0.80419
12114544,CoolRubberDuck,2024-05-15 17:19:12.266000,0.80402
12080518,LYLgogogo,2024-05-26 08:00:15.103000,0.80152
12047303,Chintakalya,2024-05-01 12:47:22.393000,0.80026
12143057,Brayan Barrios,2024-05-22 15:35:12.293000,0.79985
12177011,C S Ramya Sree,2024-05-31 19:00:12.353000,0.7988
12070489,KimiiG,2024-05-06 13:52:18.846000,0.79808
12177909,Yaseen G,2024-05-29 11:00:07.286000,0.79652
12151359,leechanmyeoung,2024-05-31 08:54:10.186000,0.79587
12105750,kelagnir,2024-05-31 22:44:13.666000,0.79571
12110574,Kaan Selvitopu,2024-05-31 14:02:14.450000,0.79411
12120473,hashAH,2024-05-16 19:49:40.863000,0.79286
12046897,qingyangqy,2024-05-02 04:35:26.200000,0.79139
12049129,SG20024,2024-05-30 03:35:05.390000,0.79065
12047724,aaryadev,2024-05-15 10:32:55.506000,0.78998
12171458,yuanming luo,2024-05-28 03:08:09.516000,0.78998
12061779,dhanraj_1995,2024-05-05 12:17:22.996000,0.78966
12114311,Alireza Falahat,2024-05-21 18:07:40.603000,0.787
12088097,Vardhan Reddy,2024-05-19 22:19:34.543000,0.78621
12051042,mamunr01,2024-05-18 18:05:24.730000,0.78613
12134171,Gurj0t Singh,2024-05-27 07:08:52.040000,0.78576
12064493,ParkinsonEduardo,2024-05-05 14:05:13.553000,0.78329
12130445,Noah vg,2024-05-18 17:31:58.950000,0.7815
12072374,Deeraina,2024-05-09 13:51:33.253000,0.7794
12050815,Yatin_Aggarwal,2024-05-14 16:51:06.206000,0.7792
12044409,imperio7,2024-05-02 11:58:09.810000,0.77322
12057715,mummyee,2024-05-03 14:05:04.776000,0.77322
12072601,CoderSolver,2024-05-07 00:02:41.903000,0.76914
12180350,nilisha kothari,2024-05-29 16:17:55.496000,0.76705
12044374,Rafi Ahmed,2024-05-09 15:23:02.280000,0.76633
12139195,Hikaru Umeda,2024-05-21 04:27:33.033000,0.76578
12093874,koupen,2024-05-11 08:19:57.240000,0.76578
12070163,Joe Foran,2024-05-07 05:26:30.576000,0.76565
12142838,主播码农重度依赖,2024-05-21 13:53:14.800000,0.76565
12074615,Santhosh G S,2024-05-31 18:27:14.930000,0.76565
12046893,feifeifei111,2024-05-05 14:40:02.686000,0.76564
12063591,Yutafffff,2024-05-06 01:01:49.673000,0.76534
12070754,komotarou,2024-05-08 12:43:23.213000,0.76494
12104532,Anubhav regmi,2024-05-13 15:49:13.446000,0.76494
12114238,Marta Serna ,2024-05-15 21:15:38.973000,0.76494
12121659,TK0714495,2024-05-21 16:53:21.876000,0.76494
12156923,400297-จีระศักดิ์,2024-05-31 08:38:29.870000,0.76494
12055602,YM,2024-05-03 18:11:30.570000,0.7631
12109296,hardarm,2024-05-18 04:44:40.953000,0.76099
12142061,lululu520,2024-05-26 11:20:43.513000,0.76074
12163913,Umesh Ramanathan,2024-05-28 15:54:12.120000,0.76073
12142951,zyh20030429,2024-05-26 09:14:24.973000,0.75801
12106755,Alex,2024-05-14 06:55:00.153000,0.75598
12048797,nog5572,2024-05-01 22:36:16.806000,0.74579
12177576,Shamal Lakshan,2024-05-30 02:13:24.236000,0.7402
12071793,Songhieng Van,2024-05-31 12:37:49.530000,0.73997
12108833,Alexander Vasyuk,2024-05-20 18:10:45.806000,0.73894
12047380,Erik.M,2024-05-01 13:46:57.223000,0.73835
12051751,kingkcabir,2024-05-07 09:56:44.003000,0.73672
12076837,Chris Turnbull,2024-05-10 15:09:04.726000,0.73438
12068786,InDisQualified,2024-05-19 08:47:49.760000,0.73378
12183525,WilliamW,2024-05-30 09:46:11.140000,0.73299
12081295,Julian Bigelmaier,2024-05-12 19:45:54.773000,0.73008
12146457,Ayush Sati,2024-05-24 10:08:09.700000,0.72945
12075720,lhbmatrix130,2024-05-07 16:34:21.206000,0.72857
12141657,Shreyansh83,2024-05-26 05:09:14.446000,0.72756
12109160,AkshayRamakrishnan28,2024-05-14 14:27:02.713000,0.72753
12181168,400932-ณัฐกิตติ์,2024-05-29 19:17:48.166000,0.72004
12166623,Yong-Shu Chen,2024-05-28 07:45:43.996000,0.71638
12165816,DavidChoi95,2024-05-26 13:30:11.400000,0.70757
12099387,Saw Ze Dong,2024-05-12 15:12:31.073000,0.7039
12151537,heon100,2024-05-23 10:22:41.120000,0.69773
12154552,Yoga Ramachandran,2024-05-23 21:30:43.593000,0.69773
12044459,Abish Pius,2024-05-02 02:56:50.570000,0.69704
12108677,tazib ahmed,2024-05-15 13:49:50.550000,0.69575
12108379,AravindProML,2024-05-20 12:14:16.710000,0.68017
12105019,Elias Westgaard,2024-05-28 08:54:53.180000,0.67829
12076916,Kwiecien Toller,2024-05-08 11:07:34.240000,0.66449
12160872,某菜鸡化学生,2024-05-26 16:05:55.036000,0.66267
12051079,Peter Moorhouse,2024-05-20 06:50:26.656000,0.66004
12165783,penguienah,2024-05-26 17:13:53.820000,0.65911
12113940,Francesc Roselló,2024-05-15 20:42:38.223000,0.65869
12102915,RanjithKrishna Acharya,2024-05-16 09:34:03.083000,0.65867
12113961,JoseLuisOrtega,2024-05-15 11:33:30.543000,0.65852
12135189,Debmalya Jash,2024-05-28 14:21:39.623000,0.65845
12074236,Priyanshu Maity,2024-05-09 02:14:22.846000,0.65831
12060068,Danish Mubashar,2024-05-04 12:12:33.133000,0.65824
12061907,Lakshminarayana,2024-05-13 06:25:50.983000,0.65767
12085701,Kishan Jesalpura,2024-05-09 15:27:34.980000,0.65668
12064323,Hindu Muppala,2024-05-31 17:38:19.300000,0.6566
12156727,masnoonahmed,2024-05-31 02:34:01.380000,0.65547
12131885,Deepinder Thind,2024-05-24 20:19:35.730000,0.65532
12148832,jordanriver,2024-05-22 17:27:33.280000,0.65493
12181304,Nilanjan DS,2024-05-30 11:03:28.006000,0.65493
12167264,Nilanjan Dey,2024-05-30 11:04:33.680000,0.65493
12088033,Victor Higa,2024-05-10 14:53:00.943000,0.65472
12045236,Hakseon Kim,2024-05-01 06:47:10.920000,0.65439
12136585,Novice,2024-05-20 11:15:05.443000,0.65403
12118035,Syed Mohaiminul Hoque,2024-05-16 18:35:57.720000,0.65355
12176444,Savit Pawar,2024-05-28 20:36:46.336000,0.65207
12053050,Wilson Coder,2024-05-02 16:42:26.056000,0.64779
12122085,Shrivarsha P,2024-05-31 17:57:13.026000,0.64399
12161664,Mohammadisrar,2024-05-25 15:07:58.863000,0.64393
12134365,Igal Bronshtein,2024-05-31 20:46:39.863000,0.64378
12132984,Affan Sayeed,2024-05-19 12:08:53.990000,0.64357
12162210,Nandika Agrawal,2024-05-25 14:55:55.976000,0.63828
12172598,Sahinhkn,2024-05-28 15:02:03.846000,0.63716
12063849,cosubhasmos,2024-05-07 17:18:22.883000,0.63651
12167573,LSJO09,2024-05-27 05:30:50.863000,0.6327
12103811,Sébastien Cosson,2024-05-27 09:46:32.633000,0.63014
12156229,Đặng Đào Xuân Trúc,2024-05-24 02:33:00.353000,0.62449
12044565,Kristofer Hiis-Hommuk,2024-05-31 17:25:44.163000,0.62001
12190052,gortorozyannnn,2024-05-31 23:49:35.096000,0.6166
12048232,Domain Masters,2024-05-31 17:03:10.363000,0.61383
12106586,Kunjal Jethwani,2024-05-21 22:47:22.960000,0.61379
12189390,Geetansh_1301,2024-05-31 14:04:41.863000,0.60417
12121296,Sara Hall,2024-05-17 15:35:23.236000,0.60366
12074135,SciencerZ,2024-05-07 07:56:14.303000,0.57248
12174268,Chien MG,2024-05-28 17:01:56.236000,0.57073
12147660,Arkadiy Nagel,2024-05-22 15:01:08.743000,0.56519
12161740,Nelluri Pavithra ,2024-05-27 11:16:10.166000,0.55786
12133938,Adib Quader,2024-05-20 10:26:14.566000,0.55735
12079369,Sai Krupa 29,2024-05-10 06:38:37.876000,0.55403
12112481,Anjali Rai,2024-05-22 07:15:38.590000,0.55397
12183633,Dhanyatha Shree C A,2024-05-30 09:47:37.780000,0.55397
12171526,Navin Patle,2024-05-29 16:07:32.980000,0.55397
12163975,Ayush kumar Rai,2024-05-27 16:39:18.296000,0.55397
12164919,Aditi Likhar,2024-05-26 08:05:39.533000,0.55397
12051879,monkey D liffy,2024-05-02 11:00:52.820000,0.55397
12130316,ShaileshLP,2024-05-19 05:09:51.570000,0.55397
12054995,Sybil Dias,2024-05-19 01:07:41.026000,0.55397
12143145,INDHRA KIRANU,2024-05-21 13:36:20.620000,0.55397
12081034,Dakshbir Singh,2024-05-16 06:25:31.436000,0.55397
12109441,Yadnesh Govalkar,2024-05-14 16:43:56.353000,0.55397
12062708,PRAVINN TRIPATHI,2024-05-05 14:45:46.473000,0.55397
12060927,Abdullatif Kaban,2024-05-10 12:12:05.420000,0.55397
12056967,Prakash Mudholkar,2024-05-03 18:28:32.853000,0.55397
12053250,02_Snehal Awadan,2024-05-02 15:57:59.140000,0.55397
12051868,Bhaaskar,2024-05-02 11:13:35.763000,0.55397
12104452,mik.ro89,2024-05-19 20:14:17.230000,0.55396
12114578,ken8aisa,2024-05-16 04:24:23.793000,0.55278
12117987,Prakhar Chhalotre,2024-05-28 09:38:59.220000,0.54936
12133256,fangwh666,2024-05-19 12:26:48.106000,0.54701
12121464,JoshGold29,2024-05-21 00:08:33.060000,0.54082
12080132,Danila Kuryakin,2024-05-08 11:47:29.316000,0.51721
12047618,Eddy Liu,2024-05-16 18:20:38.206000,0.51058
12097534,Suraj Ghosh,2024-05-13 07:37:31.656000,0.51014
12178483,Viraj Hemantha,2024-05-29 09:16:56.810000,0.50534
12167149,Sumanth,2024-05-28 08:36:50.146000,0.48451
12097182,Harish B,2024-05-13 06:09:17.306000,0.47931
12048629,Nithish@007,2024-05-17 13:15:18.163000,0.47762
12065465,Mihiran Pasindu,2024-05-05 14:04:45.940000,0.45198
12108561,Shubham Bhandarkar,2024-05-29 11:35:25.920000,0.40688
12172249,Mubashir Rahim,2024-05-28 12:12:24.006000,0.37437
12116678,David Cabrera,2024-05-18 02:58:45.610000,0.3544
12050514,Markus Hohlagschwandtner,2024-05-02 06:36:06.200000,0.33046
12175188,[Deleted] 31ac94c5-a8c6-4d6e-a977-af4c8f018251,2024-05-28 13:53:52.623000,0.30062
12163892,Nisarg Kudgunti,2024-05-25 21:15:37.936000,0.28241
12044007,rf_benchmark.csv,2024-04-02 15:56:02.363000,0.26403
12046814,Akshay Bhutada,2024-05-01 11:54:36.673000,0.19712
12049115,James Rowe,2024-05-03 05:19:56.103000,0.18766
12093909,Ratan Kumar S,2024-05-14 10:26:04.913000,0.18426
12105119,Md. Ashikur Rahman,2024-05-25 03:43:49.513000,0.18328
12107741,SAHANA R,2024-05-14 13:33:43.683000,0.18328
12109286,Vimal Raj D,2024-05-14 14:20:21.466000,0.18328
12092224,SOAKORA ,2024-05-10 19:41:52.153000,0.17736
12089506,nao hasi,2024-05-24 01:22:09.393000,0.15588
12048342,nbljain,2024-05-01 19:42:28.123000,0.12096
12058410,Pawan Thapaliya,2024-05-05 22:58:26.106000,0.11366
12184859,hais213,2024-05-30 23:41:06.336000,0.09851
12146435,Jatan P Bhatt,2024-05-22 07:48:19.946000,0.09613
12124042,Sahil Mohal,2024-05-17 12:20:09.596000,0.06809
12183133,sjk0202,2024-05-30 05:41:39.576000,0.06386
12047526,Avipsa Swain,2024-05-07 17:39:58.680000,0.06033
12164083,UNBEGRENZT,2024-05-26 00:09:34.763000,0.05284
12165302,EmirKaanozdemr,2024-05-26 10:54:01.696000,0.02033
12103138,Swayam Patil,2024-05-13 12:50:17.273000,0.00258
12047836,LeslieM,2024-05-26 20:41:30.283000,0.00139
12100615,HsergeyFrolov,2024-05-13 01:08:54.803000,0.00131
12143373,Sadia_Sid,2024-05-21 13:55:59.306000,-0.0
12167580,liangjinquan,2024-05-27 02:32:33.773000,-0.0
12066732,Sabrim Mahmud,2024-05-05 19:19:19.730000,-0.0
12166753,Sonal Welihinda,2024-05-28 16:34:34.870000,-0.00052
12046069,Subhadip De,2024-05-02 07:55:07.416000,-0.00053
12159184,Ginger,2024-05-24 14:24:38.116000,-0.00816
12125656,byeonghyeon kim,2024-05-31 15:31:46.516000,-0.00816
12182043,Muhammed T. Aboseif,2024-05-31 08:03:53.890000,-0.00816
12186009,HOPEXU,2024-05-30 15:42:10.480000,-0.00816
12172352,nishikori,2024-05-29 15:58:00.856000,-0.00816
12117108,lorrony,2024-05-29 08:03:25.450000,-0.00816
12111769,YYeung_94,2024-05-29 06:52:25.006000,-0.00816
12166534,CasperTimmermans,2024-05-26 16:33:49.566000,-0.00816
12174929,CliviaW,2024-05-28 12:35:14.583000,-0.00816
12072687,disk_sys,2024-05-24 07:49:14.850000,-0.00816
12151709,pallavi,2024-05-23 14:24:46.256000,-0.00816
12152629,ForbiddenSoul,2024-05-23 13:25:06.046000,-0.00816
12150574,Mansi Anand1,2024-05-23 04:50:57.240000,-0.00816
12150236,kimhyunwoo12364,2024-05-23 04:28:01.770000,-0.00816
12140523,parkjihoon,2024-05-21 01:36:48.743000,-0.00816
12054547,Michael Mellinger,2024-05-17 01:52:52.173000,-0.00816
12105692,MasaMin,2024-05-29 06:31:48.200000,-0.00816
12071634,[Deleted] dce17e8d-b781-4bd9-b6b1-a1540c6f5d27,2024-05-06 18:35:41.953000,-0.00816
12116261,Narendra Singodia,2024-05-18 18:18:14.716000,-0.01047
12148003,BINLAN WU,2024-05-25 20:11:40.320000,-0.01363
12157347,yifanic,2024-05-24 09:31:36.553000,-0.03209
12091406,Adwait S,2024-05-10 17:25:24.443000,-0.04962
12160189,Riwa Massaad,2024-05-26 12:49:43.683000,-0.08016
12084141,Todo Lodo,2024-05-09 22:08:59.433000,-0.22316
12072125,Anmol Arora,2024-05-10 13:44:18.023000,-0.31503
12056754,Mohcen Chouireb,2024-05-03 14:54:45.550000,-0.41293
12099693,Md. Shaiful Islam,2024-05-14 12:10:33.540000,-0.51532
12185051,Conorjhayes,2024-05-30 17:41:32.546000,-0.52044
12079457,yamauchi_M,2024-05-19 14:19:00.973000,-0.52143
12156149,知念隆平,2024-05-24 05:21:02.090000,-0.53473
12120102,Michele Comotti,2024-05-28 16:05:00.083000,-0.5556
12189735,sisofun,2024-05-31 20:12:19.130000,-0.55579
12103240,metehan kantemir,2024-05-31 13:14:33.543000,-0.55579
12187799,Akanksha Kumari,2024-05-31 17:14:56.423000,-0.55579
12113019,Priyansh-2004,2024-05-19 17:10:26.743000,-0.55709
12046624,Agung Sidharta So,2024-05-02 00:53:07.286000,-0.74345
12173328,Psylas,2024-05-28 16:09:08.446000,-0.83315
12051349,renju reji,2024-05-03 09:22:27.346000,-0.99661
12117833,[Deleted] 6e1e2d69-ae62-4495-a1db-462cb4a1eefd,2024-05-16 06:38:01.980000,-1.66581
12134697,Benjamin Lawani,2024-05-25 01:39:58.586000,-1.73733
12088040,HenryEDaniel,2024-05-10 00:29:54.170000,-1.85357
12049004,Yash Ghogre,2024-05-19 18:12:40.653000,-2.61825
12117730,Ahmer Iqbal,2024-05-18 08:38:33.050000,-2.76106
12157210,Anustup Biswas,2024-05-30 18:19:23.253000,-4.94602
12144830,Shubham K,2024-05-28 22:48:57.420000,-4.97739
12070555,Pranjal Bharadwaj,2024-05-06 13:50:14.386000,-5.18275
12158965,ifeekes,2024-05-27 17:12:25.460000,-6.18024
12054294,Team Lanthanide,2024-05-06 22:21:28.116000,-8.89118
12046817,Rewanth_teja,2024-05-01 11:36:12.380000,-10.44716
12075338,Iionate,2024-05-07 23:42:55.413000,-13.29544
12147627,Satya Patro,2024-05-27 07:42:06.213000,-14.02699
12162415,kariyazono,2024-05-25 17:49:29.656000,-19.39447
12136215,Ritvik Ranjan Tiwari,2024-05-20 12:02:00.686000,-25.03189
12106325,surajmishra,2024-05-14 04:50:11.943000,-25.41534
12062018,Divyanshu Dubey ,2024-05-07 03:28:35.370000,-30.76779
12048335,Md Raqeeb Haider,2024-05-02 06:39:22.923000,-31.31159
12044500,Pankaj Gupta,2024-05-28 12:37:53.280000,-37.72405
12092177,Prixis,2024-05-13 03:35:16.060000,-38.35036
12047668,Kunj Kansara,2024-05-27 19:59:42.343000,-51.33152
12098481,Arnav Shukla4,2024-05-31 15:31:27.346000,-53.30489
12080763,Vinay Kumar Kosgi,2024-05-20 09:14:44.226000,-67.54366
12132981,Josef Strnad,2024-05-20 09:08:47.286000,-70.22549
12058588,Mutahar,2024-05-07 10:55:35.653000,-75.2425
12183564,Wycliffe Ogero Bosire,2024-05-31 08:51:48.240000,-80.02332
12116510,daybeyes,2024-05-19 06:05:53.823000,-82.03926
12069348,Parsa Askari,2024-05-06 18:50:05.153000,-88.46691
12094824,firebq,2024-05-11 14:12:23.120000,-93.49967
12056603,Vinay kashyap52,2024-05-04 09:57:56.920000,-95.18761
12099109,Fallenorder,2024-05-12 14:35:35.843000,-96.07032
12046911,Partow Moradi,2024-05-02 06:40:43.070000,-97.83819
12046427,OU KEISHO,2024-05-15 10:54:55.040000,-97.83821
12066168,[Deleted] 5b001159-9c42-4ddb-ba9b-4c885c5136b8,2024-05-24 11:05:22.153000,-98.17531
12059958,Rajendar Katravath,2024-05-24 10:41:19.796000,-118.97909
12127620,Ajibola Oki,2024-05-26 15:42:55.793000,-128.21056
12151397,Nazlı nazan Avcı,2024-05-31 21:41:48.733000,-252.71879
12053102,Sara,2024-05-31 09:55:09.100000,-381.20582
12058538,Isakazu,2024-05-07 20:27:35.376000,-510.81635
12162245,Jkay,2024-05-25 16:16:49.963000,-514.73099
12044938,Pratyush801,2024-05-04 08:19:50.610000,-514.83265
12111038,Paulo Correia,2024-05-21 16:40:23.746000,-915.52228
12047592,Farah Dhia,2024-05-26 14:35:06.993000,-154261.63352
12138013,Zaid Ullah,2024-05-30 12:07:50.866000,-600183.21091
12054892,Ai Eliters,2024-05-19 13:13:39.553000,-601279.11399
12069768,nothing matter,2024-05-07 09:41:52.243000,-957529.19679
