Rank,TeamId,TeamName,LastSubmissionDate,Score,SubmissionCount,TeamMemberUserNames
1,12046713,aldparis,2024-05-30 20:24:42,0.86943,20,adaubas
2,12044263,Peaky Blenders,2024-05-31 23:03:23,0.86943,155,"lashfire,mdoroch"
3,12044615,Grindr,2024-05-31 22:14:08,0.86943,52,pes1202203872
4,12044284,.,2024-05-31 19:07:10,0.86943,38,mattop
5,12044312,Team AutoML Grandmasters,2024-05-31 23:55:24,0.86942,24,"innixma,lennartpuruckerisg"
6,12044889,Swaggle😎,2024-05-31 19:40:39,0.86941,43,idlivada000
7,12049454,Arsa Nikzad,2024-05-30 00:56:04,0.86941,85,arsanikzad
8,12047823,Optimistix,2024-05-31 23:58:18,0.8694,104,optimistix
9,12044260,Tilii,2024-05-31 21:31:16,0.8694,125,tilii7
10,12045156,Kuldeep Rathore,2024-05-31 16:52:26,0.8694,45,kuldeeprathoree
11,12046037,Vardan Adibekyan,2024-05-31 10:40:28,0.8694,124,vardanadibekyan
12,12094989,Matteo Barucco,2024-05-31 23:51:55,0.8694,67,matteobarucco
13,12048279,PRASHANT SHUKLA91,2024-05-31 13:56:01,0.8694,144,prashantshukla91
14,12053067,FloodPrediction_DSLanders1,2024-05-31 23:22:19,0.8694,25,"azamjafari,banafshehheidari,samiraalipour"
15,12044288,R & A,2024-05-31 18:00:03,0.8694,140,"arunklenin,ravi20076"
16,12046119,PyroTech,2024-05-31 14:15:46,0.8694,37,pyrotech
17,12059175,Aravind Pillai,2024-05-31 16:19:53,0.8694,88,aspillai
18,12044858,Mahdi Ravaghi,2024-05-31 06:48:59,0.8694,129,ravaghi
19,12147227,huli12,2024-05-31 11:06:30,0.8694,10,huli12
20,12085985,JuseTiz,2024-05-31 05:17:10,0.8694,15,jusetiz
21,12112010,Michael Jonathan,2024-05-31 02:27:20,0.8694,68,michaelxyjonathan
22,12171096,Lena One,2024-05-31 02:29:02,0.8694,9,lenaone
23,12140515,khs2104,2024-05-31 00:11:36,0.8694,55,khs2104
24,12076224,Golubev Ignat ,2024-05-31 09:12:46,0.8694,43,golubevignat
25,12174233,DanielXYZJohnson,2024-05-31 02:31:13,0.8694,12,danielxyzjohnson
26,12189145,George Papachristou,2024-05-31 10:55:31,0.8694,5,mscgeorges
27,12044346,kailai,2024-05-31 19:18:48,0.86939,54,kailai
28,12046629,OMID BAGHCHEH SARAEI,2024-05-31 16:38:37,0.86939,120,omidbaghchehsaraei
29,12144096,Tuwaiq Storm,2024-05-31 23:56:04,0.86939,30,"majood11232,reyadgh,tuwaiqstorm"
30,12163258,ms7851,2024-05-31 17:21:06,0.86939,15,ms7851
31,12163759,mandgeee,2024-05-31 20:20:19,0.86939,5,mandgeee
32,12095548,voda,2024-05-31 13:24:05,0.86939,79,danylovorvul
33,12045083,EISLab_hwlee,2024-05-31 14:05:28,0.86939,50,leeheewon01
34,12079390,huggon1,2024-05-31 07:01:59,0.86939,3,huggon1
35,12097928,Ravikumar chavva,2024-05-31 05:14:08,0.86939,10,"ravikumarchavva,sparthasaradhi,subramanyam95"
36,12160284,Zulqarnain Ali,2024-05-31 07:52:16,0.86939,4,zulqarnainalipk
37,12141000,koiotoe,2024-05-31 16:50:09,0.86939,20,koiotoe
38,12095483,waticson,2024-05-31 13:17:14,0.86939,22,yutodennou
39,12180056,caster,2024-05-31 15:12:09,0.86939,6,rongyuyang
40,12141261,DipDS109,2024-05-31 21:02:50,0.86939,5,dipds109
41,12046522,ranunblch,2024-05-31 21:54:37,0.86939,37,"ivanblch,ranunculusrepens"
42,12122283,esakat.y,2024-05-31 23:47:51,0.86939,1,esakaty
43,12044521,sun9sun9,2024-05-31 12:09:29,0.86939,30,sun9sun9
44,12046019,Octavio Grau,2024-05-31 13:34:05,0.86939,31,octaviograu
45,12160665,ma 127,2024-05-31 23:43:58,0.86939,12,ma1166mu
46,12140620,강준성,2024-05-31 12:20:01,0.86939,45,naeby1
47,12115819,Manav Trivedi,2024-05-30 17:56:43,0.86939,9,manavtrivedi
48,12067043,gtwp,2024-05-30 01:13:44,0.86939,51,vktsyp
49,12143724,Paul Kamau,2024-05-30 03:03:51,0.86939,6,paulnkamau
50,12047257,kojimar,2024-05-30 07:34:13,0.86939,2,kojimar
51,12051537,rabbie,2024-05-29 10:21:42,0.86939,2,larjeck
52,12062393,Paweł Kauf,2024-05-31 12:47:06,0.86939,88,pawelkauf
53,12047194,Junichiro Morita,2024-05-29 11:19:47,0.86939,7,junichiromorita
54,12048527,The Chronic Learners,2024-05-31 19:18:38,0.86939,50,"jotarostar,vladimirmijatovic,yacharki"
55,12085451,Averil Kan,2024-05-29 13:50:34,0.86939,3,averilkan
56,12165558,pjypjy123,2024-05-29 14:20:42,0.86939,3,pjypjy123
57,12151503,Anthony-B2,2024-05-31 15:01:50,0.86939,10,anthonyb2
58,12175359,EulKaggle,2024-05-31 11:41:33,0.86939,4,eulkaggle
59,12180508,Daniil Bokhan,2024-05-31 14:34:52,0.86939,6,daniilbokhan
60,12171929,Yokoh,2024-05-30 10:05:53,0.86939,5,hiroyoko
61,12170629,baellouf,2024-05-30 00:19:52,0.86939,5,baellouf
62,12044419,Vince Lam,2024-05-30 01:20:38,0.86939,2,vincenthml
63,12045279,A.Ishibashi,2024-05-30 02:07:09,0.86939,4,akihiroishibashi
64,12183452,ODJ,2024-05-30 06:30:53,0.86939,1,gt5uk7spyj
65,12046269,LuminousC,2024-05-31 21:02:24,0.86939,74,rockiecao
66,12189375,franknoh,2024-05-31 17:48:31,0.86939,4,kkotbotdocs
67,12180913,Nirmal Falzoni,2024-05-31 14:44:16,0.86939,15,nirmalfalzoni
68,12044331,Sumanta Basak,2024-05-29 04:13:07,0.86939,41,drsb24
69,12044610,Satya,2024-05-31 15:21:53,0.86939,120,satyaprakashshukl
70,12067443,bestwater,2024-05-31 01:40:44,0.86939,67,bestwater
71,12142640,hyy1800,2024-05-31 22:52:14,0.86939,17,hyy1800
72,12048610,Yan Teixeira,2024-05-30 03:58:16,0.86939,106,yantxx
73,12058068,Javen Huang2,2024-05-28 15:42:17,0.86939,2,javenhuang2
74,12138397,eafanfads,2024-05-28 16:46:46,0.86939,26,eafanfads
75,12044514,melon-cc,2024-05-29 17:52:00,0.86939,16,meloncc
76,12141773,leessjn,2024-05-31 15:24:14,0.86939,30,"leessjn,leessjn07,yohowow"
77,12168805,raphael070916,2024-05-30 20:19:06,0.86939,11,raphael070916
78,12166545,권혁준 (Hyeokjun Kwon),2024-05-31 22:31:35,0.86939,11,hyeokjunkwon1
79,12163276,Taegyeom Kim,2024-05-31 19:20:13,0.86939,13,luis066
80,12087011,Mert Bayraktar,2024-05-28 20:24:34,0.86939,53,mertbayraktar
81,12164986,Tuwaiq_DataMasters,2024-05-28 20:39:10,0.86939,5,tuwaiqdatamasters
82,12049573,Muhammad Awais Tayyab,2024-05-29 01:20:10,0.86939,12,muhammadawaistayyab
83,12053404,সুশীল সমাজ,2024-05-31 12:44:23,0.86939,61,adinishad
84,12158672,HyojeSeo,2024-05-31 15:05:09,0.86939,19,hyojeseo
85,12050074,tkchka,2024-05-29 01:26:44,0.86939,1,takeshichka
86,12046999,kglctf,2024-05-31 14:24:52,0.86939,155,kglctf
87,12161590,hsryu2020,2024-05-31 19:57:04,0.86939,10,hsryu2020
88,12175810,BNZOOO,2024-05-31 16:35:46,0.86939,14,bnzooo
89,12151792,xyskisjxn,2024-05-31 14:18:46,0.86939,17,xyskisjxn
90,12164921,soohwan521,2024-05-29 00:11:14,0.86939,11,soohwan521
91,12143213,kimsooo,2024-05-31 04:11:26,0.86939,39,kimsooo
92,12047761,Fismoilo,2024-05-31 13:46:47,0.86939,15,"davesultankhodjaev,fismoilo"
93,12162073,Umair Zia,2024-05-29 09:01:39,0.86939,14,stealthtechnologies
94,12159638,Jordi Rosell,2024-05-31 15:59:15,0.86939,4,jordirosell
95,12174781,woochan_614,2024-05-29 00:00:40,0.86939,6,woochan614
96,12047827,jungsehyung,2024-05-31 15:21:07,0.86939,12,jungsehyung
97,12168156,-Kim HyeonHyu,2024-05-31 14:48:50,0.86939,10,kimhyeonhyu
98,12160875,eqr평 1000,2024-05-29 15:31:31,0.86939,11,eqr1000
99,12140985,real_benson_boone,2024-05-31 22:43:45,0.86939,23,realbensonboone
100,12107285,zenonnnnnnn,2024-05-31 16:50:55,0.86939,10,zenonnnnnnn
101,12054056,0x100,2024-05-31 14:36:54,0.86939,16,triblex
102,12142166,Luminor,2024-05-31 07:07:39,0.86939,14,leeewonjooooon
103,12161247,Dldmsrl,2024-05-31 16:03:31,0.86939,12,dldmsrl
104,12163413,nick1893,2024-05-31 15:30:48,0.86939,10,nick1893
105,12152717,kimminchan00,2024-05-30 09:11:03,0.86939,15,kimminchan00
106,12147628,thomas min Choi,2024-05-31 23:54:56,0.86939,15,thomasminchoi
107,12156509,ssjjbbeenn,2024-05-31 08:03:50,0.86939,17,ssjjbbeenn
108,12170588,inkonic,2024-05-31 22:33:50,0.86939,15,inkonic
109,12140767,kimonojundaes,2024-05-31 22:20:10,0.86939,17,kimonojundaes
110,12140464,seojinyoonnnn,2024-05-31 23:42:39,0.86939,23,seojinyoonnnn
111,12174545,ntj0310,2024-05-31 17:27:14,0.86939,12,ntj0310
112,12150175,jiseok2605,2024-05-31 18:35:31,0.86939,14,jiseok2605
113,12092678,Dulina Perera,2024-05-28 19:21:31,0.86939,5,pereradulina
114,12048389,Mathurin Aché,2024-05-28 18:50:23,0.86939,7,mathurinache
115,12163078,9666,2024-05-29 14:53:56,0.86939,6,jatinchawda
116,12062036,RenataLi,2024-05-28 20:32:38,0.86939,20,renatali
117,12143550,ayayatooya,2024-05-28 22:22:24,0.86939,13,ayayatooya
118,12075480,Flood Team DSLanders,2024-05-28 22:55:10,0.86939,5,"mahdi12,reyhanehassani,rezashokrzad"
119,12044786,MUHAMMAD ABDULLAH,2024-05-28 23:36:40,0.86939,27,abdmental01
120,12147054,andy0614,2024-05-31 14:50:43,0.86939,18,andy0614
121,12159338,eeyeooo,2024-05-31 12:14:35,0.86939,27,eeyeooo
122,12164490,w_olovo,2024-05-31 17:41:09,0.86939,18,wolovo
123,12167696,Jimin Wang,2024-05-31 00:52:30,0.86939,15,jimmy987654
124,12079526,H jack01,2024-05-29 06:14:33,0.86939,5,hjack01
125,12045436,Ashish,2024-05-30 04:57:40,0.86939,82,ashishkumarak
126,12053086,Linhhhhhhhh,2024-05-29 09:53:45,0.86939,8,linhhhhhhhh
127,12151117,nimeajku,2024-05-29 23:04:57,0.86939,7,nimeajku
128,12170722,ultra_pro_noob_max,2024-05-29 10:23:21,0.86939,6,ultrapronoobmax
129,12044977,Team5-DSLanders,2024-05-29 11:18:32,0.86939,20,"kimiaabdolahzadeh,mobinapoulaei,zehrarahimian"
130,12055853,Evseev Sergey,2024-05-29 12:53:36,0.86939,7,veirding
131,12143723,irenesy,2024-05-31 06:04:06,0.86939,20,irenesy
132,12139577,Ernest Terjyan,2024-05-29 18:03:15,0.86939,4,ernestterjyan
133,12128268,Karwei Wong,2024-05-29 23:21:29,0.86939,16,karweii
134,12074368,JRPC,2024-05-30 09:35:05,0.86939,6,juanricardop
135,12069006,LeiShenOS,2024-05-31 15:19:25,0.86939,68,leishenos
136,12162954, 오규원,2024-05-31 16:05:26,0.86939,11,dshs2608
137,12092788,sai_auc,2024-05-30 23:25:03,0.86939,5,saiauc
138,12159685,Shubham Kale,2024-05-31 05:34:02,0.86939,8,shubhamkale23094
139,12053665,Igor Volianiuk,2024-05-31 10:04:20,0.86939,33,igorvolianiuk
140,12117804,RayhaanK,2024-05-31 11:24:18,0.86939,12,rayhaank
141,12046513,Sujith K Mandala,2024-05-31 13:00:45,0.86939,24,sujithmandala
142,12189228,Manojt642,2024-05-31 13:11:45,0.86939,4,manojt642
143,12106390,Izzan S. A.,2024-05-31 14:50:35,0.86939,3,isamobagaming
144,12137058,X#@,2024-05-31 20:06:12,0.86939,2,atifsuhail
145,12046155,Snezhana Markiv,2024-05-31 20:28:59,0.86939,1,cnezhmar
146,12045526,Trupolog Helper,2024-05-28 20:47:01,0.86939,43,trupologhelper
147,12049793,AAA Team,2024-05-30 21:59:31,0.86939,40,"inzaghim,jiajunhuang43"
148,12045532,Yongsuk Prasertsuk,2024-05-29 13:37:11,0.86939,57,yongsukprasertsuk
149,12049696,[Deleted] cbdfb70b-c706-4bfe-b790-ea1af4e918ef,2024-05-30 00:06:02,0.86939,32,del=046336f57b1d1b63
150,12075006,BTS_DSLanders_Team2,2024-05-30 09:22:39,0.86939,19,"abbasseifossadat,alirezatabaei,homabeyrami"
151,12052391,Yeshua T,2024-05-31 18:15:28,0.86939,31,yeshuat
152,12054904,Thiago Lima Santos,2024-05-31 18:17:44,0.86939,33,thiagolimasantos
153,12044323,[AutoML(Only) + FE] - Abir,2024-05-31 18:57:22,0.86939,57,abireltaief
154,12044300,Cyril Bourgeois,2024-05-31 18:37:10,0.86939,43,cyrilbourgeois
155,12076473,mehedi_457,2024-05-31 04:46:29,0.86939,61,mehedi457
156,12138558,Rahardi Salim,2024-05-30 15:23:43,0.86939,3,rahardisalim
157,12152660,theod,2024-05-31 00:51:53,0.86939,19,theod9
158,12187469,Ryosuke Saiki,2024-05-31 02:12:18,0.86939,1,ryosukesaiki
159,12044304,Oscar Aguilar,2024-05-31 02:37:09,0.86939,52,oscarm524
160,12176270,Stack Dreamer,2024-05-31 16:25:56,0.86939,5,alwdj07
161,12104101,Mister Bull,2024-05-28 21:00:27,0.86939,10,misterbull
162,12046140,Parth,2024-05-29 03:22:42,0.86939,42,parthdande
163,12141003,clappingminnnn,2024-05-29 07:33:49,0.86939,15,clappingminnnn
164,12056972,DEVENDRA SINGH,2024-05-31 13:32:50,0.86939,19,devendrasingh34
165,12174133,Fadhaa Ali,2024-05-31 05:23:52,0.86939,6,fadhaaali
166,12179572,mahdieh003,2024-05-30 11:42:42,0.86939,8,mahdieh003
167,12045269,Mart Preusse,2024-05-30 17:12:36,0.86939,31,martinapreusse
168,12069280,Flood_Regression_DSLanders3,2024-05-29 12:01:22,0.86939,21,"mahdieh002,sinaexe,somayenematizad"
169,12077772,PetrosResurgence_DSlanders,2024-05-29 19:51:45,0.86939,3,"fahimehjafarianlari,hadiebrahimiseraji,mnejadi"
170,12174465,mahdieh001,2024-05-29 11:56:08,0.86939,10,mahdieh001
171,12188428,sungli choi,2024-05-31 17:11:36,0.86938,4,sunglichoi
172,12044715,SAS,2024-05-31 22:44:00,0.86938,58,"iworeushankaonce,samvelkoch,sergiosaharovskiy"
173,12075652,Team DSLanders,2024-05-30 12:55:48,0.86938,15,"aspnet222,del=128c53d9cf916906,roqayyeh"
174,12044303,Thiago Mantuani,2024-05-30 12:00:22,0.86938,27,thiagomantuani
175,12045319,paddykb,2024-05-31 13:51:48,0.86938,38,paddykb
176,12166295,KiwiKa,2024-05-30 23:38:55,0.86938,16,kiwika
177,12163221,asdf852456,2024-05-31 15:37:08,0.86938,10,asdf852456
178,12044748,ITASps,2024-05-31 03:25:29,0.86938,19,itasps
179,12162729,mm lee,2024-05-31 21:24:29,0.86938,29,mmmmmlee
180,12044359,Tyler,2024-05-31 21:22:36,0.86937,22,tylerfeemster
181,12135447,Blank,2024-05-31 17:27:47,0.86937,4,jeffreykey34
182,12045314,Sujal Neupane,2024-05-30 17:40:57,0.86937,45,neupane9sujal
183,12141776,Junho Park,2024-05-31 14:42:21,0.86937,41,jhp0505
184,12161598,alicerosecastledine,2024-05-31 16:17:40,0.86937,13,alicerosecastledine
185,12044404,GyoGyoCat,2024-05-31 13:12:47,0.86937,27,gyogyocat
186,12053154,Anil Yagiz,2024-05-31 20:14:49,0.86937,6,anilyagiz
187,12192337,extimath,2024-05-31 22:57:04,0.86937,5,extimath
188,12082666,Ez,2024-05-31 12:19:38,0.86936,1,eouedraogo4
189,12048852,Oleksiy,2024-05-31 20:51:07,0.86936,28,dontdeleteme
190,12045087,Chagin,2024-05-30 05:46:29,0.86936,21,chayanonc
191,12151934,sjkim0423,2024-05-31 23:56:02,0.86936,13,sjkim0423
192,12178459,Xiaocc226,2024-05-31 23:32:28,0.86936,9,xiaocc226
193,12045002,Mehedi,2024-05-25 12:47:33,0.86936,4,mehedithedreamer
194,12044347,Muhammad ibrahim qasmi,2024-05-21 16:03:12,0.86936,6,muhammadibrahimqasmi
195,12137805,Algorex,2024-05-23 08:14:54,0.86936,6,daniellebagaforomeer
196,12152664,[Deleted] dd997b36-0d1d-4c08-9ce7-c30b838926e4,2024-05-23 13:33:01,0.86936,1,del=dcd541f8c1d1741a
197,12143214,2607문서준,2024-05-30 11:43:54,0.86936,12,moonsjsj
198,12140728,daniel,2024-05-31 11:53:28,0.86936,19,dasdfsa
199,12141074,zeonwoo,2024-05-31 03:03:18,0.86936,20,zeonwoo
200,12141162,KOI,2024-05-31 16:57:43,0.86936,30,"koi3125,lamdown"
201,12145150,Moondohyun,2024-05-31 14:57:49,0.86936,26,moondohyun
202,12141022,choiyongwook,2024-05-31 13:54:57,0.86936,19,choiyongwook
203,12162275,junyoungggg,2024-05-31 14:19:53,0.86936,16,racoonjunyoung
204,12145101,kwondho,2024-05-31 14:33:50,0.86936,16,kwondho
205,12044324,Mohammed Kamal Alsyd,2024-05-27 10:58:08,0.86936,5,mohammedkamalalsyd
206,12162614,dksdnwlsdksdnwls,2024-05-31 23:19:50,0.86936,13,dksdnwlsdksdnwls
207,12141056,l_wooseok,2024-05-31 12:59:10,0.86936,15,lwooseok
208,12052679,Ravi Kiran,2024-05-29 14:15:45,0.86935,12,ravikiran2402
209,12142625,Satish Kumar Mishra,2024-05-31 19:10:54,0.86935,5,satishkumarmishra
210,12050813,IgorSharygin,2024-05-29 05:31:38,0.86935,6,igorsharygin
211,12145409,hansung2973,2024-05-31 17:08:49,0.86935,15,hansung2973
212,12192445,arhqh445t,2024-05-31 23:50:37,0.86935,2,arhqh445t
213,12147511,fofefe,2024-05-31 23:55:05,0.86935,34,fofefe
214,12045769,Calvin P.,2024-05-31 09:29:04,0.86935,42,pinoystat
215,12057857,SuM,2024-05-17 00:37:36,0.86935,17,cuboorandell
216,12173892,LeeHoyeop,2024-05-31 15:56:46,0.86935,11,leehoyeop
217,12174097,jcjlin,2024-05-31 16:24:30,0.86935,16,jcjlin
218,12092258,Gamze Akkurt,2024-05-30 23:23:26,0.86935,35,gamzeakkurt
219,12184184,Jian-Cheng Lin,2024-05-31 16:30:52,0.86935,10,ansijason
220,12152759,dalimi45,2024-05-31 13:27:46,0.86934,12,dalimi45
221,12056424,Shouvik Dey,2024-05-31 18:33:17,0.86934,2,shouvikdey21
222,12056085,jayko,2024-05-28 19:46:35,0.86934,22,jkjay333
223,12077621,Rania Helmy,2024-05-31 21:28:29,0.86934,26,raniahelmy
224,12108686,lllleeeo,2024-05-27 22:25:14,0.86934,3,lllleeeo
225,12050689,tdoh86,2024-05-30 16:43:35,0.86934,37,tdoh86
226,12172421,shilong liu,2024-05-28 12:21:27,0.86934,3,slliu66
227,12172580,山下皓太郎,2024-05-28 06:05:51,0.86934,1,godyamap0822
228,12185964,jlinnnnnnnnnn,2024-05-30 16:12:17,0.86934,5,jlinnnnnnnnnn
229,12143638,fivestar_min,2024-05-31 18:23:20,0.86934,18,fivestarmin
230,12099509,Gagandeep Singh,2024-05-31 15:06:28,0.86934,20,gaganmanku96
231,12050416,tom c tea,2024-05-24 22:32:40,0.86934,54,tomctea
232,12044830,hsnuntpustatnycumot,2024-05-29 02:39:51,0.86934,19,hsnuntpustatnycumot
233,12173645,K392_alpaca,2024-05-28 12:48:28,0.86933,1,k392alpaca
234,12150977,Rohan Barad,2024-05-31 09:39:44,0.86933,2,rohanbarad
235,12189000,PWW2211,2024-05-31 14:16:42,0.86933,5,pww2211
236,12062008,thoth000,2024-05-31 17:37:19,0.86933,5,thoth000
237,12059565,LHMING,2024-05-31 10:17:18,0.86933,5,lhming
238,12188237,jinxinyu zhao,2024-05-31 22:35:31,0.86933,1,jinxinyuzhao
239,12178942,[Deleted] 173267e8-6fde-4ef8-ac12-4e9eb38f18ee,2024-05-31 08:58:26,0.86933,1,del=0123c9b5c67eea7b
240,12077368,Aya Nabil,2024-05-31 01:56:49,0.86933,21,ayanabil11
241,12164194,doeon_07,2024-05-31 02:39:11,0.86933,11,doeon07
242,12178602,yjh200705,2024-05-31 16:15:52,0.86933,11,yjh200705
243,12090613,Esat Aydin,2024-05-24 17:14:05,0.86933,10,esataydin
244,12074147,Macoo68,2024-05-31 01:59:58,0.86933,15,macoo68
245,12151967,cc_sttf,2024-05-31 23:36:36,0.86933,15,ccsttf
246,12076088,Adel Anseur,2024-05-30 18:50:41,0.86933,22,adelanseur
247,12151137,dlekgus,2024-05-31 23:35:49,0.86933,26,dlekgus
248,12132068,Jaipal Deora,2024-05-31 08:06:44,0.86933,13,jaipaldeora
249,12151918,inhochoiii,2024-05-31 12:33:01,0.86933,33,inhochoiii
250,12142095,dragonjypark,2024-05-31 23:30:44,0.86933,24,parkjeongyong
251,12147088,hellojian0504,2024-05-31 18:25:27,0.86933,26,hellojian0504
252,12159312,iambestrong,2024-05-31 17:11:27,0.86933,14,iambestrong
253,12181918,YUUKI TAKUMI,2024-05-31 15:20:22,0.86933,5,yuukitakumi
254,12149617,Jester_sfh,2024-05-28 14:40:09,0.86933,12,jestersfh
255,12189071,1302노수호,2024-05-31 10:49:28,0.86933,5,franknoh1218
256,12046424,Fful,2024-05-28 15:04:35,0.86933,19,ermolaevgerman
257,12044297,ChaosD,2024-05-31 23:58:00,0.86933,118,hipotures
258,12147576,dkfjsdak,2024-05-31 11:24:24,0.86933,10,dkfjsdak
259,12046981,fleagne,2024-05-29 11:38:51,0.86933,13,fleagne
260,12146049,Google,2024-05-25 11:32:46,0.86933,11,hsyang26
261,12094341,benn,2024-05-28 15:01:25,0.86933,17,nebo27
262,12053621,Mikhail Shuter,2024-05-12 17:50:06,0.86933,10,metrolog
263,12057219,I'mahdi,2024-05-16 06:04:20,0.86933,7,mfmfmf3
264,12095588,Muhammad Hasnain,2024-05-16 20:26:55,0.86933,7,"ahmedrazamirani,khushbakhtaliza,mhasnain1806"
265,12045419,Genius,2024-05-19 21:05:05,0.86933,4,"eishkaran,tanavbajaj"
266,12061964,Naimul Hasan Shadesh,2024-05-26 05:06:07,0.86933,7,shadesh
267,12173103,T4MeRx,2024-05-30 05:22:38,0.86932,11,t4merx
268,12152186,Reynablue,2024-05-31 10:45:04,0.86932,11,reynablue
269,12139087,Panduka Bandara,2024-05-31 19:43:16,0.86932,27,pandukabandara99
270,12048331,[Deleted] e838f225-3b13-44b5-aa42-eab6ef66bc7d,2024-05-31 15:20:48,0.86932,84,del=92f3cd992a355ec9
271,12070650,Chomba Waihenya,2024-05-27 10:43:49,0.86932,5,chmbwa
272,12147657,Mohammed Almuallimi,2024-05-28 18:31:44,0.86932,4,mohammedalmuallimi
273,12189384,d21s0hs1,2024-05-31 11:00:17,0.86932,5,d21s0hs1
274,12141019,soohyun,2024-05-31 17:35:55,0.86932,27,insoohyun
275,12166138,Krens,2024-05-28 13:03:02,0.86932,1,jickymen
276,12045039,Faisal Alsrheed,2024-05-31 00:55:01,0.86932,5,faisalalsrheed
277,12177600,LeeYJ34,2024-05-31 09:01:08,0.86932,10,leeyj34
278,12103604,HanGyeungMin,2024-05-20 00:08:07,0.86932,2,gimottiyamettee
279,12176131,koreaysj11,2024-05-29 07:49:02,0.86932,4,koreaysj11
280,12159535,SultanSB,2024-05-29 07:37:43,0.86932,7,sultansb
281,12142919,Tuwaiq_Nomads,2024-05-29 09:07:54,0.86932,11,"azizaxssa,hamadalrashoud,ryyanf"
282,12141898,ChanHyok Park,2024-05-31 18:19:37,0.86932,18,chanhyokpark
283,12045884,Kazzzuu,2024-05-28 05:36:18,0.86932,4,"kaguru01,kazzzuu,pochipochisan"
284,12063647,ahmed Elnahas,2024-05-28 18:46:17,0.86932,7,elnahas
285,12184547,kimyongwon,2024-05-31 22:52:15,0.86932,5,dyddnjs
286,12178615,Arun Kumar Oraon,2024-05-31 04:02:12,0.86932,10,arunkumaroraon
287,12044490,bogoconic1,2024-05-31 14:44:59,0.86932,18,yeoyunsianggeremie
288,12141800,opal2718,2024-05-31 13:45:24,0.86932,22,opal2718
289,12141173,김지후40,2024-05-31 18:39:32,0.86932,23,rl4kjh
290,12140744,NPU_12,2024-05-29 03:58:02,0.86932,12,"jinglunchen12,sszjmd"
291,12100802,being0606,2024-05-21 00:46:09,0.86932,3,being0606
292,12137870,Frank Noh,2024-05-31 08:34:26,0.86932,8,franknoh
293,12141779,juheon727,2024-05-31 16:33:00,0.86932,24,juheon727
294,12092284,Maxim Potashev,2024-05-31 23:56:47,0.86932,14,maximpotashev
295,12102947,Min Seong Park,2024-05-23 00:52:19,0.86931,6,pmslink
296,12144971,thankyou0614,2024-05-30 08:45:44,0.86931,27,thankyou0614
297,12107061,beginner M,2024-05-31 13:47:50,0.86931,2,bacteriamania
298,12142525,Richard Ekwall,2024-05-31 10:30:25,0.86931,5,rekwall
299,12062924,Dzmitry Pihulski,2024-05-24 04:42:02,0.86931,16,dzmitrypihulski
300,12180179,JAN,2024-05-30 18:30:24,0.86931,3,arlle26
301,12142608,whi000,2024-05-31 23:58:14,0.86931,29,whi000
302,12103709,Abigbow,2024-05-26 15:35:06,0.86931,2,abigbow
303,12052693,HyukJunCho,2024-05-13 12:27:42,0.86931,4,hyukjuncho
304,12058729,Paulo Robinson Giaciani (pt-BR),2024-05-15 00:33:19,0.86931,19,paulorobinson
305,12148350,형구형구,2024-05-31 23:47:47,0.86931,10,hyeongguri
306,12177849,Math@Data,2024-05-30 06:07:02,0.86931,7,yunkyong
307,12143507,Tuwaiq_team_1,2024-05-31 14:24:48,0.86931,8,"raneem6y,raseelsaad,saudal"
308,12058854,Crisbebop,2024-05-30 23:10:49,0.86931,26,crisbebop
309,12129164,Dhavan Shah,2024-05-18 19:30:26,0.86931,1,dhavanshah99
310,12046301,Gentaroukunou,2024-05-30 08:00:10,0.86931,5,gentaroukunou
311,12147729,Taha_Alshatiri,2024-05-24 21:20:24,0.86931,4,tahaalshatiri
312,12151848,eyup atalay,2024-05-24 19:35:30,0.86931,2,eyupatalay
313,12174754,hajun13,2024-05-31 23:52:11,0.86931,9,hajun13
314,12192449,shjkr1,2024-05-31 23:54:30,0.86931,1,shjkr1
315,12173750,sczhuoffical,2024-05-30 15:11:19,0.86931,14,sczhuoffical
316,12140670,hangunwoo,2024-05-29 15:40:39,0.86931,27,hangunwoo
317,12046957,test_R2,2024-05-13 14:56:09,0.86931,11,michaelsemenoff
318,12110772,Fetus God,2024-05-27 16:34:26,0.86931,16,medaminealouani
319,12044305,Marcela Manzo Sagüez,2024-05-31 23:54:06,0.86931,44,marcelamanzosagez
320,12171571,Savidya Perera,2024-05-29 07:11:29,0.86931,11,savidyaperera
321,12144507,Yulin Chen,2024-05-23 13:33:44,0.86931,6,ra1nes
322,12141842,jngkwnLEE,2024-05-22 02:01:29,0.86931,1,jngkwnlee
323,12169344,superZJ,2024-05-31 16:00:04,0.86931,4,superzj
324,12180734,Maxim Golovin,2024-05-31 17:41:42,0.86931,14,maximgolovin
325,12140923,Jonathan Cristovão,2024-05-31 20:02:33,0.86931,10,jonathansilva2020
326,12174368,loveSG,2024-05-31 06:04:18,0.86931,2,lovesg
327,12099891,kyamie,2024-05-14 02:18:09,0.8693,4,kyamie
328,12190608,Jash Bhatia,2024-05-31 18:54:16,0.8693,1,jashbhatia07
329,12152815,신유안 (미오),2024-05-31 23:16:58,0.8693,20,navyb8
330,12106030,Shunto Nakamura,2024-05-14 11:09:50,0.8693,1,sh2967
331,12147634,OMAR ALHUWAISHEL,2024-05-28 15:28:42,0.8693,2,omaralhuwaishel
332,12058479,AravindPCoder,2024-05-14 02:58:52,0.8693,16,aravindpcoder
333,12143180,tk0611,2024-05-21 13:47:12,0.8693,1,tk0611
334,12100665,riicon,2024-05-31 13:57:26,0.8693,13,risakashiwabara
335,12097996,Arabidopsis Thalian,2024-05-12 11:33:16,0.8693,1,arabidopsisthalian
336,12188204,subin0511,2024-05-31 10:22:19,0.8693,2,subin0511
337,12047033,somchaimedee,2024-05-10 14:25:20,0.8693,8,somchaimedee
338,12044276,Robert Hatch,2024-05-05 06:06:09,0.86929,18,roberthatch
339,12148162,wnswnswns,2024-05-31 23:37:49,0.86929,14,wnswnswns
340,12145146,kimdokjad,2024-05-30 13:42:10,0.86929,10,kimdokjad
341,12071711,Shivam Kunwar Chhetry(KC),2024-05-10 04:51:27,0.86929,7,shivamkc3
342,12079375,[Deleted] 329622e5-b02e-4fe1-b809-0c4fe31aaf54,2024-05-08 06:20:04,0.86929,1,del=35b3507b7ebebbb5
343,12094639,eabfienio,2024-05-29 16:27:43,0.86929,2,eabfienio
344,12097553,Valorant Valo,2024-05-24 13:11:38,0.86928,21,valorantvalo
345,12101960,MomotokD,2024-05-27 17:52:40,0.86928,6,momotokd
346,12068531,Vigneshkumar S,2024-05-23 08:52:07,0.86928,66,svigneshkumar
347,12078558,Rushil Prajapati,2024-05-30 12:10:10,0.86928,27,"rushilprajapati,sakshigajjar"
348,12044801,Mustafa Keser,2024-05-11 02:33:26,0.86928,14,mustafakeser4
349,12069433,xuye,2024-05-27 08:23:47,0.86928,5,xuye327
350,12184944,HF Zhang_ustb,2024-05-30 14:12:39,0.86928,4,hfzhangustb
351,12160437,Iai T,2024-05-31 04:03:29,0.86928,11,toruiai
352,12052738,aichangeworld,2024-05-08 16:21:13,0.86928,20,aichangeworld
353,12067584,Moonlit,2024-05-12 20:42:43,0.86928,7,yunqicao
354,12048518,Daryl Brach,2024-05-29 15:53:42,0.86928,18,dbrach
355,12081448,Yussef Ayman,2024-05-24 21:23:20,0.86928,35,yussefayman
356,12147055,Pyuser,2024-05-25 09:17:44,0.86927,20,pyuser2023
357,12046128,Mikhail Naumov,2024-05-31 19:49:11,0.86927,42,mikhailnaumov
358,12082594,Salim Dohri,2024-05-09 07:14:14,0.86927,2,salimdohri
359,12085076,HF Zang,2024-05-30 11:07:16,0.86927,8,hfzang
360,12119252,Kubota Hidemasa,2024-05-27 21:57:51,0.86927,4,kubotahidemasa
361,12075128,Derivatives,2024-05-07 14:17:04,0.86927,1,chenxiaolv
362,12086694,Galvao,2024-05-31 21:28:56,0.86927,9,definitelynotacactus
363,12161296,ArunL,2024-05-31 21:11:29,0.86927,9,arunl15
364,12082672,Astrowing,2024-05-24 10:49:20,0.86926,9,wingfaithi
365,12047252,JAKE PARK,2024-05-31 00:45:10,0.86926,3,ferdinandpark
366,12044669,Evelyn,2024-05-22 00:43:19,0.86926,17,gabeenkimm
367,12044534,Team Oxygen - DAI,2024-05-06 05:26:54,0.86926,9,nischaydnk
368,12141670,Rudra Shah,2024-05-21 07:08:51,0.86926,1,sciencelabwork
369,12120055,Özgür Deniz Çelik,2024-05-30 12:04:20,0.86926,10,zgrdenizelik
370,12044272,James King,2024-05-06 09:56:11,0.86926,16,jamesking76
371,12052089,Kawaii Coder UwU,2024-05-27 12:20:32,0.86926,11,kawaiicoderuwu
372,12132280,Ambiguous,2024-05-26 05:38:00,0.86925,8,"ambiguousnumb,dantonggong,raisjsjakzmxk"
373,12164704,Divyanshu,2024-05-27 12:57:03,0.86925,6,divyanshu2000
374,12164675,retr0_SM06,2024-05-31 16:29:14,0.86925,22,retr0sm06
375,12164805,SaAm,2024-05-30 17:47:19,0.86925,16,"amaningle11,samyak1729"
376,12116061,JAEYEON JO,2024-05-31 22:52:11,0.86925,26,jaeyeonjo
377,12150051,pjm0128,2024-05-31 19:23:19,0.86925,11,pjm0128
378,12062447,Zeyad Sayed,2024-05-07 19:31:28,0.86925,7,zeyadsayedadbullah
379,12092254,python.h,2024-05-30 09:39:40,0.86925,1,hhx223
380,12044366,Dibya S. Barik,2024-05-14 05:00:15,0.86924,18,darkdevil18
381,12140462,wnahddk,2024-05-31 22:55:47,0.86924,18,wnahddk
382,12063920,PRATAP KUMAR,2024-05-24 16:37:32,0.86924,11,pratapkr
383,12044738,"Shun, Kaida",2024-05-31 00:33:16,0.86924,34,shunkaida
384,12044383,Moamen Ibrahim,2024-05-31 23:51:07,0.86923,4,moamenibrahim2021
385,12073305,Chris Pai,2024-05-07 08:25:50,0.86923,2,chrispai
386,12072545,Lt.kang,2024-05-20 23:52:04,0.86923,19,fakepenrose
387,12044369,Hermengardo,2024-05-12 06:45:45,0.86923,32,hermengardo
388,12189397,[Deleted] 5458cb78-8f57-41b4-8f3c-ca10cfa34e84,2024-05-31 14:32:46,0.86923,4,del=77286da58033ab37
389,12104090,Zhuang Jia,2024-05-17 02:04:04,0.86923,10,jiazhuang
390,12065418,Param Parekh,2024-05-28 14:22:49,0.86923,11,paramparekh
391,12145292,star1475,2024-05-31 23:09:17,0.86922,21,star1475
392,12047703,Xiang Hengshu,2024-05-04 15:23:55,0.86922,8,xianghengshu
393,12044289,rıza temizel,2024-05-15 23:03:19,0.86922,16,rzatemizel
394,12046973,kagleo123,2024-05-20 02:32:41,0.86922,12,kagleo123
395,12044695,dois1234,2024-05-30 08:34:05,0.86922,33,dois1234
396,12059293,Christian Barreto,2024-05-31 23:52:32,0.86922,23,christianbarreto07
397,12044654,Akmal Azzam o'g'li,2024-05-14 18:59:20,0.86922,24,akmalmir
398,12186287,Junhyuk Won,2024-05-31 10:26:38,0.86921,6,junhyukwon
399,12044563,end_of_night.17j03,2024-05-27 19:19:13,0.86921,6,endofnight17j03
400,12148243,SikanderAC,2024-05-31 11:48:59,0.86921,14,sikanderac
401,12095299,Prithvi P Reddy,2024-05-17 07:40:41,0.86921,10,prithvipreddy
402,12192320,ingover,2024-05-31 22:47:13,0.86921,5,ingover
403,12100831,Mohammad Modirrousta,2024-05-24 22:46:38,0.86921,1,mohammadmodirrousta
404,12147633,ydldasa,2024-05-29 07:05:03,0.86921,10,ydldasa
405,12150841,benthebest,2024-05-28 14:04:25,0.86921,5,benthebest
406,12085058,OTTOON,2024-05-30 08:45:13,0.86921,20,"knishani,thamayanthi"
407,12153633,R2-D2,2024-05-29 12:04:13,0.86921,30,"utkarshchaudharycse,vansh2101,vishrutgrover"
408,12116961,groster,2024-05-19 16:15:06,0.86921,12,natesmith2214
409,12077569,Supreme Taker,2024-05-14 14:36:05,0.8692,4,fanfrankfeng
410,12044370,kroniger,2024-05-21 02:47:30,0.8692,39,kroniger
411,12044612,DolorNeto,2024-05-03 15:43:53,0.86919,6,dolorneto
412,12082551,Ricardo Semerene,2024-05-24 19:39:16,0.86919,28,ricardosemerene
413,12054435,MariFel,2024-05-03 20:33:16,0.86919,4,marifel
414,12044325,LightAutoML testers,2024-05-05 16:01:59,0.86919,17,"alexryzhkov,rinchin,simakov"
415,12057909,Jay Dev,2024-05-04 03:23:10,0.86919,1,jay7080dev
416,12046798,Jordan Smith,2024-05-30 17:52:40,0.86919,12,smiffy97
417,12077358,Jorge Vančo Sampedro,2024-05-09 07:17:36,0.86919,8,jorgevanco
418,12130389,Gakushi Kanamoto,2024-05-25 13:50:21,0.86919,35,gkanamoto
419,12047364,Spiritmilk,2024-05-08 23:51:23,0.86919,8,act18l
420,12107222,meemansha priyadarshini,2024-05-31 09:51:14,0.86919,10,meemsbh
421,12053688,Matthew S Farmer,2024-05-31 19:27:08,0.86919,27,matthewsfarmer
422,12071309,solving the prob traditionally,2024-05-07 12:13:28,0.86918,3,belati
423,12094716,Tunahan Kılıç,2024-05-31 16:28:31,0.86918,9,tunahankilic
424,12099947,Gonzalo Recio,2024-05-21 06:02:15,0.86918,20,gonzalorecio
425,12192377,leghest,2024-05-31 23:15:50,0.86918,5,leghest
426,12049627,pon0matsu,2024-05-05 19:27:18,0.86918,20,drewmatsumoto
427,12081299,ShouLiu,2024-05-08 13:53:05,0.86918,1,shouliu
428,12044414,York Yong,2024-05-08 15:58:43,0.86918,11,yorkyong
429,12141802,Elman Ghazaei,2024-05-24 15:44:28,0.86917,20,elmangazayi
430,12073997,Kaito Sugiyama,2024-05-21 07:24:03,0.86917,10,ultimatemagic79
431,12058890,HalloBoki,2024-05-31 20:06:51,0.86917,15,hallojong0319
0,12049719,"Team LightAutoML testers, Lama 0.7*utilized+0.3tabular fstd q cnts",2024-05-02 01:25:42,0.86917,1,
432,12061623,Dorsa Asgari,2024-05-14 20:10:33,0.86917,7,dorsaasgari
433,12044378,Data Sharks,2024-05-03 11:06:56,0.86917,7,basu1999
434,12084521,w00d_Minato,2024-05-12 07:02:47,0.86917,6,w00dminato
435,12074123,Dinesh,2024-05-15 08:25:35,0.86917,12,dineshydv
436,12175353,Himanshu Kumar,2024-05-28 15:26:18,0.86917,1,himanshukumar7079
437,12072931,Arvin Lajani,2024-05-31 14:43:41,0.86917,3,arvinlajani
438,12046267,Declan McAlinden,2024-05-14 15:12:22,0.86917,24,declanmcalinden
439,12148553,Elnar Tulegen,2024-05-25 15:36:53,0.86917,1,elnartulegen
440,12096109,Harshit Sharma,2024-05-31 21:50:21,0.86917,3,harshitstark
441,12060479,The Major Mask,2024-05-19 15:14:40,0.86917,1,themajormask
442,12136776,xiyan1234,2024-05-20 08:53:57,0.86917,1,xiyan1234
443,12095564,shivam1750,2024-05-13 14:33:19,0.86917,4,shivam1750
444,12178161,NIKHIL PRATAP SINGH,2024-05-29 06:40:52,0.86917,1,nikku2611
445,12045558,Willy Wang,2024-05-21 10:10:48,0.86917,15,swilly0906
446,12141076,John Doe,2024-05-31 19:19:41,0.86917,16,fluidgrace
447,12163360,ms_Choi0109,2024-05-31 12:34:44,0.86917,15,mschoi0109
448,12147589,djshs2308,2024-05-31 20:53:22,0.86917,13,djshs2308
449,12044437,Prajwal Anagani,2024-05-03 20:07:27,0.86917,9,inagana
450,12071574,gchiappe,2024-05-06 16:29:55,0.86917,1,gchiappe
451,12071680,xkxkx123,2024-05-08 09:39:51,0.86917,1,xkxkx123
452,12150544,Butterfly,2024-05-23 07:01:35,0.86917,2,coder8216
453,12044281,broccoli beef,2024-05-31 00:12:58,0.86916,9,siukeitin
454,12096400,Abhimanyu Singh,2024-05-15 23:19:11,0.86916,6,abhimanyus1997
455,12044448,Taichi Uemura,2024-05-13 23:53:24,0.86916,19,taichiuemura
456,12070878,Vaishnavi Mudaliar,2024-05-06 14:33:17,0.86916,2,vaishnavimudaliar
457,12071073,Gokigen_A_K,2024-05-06 14:51:47,0.86916,1,akgokigen
458,12064903,Igor Dudkov,2024-05-11 11:21:26,0.86916,3,chmonya21
459,12074126,Iván Trujillo Trujillo,2024-05-10 06:20:51,0.86916,4,ivantrujillotrujillo
460,12140436,Riley Cahill,2024-05-28 08:10:47,0.86916,15,mango278
461,12047731,sasayaka,2024-05-26 13:47:15,0.86916,32,sasayaka
462,12050167,jae,2024-05-07 03:07:05,0.86916,1,jmsully
463,12067323,Gabriel Montagni Domingues,2024-05-31 03:29:42,0.86915,25,gabrielmdomingues
464,12142160,Tariq Washtan,2024-05-28 11:41:48,0.86915,18,tariqwashtan
465,12076520,Andreas Granhøy-Lieng,2024-05-30 19:27:04,0.86915,29,andreasgranhylieng
466,12044547,hamza binbutt,2024-05-20 01:15:10,0.86915,31,hamzabinbutt
467,12051117,Alban Etienne,2024-05-31 19:24:10,0.86914,37,albanetienne
468,12059755,Lin Zihan0112,2024-05-29 15:10:47,0.86914,38,linzihan0112
469,12188610,drain gangster,2024-05-31 08:02:51,0.86914,2,draingangster
470,12065300,yilseungjeong,2024-05-14 01:25:17,0.86914,4,yilseungjeong7488
471,12052888,PasMarino13,2024-05-30 19:27:59,0.86914,7,pasmarino13
472,12046338,Marek Przybyłowicz,2024-05-23 03:36:39,0.86914,23,marekgp
473,12112752,JiakangXu,2024-05-30 14:26:56,0.86914,2,jiakangxu
474,12044721,Daniel Case,2024-05-19 06:20:08,0.86914,6,danielcase
475,12083464,Chanakya VBSL,2024-05-27 05:05:38,0.86914,24,vbslchanakya
476,12044826,Chovy,2024-05-31 10:57:59,0.86914,7,chovyxu
477,12048885,Steve Simons,2024-05-22 14:02:18,0.86914,32,stevesimons
478,12046650,Tigerpiotta,2024-05-31 23:00:18,0.86914,64,tigerpiotta
479,12050325,yumpy,2024-05-07 05:24:37,0.86913,9,yumpyman
480,12068528,Shakti Gupta,2024-05-29 17:33:29,0.86913,20,realshaktigupta
481,12046451,Barbate on my mind,2024-05-30 21:39:38,0.86913,43,jbm1966
482,12192389,optique,2024-05-31 23:21:33,0.86912,5,optique
0,12049731,Team Oxygen Manual Fe v3  DriverlessAI.csv,2024-05-02 01:29:32,0.86912,1,
483,12178998,Mai Tuan Anh ,2024-05-29 13:46:19,0.86912,2,maituananh
484,12115897,Breno Ingwersen,2024-05-31 15:31:47,0.86912,4,brenoingwersen
485,12120324,Aneesh gad,2024-05-19 10:41:20,0.86912,10,aneeshkum
486,12165001,Ben Coldham,2024-05-31 22:25:50,0.86912,14,bencoldham
487,12051842,Zachary M Collins,2024-05-09 05:51:03,0.86912,6,zacharymcollins
488,12134976,Penido Rafael,2024-05-22 03:00:41,0.86912,3,penidorafael
489,12143698,immuno,2024-05-31 14:40:09,0.86912,11,immuno
490,12170676,limyoonho,2024-05-30 14:47:56,0.86912,8,limyoonho
491,12097432,Math.Airin,2024-05-19 04:24:34,0.86912,2,nemuranainakunaku
492,12151573,as Rd see the uhh fs the,2024-05-31 12:33:32,0.86912,11,asrdseetheuhhfsthe
493,12129967,William Guesdon,2024-05-19 22:38:51,0.86911,1,wguesdon
494,12058942,wxx0316,2024-05-29 18:34:31,0.86911,2,wxx0316
495,12078717,Sohail Ahmed,2024-05-31 21:39:01,0.86911,15,datascientistsohail
496,12118933,Grayness,2024-05-31 12:25:19,0.86911,27,grayness
497,12127602,Craftycripple,2024-05-24 23:13:37,0.86911,3,aidarkk
498,12102770,AMrYfzj,2024-05-31 02:22:57,0.8691,2,amryfzj
499,12045183,Michael,2024-05-30 06:52:24,0.8691,39,eigenvalue42
500,12109947,Zhou Jiaxin1103,2024-05-15 14:10:42,0.8691,1,zhoujiaxin1103
501,12084084,iunnnnnn,2024-05-20 14:00:53,0.8691,4,mikrokosmos777
502,12119240,Martin Balla,2024-05-17 11:27:49,0.8691,4,martinballa
503,12044844,Tom8710,2024-05-31 12:57:20,0.8691,52,tomactlog
504,12089339,Runjie Zhu,2024-05-31 13:47:37,0.8691,10,damiendesolei
0,12049732,Team Robert Hatch Simple 5 fold LGB.csv,2024-05-02 01:30:46,0.8691,1,
505,12054174,Mads Dabros,2024-05-31 13:37:55,0.8691,12,mdabros
506,12048719,at-the-hop,2024-05-31 10:35:38,0.86909,5,"fb042200,felixbertoli,mthiede"
507,12073996,rabbit_x86,2024-05-20 14:01:03,0.86909,28,rabbitx86
508,12085958,AYAN BANERJEE,2024-05-16 16:50:42,0.86909,6,ayanban011
509,12057433,Taylor Kim,2024-05-14 02:05:45,0.86909,3,taylorkim819
510,12142669,Jung Ji Won,2024-05-31 13:24:00,0.86909,14,jungjungjijiwonwon
511,12061545,Debojit Basak,2024-05-05 15:31:26,0.86909,3,debojitbasak02
512,12119059,Aditya225Mehrotra,2024-05-22 12:37:00,0.86909,4,aditya225mehrotra
513,12061296,Belka,2024-05-11 06:27:13,0.86909,24,"ninethirteen,viacheslavbandylo"
514,12073074,gibaek lee,2024-05-09 17:31:53,0.86909,5,gibaeklee
515,12051124,Jotaro,2024-05-03 15:05:53,0.86909,2,jotaro
516,12062318,ArnoldRosielle,2024-05-05 16:45:05,0.86908,2,arosielle
517,12056706,流风不风流,2024-05-07 08:32:36,0.86908,2,dgakavjarp
518,12057774,pg74ers,2024-05-07 03:33:30,0.86908,6,pg74ers
519,12186261,jungjivvooooooon,2024-05-31 18:49:50,0.86908,10,jungjivvooooooon
520,12122658,Cocteau_kish,2024-05-28 07:56:27,0.86908,19,kazuhitokishida
521,12048104,rahul nakka,2024-05-12 21:22:50,0.86908,10,rahulnakka
522,12103475,Đỗ Thành Trung,2024-05-27 15:50:10,0.86908,29,judopy
523,12152485,IberianInsights,2024-05-27 11:08:24,0.86908,9,"davidcanorosillo,marcopg"
524,12121199,andreas g-l,2024-05-27 15:54:16,0.86908,13,andreasgl
525,12046364,Main Void,2024-05-06 08:51:44,0.86908,8,"ahmedmettwally,omarghazy56,omartarekmoh"
526,12076054,YellowMudRiver,2024-05-19 12:54:06,0.86907,12,nkwangxl
527,12077680,Nitai Shah,2024-05-31 19:56:14,0.86907,31,nitaishah
528,12105143,Anoyoroshi,2024-05-29 08:46:57,0.86907,3,jkangaroo
529,12045674,ttd113,2024-05-16 11:31:00,0.86907,5,ttd113
530,12084671,Savio Sajan M,2024-05-11 16:02:19,0.86907,6,saviosajanm
531,12060979,motty1050,2024-05-23 08:10:42,0.86907,8,motty1050
532,12084883,fukumimi,2024-05-31 07:10:30,0.86907,27,fukumimi
533,12139954,Tarun Arora,2024-05-23 03:48:40,0.86907,1,aroratarun
534,12044293,[Deleted] 68fa9ad3-32c5-461b-9983-447599b812f3,2024-05-05 23:39:02,0.86907,10,del=23b1a173d72f746f
535,12095937,Dasha ,2024-05-11 17:56:32,0.86907,1,dashaklochko
536,12045470,Data Hunger,2024-05-09 08:16:04,0.86907,14,souviksamanta2000
537,12067496,A.J. Norton,2024-05-15 21:07:07,0.86906,6,ajnorton1
538,12044760,GEORGE DOUKAS,2024-05-09 18:01:58,0.86906,28,georgedoukas
539,12050255,Chazzyie,2024-05-30 10:07:30,0.86906,15,naufalhafishj
540,12068149,Falah Kusuma,2024-05-31 11:15:59,0.86906,20,falahkusuma
541,12045253,Ujjwal Pandey,2024-05-14 19:36:48,0.86906,14,uryednap
542,12079800,Tanyo Petrov,2024-05-14 10:36:39,0.86906,9,"martingeorgiev1982,tanyopetrov,vasilaydarov"
543,12044590,Don't Die Just DAI,2024-05-06 16:58:56,0.86906,6,"nikhilmishradev,rohanrao"
544,12116772,Jon Blanchard,2024-05-31 23:58:07,0.86906,24,jonblanchard
545,12130104,Ollie Glass,2024-05-18 14:12:13,0.86906,5,ollieglass
546,12061789,Astitwa Agarwal,2024-05-04 18:26:50,0.86906,3,astitwaagarwal
547,12046466,Salazhiev,2024-05-05 00:07:13,0.86905,15,salazhiev
548,12053850,Chanchal Alam,2024-05-13 19:12:30,0.86905,5,chanchal24
549,12157550,tanaka,2024-05-24 15:52:09,0.86905,2,tanakasandesuka
550,12054300,Craig Thomas,2024-05-03 04:03:56,0.86905,4,craigmthomas
551,12066780,Harsh Shelar,2024-05-30 00:50:35,0.86905,8,harshshelar22
552,12044292,JMAscacibar,2024-05-09 13:02:46,0.86905,1,jmascacibar
553,12078403,Smruti ,2024-05-22 04:02:06,0.86905,14,"donmarch14,horcruxed7"
554,12065799,~2020,2024-05-26 06:24:53,0.86905,3,dhirajjha
555,12054493,Евгений Спичкин,2024-05-07 18:51:05,0.86905,2,simaca
556,12065737,haonan Diao,2024-05-12 16:44:52,0.86905,1,haonandiao
557,12109382,FLeite25,2024-05-14 13:43:41,0.86905,1,fleite25
558,12108029,Aleksey Dudnik,2024-05-14 22:48:00,0.86905,5,alexeydudnik
559,12088185,Jay Suh,2024-05-17 03:14:22,0.86905,1,juhyunsuh
560,12131302,Rushi Chavda,2024-05-20 17:40:51,0.86905,3,pramukhswami
561,12107228,Crystal Yan,2024-05-21 07:19:24,0.86905,3,crystalyannnn
562,12141499,Anirudh Mittal0202,2024-05-22 06:59:25,0.86905,1,anirudhmittal0202
563,12150498,Parkdws,2024-05-30 04:37:04,0.86905,5,parkdws
564,12152787,Manaswiyahello,2024-05-31 15:13:43,0.86905,6,manaswiyahello
565,12132274,Pod042,2024-05-26 09:23:17,0.86905,1,pod042
566,12045170,Levent Serinol,2024-05-26 11:07:56,0.86905,2,landfallmotto
567,12139351,[Deleted] a83f815b-d9b0-4901-8557-895bc3610cbc,2024-05-27 17:32:39,0.86905,2,del=4f19017f0a96149b
568,12184830,Nebul91,2024-05-30 11:19:59,0.86905,1,ast999
569,12065327,Siddhant Jain,2024-05-31 11:16:27,0.86905,5,"garvpatidar,siddhantjain27"
570,12186893,April Zhou,2024-05-30 22:44:12,0.86905,1,aprivv
571,12184974,outoftheblue,2024-05-31 13:46:16,0.86905,10,outoftheblue
572,12183496,YooO,2024-05-31 07:31:27,0.86905,6,yo1204
0,12049733,Dont Die Just DAI DriverlessAI-M10CatBoost Ensemble.csv,2024-05-02 01:31:06,0.86905,1,
573,12044258,[Deleted] 73d4de64-1e0d-42c9-a8cb-b609470b20af,2024-05-26 03:26:56,0.86905,39,gauravduttakiit
574,12045339,Azeez Ikramur Rahman,2024-05-30 14:27:15,0.86904,20,ikramur
575,12045220,동동동동,2024-05-28 11:30:51,0.86904,21,"jaeyunyu,munggchgg,younchaeyeong"
576,12048694,Jens Kramer,2024-05-14 06:11:19,0.86904,25,jenskramer
577,12045638,satokato,2024-05-28 20:42:10,0.86904,2,satokato
578,12100213,Mohsen_shahbazi,2024-05-29 17:10:51,0.86904,16,mohsenshahbazi
579,12044449,Secret Glory,2024-05-30 03:30:04,0.86904,29,secretglory
580,12053974,Shlok Shivkar,2024-05-15 18:46:13,0.86904,12,shlokshivkar
581,12137740,jesferrom,2024-05-30 10:51:21,0.86904,16,jesferrom
582,12044628,BlueCast,2024-05-30 15:43:13,0.86904,62,thomasmeiner
583,12072964,CodyLaminack,2024-05-19 01:49:53,0.86904,1,codylaminack
584,12052360,supermiojo,2024-05-02 20:48:08,0.86904,5,supermiojo
585,12159555,Ivan Dmitrovich,2024-05-31 14:14:41,0.86903,2,ivandmitrovich
586,12047061,FancifulCrow,2024-05-31 20:25:18,0.86903,19,fancifulcrow
587,12045070,miyu.k1aras@gmail.com,2024-05-30 09:16:56,0.86903,16,miyuk1arasgmailcom
588,12062547,Sreeram,2024-05-09 14:59:25,0.86903,1,ssreeramj
589,12052876,Sriram Gopalakrishnan,2024-05-23 02:07:05,0.86903,6,sgopala
590,12093406,Timmy,2024-05-31 14:14:43,0.86903,16,timmyafolami
591,12093238,Wenhao Loo,2024-05-11 07:07:32,0.86902,1,wenhaoloo
592,12050963,Johnycooly,2024-05-16 16:48:02,0.86902,8,johnycooly
593,12129398,DhirajSingla,2024-05-29 02:48:53,0.86902,18,dhiraj1540
0,12049734,James King - Autogluon medium quality 20 HPO steps  CAT.csv,2024-05-02 01:31:54,0.86902,1,
594,12055532,Bao Luong Pham,2024-05-13 15:53:24,0.86902,6,baoluongpham
595,12062754,Michael Horrell,2024-05-18 02:48:49,0.86902,9,michaelhorrell
596,12084931,Dammala Uday kiran,2024-05-16 08:23:36,0.86902,14,dammalaudaykiran
597,12120790,MRIDUL GULATI,2024-05-25 18:48:42,0.86902,4,mridulgulati
598,12159243,Yuliya,2024-05-30 07:25:18,0.86902,9,foookushka
599,12059212,DrTambourine Man,2024-05-19 17:13:03,0.86902,35,drtambourineman
600,12080928,Nisaruddin,2024-05-24 11:19:37,0.86902,3,nisaruddinshafi
601,12044286,Ulises M.,2024-05-10 01:36:26,0.86902,25,ulisesmontoyacanales
602,12142565,uncharter,2024-05-31 20:33:04,0.86901,14,uncharter
603,12184958,kjs070917,2024-05-31 11:48:45,0.86901,5,kjs070917
604,12107983,Jayant99,2024-05-17 08:25:26,0.86901,4,jayant99
605,12122679,Asako Yabe,2024-05-27 04:36:38,0.86901,12,asakoyabe
606,12069992,nakashi120,2024-05-29 09:11:57,0.86901,19,nakashi120
607,12059966,[Deleted] 7958ad93-ee76-48a2-963d-78d4747f6388,2024-05-19 02:50:16,0.86901,2,del=5942c8061baf72a5
608,12105385,DataBr0,2024-05-31 13:44:01,0.86901,4,d1om3d3s
609,12052558,Yongle Liu,2024-05-02 13:35:19,0.86901,1,yongleliu
610,12049644,Git on my Level,2024-05-02 14:31:27,0.86901,1,pranavkuppa
611,12069299,mohamed ikbal guetout,2024-05-27 23:04:25,0.86901,25,mohamedikbalguetout
612,12129835,Allan Spadini,2024-05-21 11:13:00,0.86901,8,spadini
613,12070441,naohs,2024-05-14 04:21:01,0.86901,1,naohs01
614,12187611,cc_4006,2024-05-31 23:37:35,0.869,5,cc4006
615,12089246,Gradient Explorers,2024-05-17 11:17:40,0.869,29,"amanagrawal123,ankushmishra3"
616,12098700,Sara Charmchi,2024-05-19 13:43:01,0.869,9,saracharmchics
617,12054789,Sheikh Abdullah 01,2024-05-03 22:50:06,0.869,7,sheikhabdullah01
618,12060802,Marcin Myczka,2024-05-31 17:06:40,0.869,14,marcinmyczka
619,12078932,jimmyc888,2024-05-23 07:51:18,0.869,15,jimmyc888
620,12046401,Haku Dan,2024-05-09 09:25:57,0.869,5,hakudan
621,12175863,kwonjinuk123,2024-05-31 10:54:59,0.86899,9,kwonjinuk123
622,12178722,umi linn,2024-05-31 13:59:59,0.86899,3,umilinn
623,12059540,Trust The Process,2024-05-14 08:53:10,0.86899,8,michaelcornelio
624,12114346,Valeriia Biruk,2024-05-26 09:02:20,0.86899,13,valeriiabiruk
625,12073596,Gerald Pascua,2024-05-09 06:36:49,0.86898,3,geraldpascua
626,12135284,Felix Trihardjo,2024-05-27 02:03:01,0.86898,12,felixtrihardjo
627,12045000,not not catboost,2024-05-02 15:15:36,0.86898,7,lucasmorin
628,12087091,rc22,2024-05-30 10:34:47,0.86897,20,rcorriero
629,12046034,dangnguyen1997,2024-05-20 16:24:01,0.86897,8,dangnguyen97
630,12065258,Rezvan Gharagozloo,2024-05-29 06:47:11,0.86897,12,rezvangharagozloo
631,12073173,ugakkuku,2024-05-10 09:39:49,0.86897,15,ugakkuku
632,12075470,iCoderAkash,2024-05-10 08:10:11,0.86897,7,icoderakash
633,12058871,Shodolamu Opeyemi,2024-05-21 11:07:11,0.86897,18,hopesb
634,12166186,NaganagaKen,2024-05-31 13:57:18,0.86896,1,naganagaken
635,12158448,Csanádi Richárd,2024-05-29 08:14:02,0.86896,6,csandirichrd
636,12059446,Jack Niklason,2024-05-20 16:54:19,0.86896,34,jniklason
637,12062092,Thomas,2024-05-07 10:12:54,0.86896,17,srz000
638,12046322,Jay Milind Padloskar,2024-05-09 20:20:49,0.86896,8,jaymilindpadloskar
639,12077522,Oleg Zagorulko,2024-05-07 19:16:54,0.86896,1,altersystem
640,12078596,Taeyoon Kim,2024-05-08 05:01:54,0.86896,1,partrita
641,12085107,Meshach Aderele,2024-05-21 21:38:30,0.86895,6,meshachaderele
642,12151228,Ayushparwal,2024-05-28 04:56:32,0.86895,8,ayushparwal2026
643,12094767,earlyann,2024-05-14 12:55:32,0.86895,6,earlyann
644,12091169,Bhargavi Ardhalapudi,2024-05-10 13:32:52,0.86895,1,bhargaviardhalapudi
645,12050376,Maganti IT,2024-05-23 14:01:14,0.86895,18,"jagadishrcz,magantiit"
646,12051558,AlexxxSem,2024-05-16 19:55:09,0.86895,12,alexxxsem
647,12047214,mok,2024-05-31 09:41:00,0.86895,21,motensor
648,12078908,jinkyu sung,2024-05-21 09:10:23,0.86895,7,jinkyusung
649,12052109,MrNosaj,2024-05-18 06:03:47,0.86895,9,mrnosaj
650,12063373,Joseph Hardy,2024-05-05 01:06:06,0.86895,3,joeh91
651,12089556,Antra Bansal,2024-05-31 12:38:19,0.86894,13,antrabansal
652,12059482,Özgür Yıldırım,2024-05-17 22:40:05,0.86894,18,ozguryldrm
653,12045103,852-30624700,2024-05-02 23:09:50,0.86894,8,"dennistamch,shinggg"
654,12051627,Ubermensch,2024-05-03 14:00:00,0.86894,2,ubermensch
655,12044266,XS 330,2024-05-03 17:23:13,0.86894,5,xblade
656,12080056,Benito Javier Velasco García,2024-05-20 10:27:14,0.86894,3,benitojavier
657,12112610,Team Oshowatt,2024-05-26 11:27:02,0.86894,27,aadhawanm
658,12072174,Nikita.Vet,2024-05-16 14:21:01,0.86894,40,nikitavet
659,12103340,akiryo,2024-05-14 07:50:30,0.86894,1,akiryo
660,12047290,DebashisGoswami,2024-05-27 15:21:51,0.86894,7,debashis9
661,12056611,beshi0712,2024-05-22 22:22:01,0.86893,20,beshi0712
662,12082773,Pontus Soederhaell,2024-05-31 19:55:49,0.86893,18,pontussoederhaell
663,12079488,SANKARA VENKAT RAM V,2024-05-27 08:07:59,0.86893,14,sankaravenkatramv
664,12118242,Xianzhi Wu,2024-05-25 05:56:44,0.86893,29,xianzhiwu
665,12066540,Mehran Khosrojerdi,2024-05-28 13:37:46,0.86892,8,mehrankhosrojerdi
666,12049925,Lord Patil,2024-05-23 16:05:56,0.86892,19,lordpatil
667,12045155,Kshitij Tandon,2024-05-05 11:22:23,0.86892,8,kshizan
668,12125866,TBOX,2024-05-31 03:27:32,0.86892,8,isaactanaka
669,12059585,KristianusEkoP,2024-05-31 09:27:05,0.86892,19,kristianusekop
670,12046459,Mikołaj Hojda,2024-05-15 17:44:12,0.86892,17,mikolajhojda
671,12044333,llorenzo,2024-05-26 10:03:02,0.86892,29,llorenzok
672,12103113,caffebairlab,2024-05-24 12:59:45,0.86892,5,caffebairlab
673,12134049,Kavarna,2024-05-19 17:16:14,0.86892,1,kavarna
674,12095137,[Deleted] 93220c4f-38d1-4ab4-bdf5-bf51ef7edc4b,2024-05-29 11:44:36,0.86892,9,del=546debe382250f39
675,12045009,Carl McBride Ellis,2024-05-01 20:20:38,0.86892,5,carlmcbrideellis
676,12044278,Kuriboh,2024-05-02 05:34:29,0.86892,5,cauchyeix
677,12048962,Ahmed Maher Tohamy,2024-05-02 12:18:04,0.86892,3,ahmedmahertohamy
678,12065114,İsmail Gönül,2024-05-09 12:41:27,0.86892,2,ismailgonul
679,12101014,si_hyeong1116,2024-05-13 06:17:35,0.86892,2,sihyeong1116
680,12110367,Vaibhav0403Gupta,2024-05-14 17:28:48,0.86892,1,vaibhav0403gupta
681,12044771,Mercurlc,2024-05-31 06:12:21,0.86891,19,mercurlc
682,12178992,Hà Tấn Phong,2024-05-31 16:10:57,0.86891,8,htnphong
683,12107410,Alienbugs,2024-05-15 18:35:00,0.86891,7,alienbug
684,12044737,cndrip,2024-05-14 15:21:45,0.86891,25,cndrip
685,12046875,ViktorGusev84,2024-05-03 12:28:18,0.86891,13,viktorgusev84
686,12094379,Bianzt,2024-05-26 12:21:39,0.86891,12,bianzt
687,12074155,Shinji Hirata,2024-05-23 05:42:05,0.86891,28,shinjikgl
688,12068092,Bindu Hegde,2024-05-06 06:27:42,0.8689,1,binduhegde
689,12109787,fei888,2024-05-22 16:26:22,0.8689,3,fei888
690,12049006,Mariano Weimer,2024-05-31 16:14:39,0.8689,4,marianoweimer
691,12051515,Mayeul Godinot,2024-05-10 16:57:56,0.8689,7,"konstadamopoulos,mayeulgodinot"
692,12086516,lucky-cat-nya,2024-05-15 15:18:52,0.8689,7,luckycatnya
693,12142972,Victor Alekseev,2024-05-31 18:27:26,0.8689,1,victoralekseev
694,12053597,Arthur_DESMAZURES,2024-05-05 21:39:20,0.8689,7,arthurdesma
695,12047781,Filip Jöde,2024-05-03 10:02:06,0.8689,5,sustainedcruelty
696,12108415,vaaven,2024-05-15 09:02:28,0.8689,10,vaaven
697,12128124,K.Sakiyama,2024-05-27 13:36:56,0.8689,19,kotonesakiyama
698,12091137,Suman Sarkar,2024-05-31 06:13:42,0.86889,30,ssarkar445
699,12114966,BYI009,2024-05-18 13:00:07,0.86889,6,bayaitchir
700,12103736,celestia0113,2024-05-14 06:59:26,0.86889,3,celestia0113
701,12122099,WoaiBonBon,2024-05-29 06:05:54,0.86889,2,woaibonbon
702,12051068,Luohao Xu,2024-05-03 12:15:16,0.86888,10,xuluohao
703,12149837,qsibmini2,2024-05-24 05:44:27,0.86888,10,qsibmini2
704,12189445,leminhdat2004,2024-05-31 19:54:21,0.86888,4,leminhdat2004
705,12124194,Vijayaditya raj Rapaka,2024-05-25 12:45:27,0.86888,27,"arun1k1,vijayadityarajrapaka"
706,12055031,heheheha,2024-05-05 14:37:06,0.86888,3,vissutagunawanlim
707,12106165,Sumpei Nishio,2024-05-31 21:09:13,0.86888,15,sumpeinishio
708,12068049,ami takewaka,2024-05-31 15:46:01,0.86888,32,amitakewaka
709,12050865,Sayan Banerjee,2024-05-02 10:07:11,0.86888,1,saya2003
710,12058786,KsenSko,2024-05-14 15:06:16,0.86887,9,ksensko
711,12095511,arturik555,2024-05-13 14:26:49,0.86887,7,arturik555
712,12053820,Ishvalin,2024-05-25 19:21:41,0.86887,36,kryko7
713,12044564,Jim Gruman,2024-05-30 21:26:18,0.86887,30,jimgruman
714,12121433,[Deleted] 44ed4e9d-f783-46e2-8fe1-b08e40acff58,2024-05-18 18:41:48,0.86887,2,del=f5a03a1504792336
715,12062777,Hind Ismaili M'hamdi,2024-05-21 23:04:50,0.86887,11,hindismailimhamdi
716,12046845,Trish Cornelissen,2024-05-28 17:32:47,0.86887,39,tcspecialist
717,12046559,Georgios Nikolitsis,2024-05-30 14:56:49,0.86886,83,gnikolitsis
718,12097568,Unreal duo,2024-05-11 09:07:11,0.86886,7,"anmolstha1,senajithsr"
719,12076057,DIVY,2024-05-30 07:42:40,0.86886,15,divyapancholi
720,12054543,Szymon Nowaq,2024-05-30 21:10:20,0.86886,16,szymonnowaq
721,12060877,Ferdous Kabir,2024-05-19 06:56:06,0.86886,3,ferdouskabir
722,12131399,Radema,2024-05-25 19:31:06,0.86886,13,radema
723,12044363,Minhao Zhang,2024-05-08 00:26:05,0.86886,23,minhaozhang1
724,12141113,Monesa Flavega,2024-05-29 11:30:22,0.86886,1,monesaflavega
725,12100288,Joel Mills,2024-05-14 15:24:13,0.86885,1,joelmills2
726,12047951,Danny Quirouette,2024-05-22 13:36:18,0.86885,10,dannyquirouette
727,12171561,Mahdie Rahmati,2024-05-27 18:57:14,0.86885,4,mahdierahmati
728,12071962,Đình Luân Ngô,2024-05-10 09:09:48,0.86885,2,nhlunng
729,12106711,Shika_meow,2024-05-28 10:31:12,0.86885,17,shikameow
730,12048908,seamus barnes,2024-05-04 13:11:54,0.86885,7,seamusbarnes
731,12166974,Luca Basanisi,2024-05-31 05:27:58,0.86885,7,lucabasa
732,12070332,Ivo Kolarov,2024-05-16 22:15:11,0.86884,7,ivokolarov
733,12163022,Joo-young Hwang,2024-05-28 06:02:25,0.86884,1,jooyounghwang
734,12184444,koahdowiuasn ga,2024-05-31 06:15:07,0.86884,7,koahdowiuasnga
735,12111657,Enrique El Gato,2024-05-29 14:19:23,0.86884,10,enriqueelgato
736,12090984,Ahmet DİZDAR,2024-05-19 15:47:56,0.86884,22,ahmetdzdar
737,12190474,GeometryDeriviation,2024-05-31 16:26:05,0.86884,1,geometryderiviation
738,12178891,YYJDSG,2024-05-30 14:43:55,0.86883,5,yyjdsg
739,12161990,李洁怡1,2024-05-29 05:46:28,0.86883,3,lijieyi1
740,12161494,Qinsi,2024-05-31 14:16:14,0.86883,3,rollingking1
741,12046382,Vlad Ivanov,2024-05-26 08:49:54,0.86883,26,vladenec
742,12047184,Andre Yukio,2024-05-31 10:51:58,0.86883,10,andreyukio
743,12062033,flinkone,2024-05-10 11:44:33,0.86883,6,flinkone
744,12099410,YutaroAtarashi,2024-05-26 12:34:43,0.86883,6,yutaroatarashi
745,12100843,at_noon,2024-05-18 07:08:56,0.86882,6,atnoon
746,12049039,TheGrud,2024-05-04 23:26:36,0.86882,18,thegrud
747,12085106,Fatma Nur ÇETİNTÜRK,2024-05-19 11:08:18,0.86882,25,fatmanurcetnturk
748,12050300,yukihirop,2024-05-19 13:41:31,0.86882,23,yukihirop
749,12086270,rutamo7,2024-05-09 15:39:40,0.86881,1,rutamo7
750,12044410,Auliš Arinili,2024-05-09 07:50:28,0.86881,2,auliarinili
751,12189399,logaliz,2024-05-31 16:18:41,0.86881,5,logaliz
752,12084954,Trung Minh,2024-05-09 08:44:59,0.86881,1,trungminh7804
753,12108548,Yarkın,2024-05-19 22:42:54,0.86881,18,smailyarknkavalc
754,12071195,Dan and Dave,2024-05-22 21:20:13,0.86881,17,daniellipton
755,12048409,Khánh Trần,2024-05-20 12:47:48,0.8688,7,neetnetnet
756,12045379,folal537,2024-05-11 07:25:55,0.8688,2,folal537
757,12116219,Cabane à data,2024-05-31 09:12:43,0.8688,45,"mohamedbissane,muntasiradnan"
758,12140418,CristianHidalgo,2024-05-28 03:36:54,0.8688,15,"cristianhidalgo,tomasmj503"
759,12159902,Billy Koech,2024-05-29 15:02:37,0.8688,9,billykoech
760,12061030,fugai1,2024-05-10 13:45:15,0.86879,5,fugai1
761,12071330,[Deleted] b3138950-5e4a-4e47-96aa-a0141f611b67,2024-05-27 19:06:20,0.86878,25,garfield2021
762,12049353,zaid_shami,2024-05-23 23:07:44,0.86878,6,zaidali11
763,12045609,vn_no_1,2024-05-31 03:39:25,0.86878,31,"khangtran94vn,willatran"
764,12155990,ZHANGFEI12322,2024-05-29 08:19:51,0.86878,6,zhangfei12322
765,12073470,lijin123,2024-05-16 06:19:14,0.86877,9,lljj123
766,12093319,Tremendous1192,2024-05-12 05:38:12,0.86877,3,tremendous1192
767,12073655,Sue Huynh,2024-05-30 16:01:41,0.86877,12,suehuynh
768,12153923,Sergey Litvinenko,2024-05-29 21:47:06,0.86877,5,litvinenko630
769,12176576,Abdallah Wagih Ibrahim,2024-05-29 23:04:05,0.86877,3,abdallahwagih
770,12185054,Ali tarmiş,2024-05-31 20:07:34,0.86877,2,alitarmi
771,12115071,NSS Lab,2024-05-31 19:39:37,0.86876,29,"apovidlo,eliyahusanti"
772,12179309,Robert Trypuz,2024-05-29 15:09:31,0.86876,2,roberttrypuz
773,12047789,Vishnupriya,2024-05-21 17:46:20,0.86876,24,vishnupriyagarige
774,12124553,Its_CPD,2024-05-31 17:52:10,0.86876,41,christanpauldsouza
775,12044299,Fabbasso,2024-05-26 22:01:00,0.86876,8,fabrizio78
776,12113115,CJROCKBALL,2024-05-18 14:29:05,0.86876,3,cjrockball
777,12134651,DeepLearners,2024-05-20 07:08:27,0.86876,1,"arvindkumarnr,ntramakrishnan"
778,12080166,harits hafidza,2024-05-22 09:42:24,0.86875,13,haritshafidza
779,12053337,Khemkaran Sevta,2024-05-18 18:53:13,0.86875,10,ksevta
780,12058652,Muna Bhusal,2024-05-28 16:57:12,0.86875,2,munabhusal
781,12055485,Minh Ky,2024-05-23 07:01:28,0.86875,10,phamminhky
782,12102491,angels web,2024-05-23 14:15:26,0.86875,11,angelsweb
783,12084151,Sztánáhopsz,2024-05-31 06:48:05,0.86873,37,sztnhopsz
784,12085353,seunghwan0987,2024-05-13 12:34:43,0.86873,3,seunghwan0987
785,12166070,DanielHafezian,2024-05-29 18:16:33,0.86873,1,danielhafezian
786,12044872,Catadanna,2024-05-23 22:39:17,0.86873,18,catadanna
787,12048502,Arun Kumar Nandam,2024-05-25 22:43:31,0.86872,6,naarku30
788,12044326,Yoshima.T,2024-05-14 21:28:42,0.86872,9,yteshima
789,12083436,巧克力泡面,2024-05-09 02:52:20,0.86872,1,paomianqkl
790,12096243,Ismael Dias,2024-05-12 03:49:35,0.86871,5,ismaeldias
791,12083867,jatindulani31,2024-05-09 09:19:27,0.86871,1,jatindulani31
792,12164570,Musa Khan,2024-05-31 03:41:38,0.86871,5,lazer999
793,12075969,sult.prod,2024-05-09 16:30:01,0.8687,6,sultprod
794,12163751,Arturia Kastus,2024-05-27 20:25:50,0.8687,9,artoriuscastus
795,12115833,SnParmar,2024-05-20 02:10:31,0.8687,8,snparmar
796,12081022,cshcsh123,2024-05-29 07:10:14,0.8687,5,cshcsh123
797,12052438,IFUNUDJAYA18,2024-05-27 08:20:04,0.8687,13,"madedwikibudilaksana,riskyandrean"
798,12045115,Raymond Gabriel,2024-05-05 06:12:08,0.86869,13,rayzinnz
799,12092484,Saikat Chakraborty,2024-05-27 21:37:45,0.86869,10,saikatchakraborty3
800,12057742,rassiem,2024-05-15 12:16:55,0.86869,16,rassiem
801,12061364,Vaibhav K,2024-05-10 08:55:04,0.86868,1,shanuv000
802,12046217,Daniel Carl Fox,2024-05-30 12:20:39,0.86868,12,danielcarlfox
803,12164536,jueoneom,2024-05-30 12:02:52,0.86868,6,jueoneom
804,12115701,Amin Rad,2024-05-22 20:37:55,0.86868,5,aminrad
805,12047067,Tushar Mane,2024-05-02 12:47:19,0.86868,6,tmtushar
806,12095663,Tran Phuoc Sang,2024-05-22 06:21:31,0.86867,12,tranphuocsang
807,12047471,Kazoric,2024-05-28 11:18:31,0.86867,3,kazoric
808,12046264,Thomas Reid,2024-05-09 12:39:39,0.86866,6,thomascreid
809,12180583,metalbearsolid,2024-05-31 17:44:31,0.86866,5,johnyjkim
810,12057843,Oni Samson Abidemi,2024-05-15 11:48:07,0.86866,1,onisamsonabidemi
811,12143717,psegdava,2024-05-23 16:39:29,0.86866,3,psegdava
812,12045447,Rubanza Silva,2024-05-31 14:02:45,0.86866,30,rubanzasilva
813,12049397,The Outliers,2024-05-17 00:01:51,0.86866,3,"sathyavrv,sharmithanaren28"
814,12046852,Komil Parmar,2024-05-12 03:41:47,0.86865,5,komilparmar
815,12049956,Susanket Sarkar,2024-05-08 15:58:32,0.86864,15,susanketsarkar
816,12056873,Paulo Pinheiro,2024-05-23 18:55:25,0.86864,47,paulopinheiro
817,12057036,Cem Yıldırım,2024-05-19 21:32:18,0.86864,9,cemyldrm24
818,12183004,Kumod Sharma,2024-05-31 08:53:11,0.86864,5,kdsharma
819,12069105,ALINYIWEN,2024-05-09 05:58:46,0.86864,5,alinyiwen
820,12091927,boubkeur bouchama,2024-05-19 11:46:02,0.86864,5,aminebouchama
821,12046984,MohamedFarouk,2024-05-02 10:40:42,0.86863,1,mohamedfarouk94
822,12090676,ChrisBH,2024-05-16 09:10:16,0.86862,3,chrisbh
823,12045290,Captago Paulin,2024-05-29 12:45:11,0.86862,44,captagopaulin
824,12050457,zhijie x,2024-05-31 01:56:21,0.86862,1,zhijiex
825,12166855,Samrat Kumar Dev Sharma,2024-05-30 19:15:57,0.86862,2,samrat12
826,12045187,Anmol gupta,2024-05-21 02:07:00,0.86861,5,getanmolgupta01
827,12085716,jwt1124,2024-05-15 12:39:19,0.86861,10,jwt1124
828,12101688,B.b.Lill,2024-05-28 08:15:39,0.8686,1,myreprise
829,12046120,Hryk Hmgch,2024-05-22 12:43:04,0.8686,25,hrykhmgch
830,12052787,MaxA,2024-05-22 16:28:32,0.86858,1,elliotx1000
831,12082044,sakeesh,2024-05-19 02:03:04,0.86858,6,mksakeesh
832,12111803,kaerllet,2024-05-15 01:02:33,0.86858,1,kaerllet
833,12063144,Viktor Ilinskiy,2024-05-20 12:32:21,0.86858,12,sobin123
834,12185742,İbrahim Kaya,2024-05-31 23:48:57,0.86858,7,ibkya12
835,12050401,Chatla Veena sahithi,2024-05-14 09:34:24,0.86858,6,chatlaveenasahithi
836,12044389,Joseph Xiao,2024-05-05 02:07:26,0.86857,18,"ericdu23,joxiao"
837,12102258,Promise Ibediogwu Ekele,2024-05-31 20:30:34,0.86857,4,promiseibediogwu
838,12055799,Kanishk026,2024-05-31 13:48:41,0.86856,1,kanishk026
839,12047993,Guilherme P Oliveira,2024-05-09 00:13:41,0.86856,8,guilhermepoliveira
840,12076887,Vlad Shysh,2024-05-15 21:09:27,0.86856,5,vladshysh
841,12103791,amynana19,2024-05-25 00:59:18,0.86856,3,amynana19
842,12054778,Abdul Muid,2024-05-10 08:52:38,0.86855,10,abdulmuid
843,12100382,Siva Naga Kalyan,2024-05-12 21:26:37,0.86855,1,sivanagakalyan
844,12081239,Zakariae Youssefi,2024-05-15 10:36:23,0.86854,5,zakariaeyoussefi
845,12058169,itsakphyo,2024-05-26 13:10:36,0.86854,37,itsakphyo
846,12046205,Lobzinastya,2024-05-06 11:22:38,0.86854,30,lobzinastya
847,12105369,Muhammed Aboseif,2024-05-31 23:53:01,0.86853,14,muhammedtariq99
848,12150009,GMROH637,2024-05-30 00:29:36,0.86853,10,gmroh637
849,12167219,QweData,2024-05-26 20:13:26,0.86851,1,qwedata
850,12045200,Taylor,2024-05-21 20:17:56,0.86851,3,taytaydavis88
851,12063015,Austin,2024-05-30 03:57:54,0.86851,5,ausmreed
852,12062482,LFSantos,2024-05-09 13:52:51,0.86849,4,lfsantos
853,12086156,Muhammad Shoaib Shafique,2024-05-29 12:05:46,0.86848,11,theshoaib
854,12111963,Ethanlam0415,2024-05-29 01:27:36,0.86848,14,ethanlam0415
855,12046097,Pranit P,2024-05-02 17:12:46,0.86846,4,litaptinarp
856,12045151,Suzuki_Miyaura,2024-05-05 00:52:13,0.86846,6,dubrovinnikita
857,12071219,ARITRA KUMAR MONDAL,2024-05-31 07:47:28,0.86846,19,aritra100
858,12106733,AM,2024-05-17 10:53:57,0.86846,3,mehrotraaditya
859,12092691,Daciana DC,2024-05-10 22:30:13,0.86842,2,dacianadc
860,12081186,Evan Russel,2024-05-28 04:49:09,0.86842,3,"evanrussel,janvierrr"
861,12183258,Bùi Nhật Anh,2024-05-31 15:52:49,0.86842,4,nhatanh011204
862,12050559,Ridwan Akmal 🍉,2024-05-06 12:29:53,0.8684,5,ridwanakmal
863,12046562,Đăng,2024-05-01 21:58:11,0.86839,5,dangnh0611
864,12067534,KKOBA619,2024-05-06 02:19:50,0.86838,1,kkoba619
865,12103569,KOU_FURUNAGA,2024-05-18 12:06:45,0.86838,5,koufurunaga
866,12150056,jwyoo1029,2024-05-31 13:25:34,0.86838,3,jwyoo1029
867,12056210,Kannan,2024-05-06 14:04:51,0.86837,14,imkrkannan
868,12149841,EdKsLim,2024-05-24 04:53:04,0.86837,2,edkslim
869,12159741,Rattlesnake,2024-05-31 21:37:50,0.86835,4,sosperec
870,12105534,Mohammed Salem Lanqes,2024-05-31 12:15:30,0.86833,20,mohammedsalem2011
871,12047315,Gerald Schwartz,2024-05-04 15:21:26,0.86833,1,geraldschwartz
872,12046467,kalpana Garige,2024-05-12 07:49:52,0.86832,15,kalpanagarige
873,12057994,DeVe,2024-05-27 08:47:48,0.86832,11,"prasadverulkar,rohitdeshmukh"
874,12173612,Nicolas Noel,2024-05-28 13:13:54,0.86831,3,nicolasnoel
875,12044891,tommy millie,2024-05-30 22:51:29,0.86831,16,tommymillie
876,12045232,Alexlern,2024-05-15 18:19:05,0.86831,18,alexlern
877,12050297,Sakshi Satre,2024-05-30 10:22:11,0.8683,23,sakshisatre
878,12049649,Victor S,2024-05-16 00:00:16,0.8683,11,vsahin
879,12044545,Marius B,2024-05-31 21:11:48,0.86829,15,mariusborel
880,12175440,Wsrdufjtxky,2024-05-31 23:55:46,0.86829,10,wsrdufjtxky
881,12054690,yscho,2024-05-30 21:33:18,0.86825,3,yeonseokcho
882,12093690,Jatin Mehra_666,2024-05-31 08:14:07,0.86825,5,jatinmehra666
883,12188843,chongbo huang,2024-05-31 14:59:20,0.86825,2,chongbohuang
884,12092209,Balaj Khalid,2024-05-11 04:14:08,0.86825,4,balajkhalid
885,12044831,Little Red Hood and Big Bear,2024-05-01 23:35:24,0.86824,5,jiujianxian
886,12048937,WaghAditya,2024-05-26 12:08:05,0.86824,22,waghaditya
887,12050382,zhuoqunli,2024-05-02 09:49:03,0.86824,2,ucas0v0zhuoqunli
888,12047644,Salvatore Latora,2024-05-24 23:16:49,0.86824,6,salvatorelatora
889,12045697,Kirderf,2024-05-01 23:46:12,0.86822,5,kirderf
890,12161405,Hongssi40,2024-05-31 23:52:24,0.86821,10,hongssi40
891,12147648,dshs40thloki,2024-05-31 14:41:36,0.86821,15,dshs40thloki
892,12047160,[Deleted] e7494f07-f798-4ec1-8e38-2127ef337a6b,2024-05-01 23:30:51,0.86817,5,del=41f2f03f5f5f698b
893,12091271,Anant Bansal,2024-05-18 14:43:07,0.86815,7,infinitix
894,12060184,Thierry Neusius,2024-05-31 06:33:13,0.86815,10,thierryneusius
895,12166967,programing programing,2024-05-31 20:03:14,0.86815,7,programingprograming
896,12169074,choahyeonn,2024-05-31 20:23:16,0.86815,11,choahyeonn
897,12175343,nicksumin,2024-05-28 14:25:58,0.86815,1,nicksumin
898,12045051,Human Learning,2024-05-01 23:24:08,0.86813,5,ya88012
899,12044290,Jeremy H,2024-05-18 23:14:32,0.86812,12,jeremyhaakenson
900,12044851,Auto-Mates,2024-05-02 17:18:58,0.86812,6,"arlindkadra,sebastianpine"
901,12044261,Stochoshi G,2024-05-01 23:56:30,0.86812,3,stochoshi
902,12046862,socrates-ml,2024-05-01 20:02:07,0.86812,5,socratesml
903,12094121,MonoTough,2024-05-31 15:16:33,0.86811,10,monotough
904,12044782,[Deleted] 4517c67f-e5ac-41d8-947b-46054d6dec08,2024-05-11 13:08:28,0.86808,34,del=9c95f53f702a7829
905,12057111,Nikita Zaglumonin,2024-05-06 17:31:43,0.86807,3,nikzagl
906,12044287,Wooster,2024-05-01 17:53:20,0.86806,5,avivalvian
907,12106805,Muhammad Usman,2024-05-27 03:43:31,0.86806,24,musman1998
908,12063419,jaimepvg,2024-05-15 00:23:33,0.86805,9,jaimepardodevera
909,12150065,hshyeon3,2024-05-31 23:40:48,0.86805,11,hshyeon3
910,12048471,Rostislav Korol,2024-05-06 17:52:19,0.86803,9,rostkorol
911,12048343,kevin akbari,2024-05-30 18:01:53,0.86802,29,kevinakbari
912,12169402,Dung Dinh,2024-05-29 08:31:12,0.86801,7,dungdinh218
913,12051726,Alex Ho,2024-05-31 13:11:06,0.868,5,xelaoh
914,12044332,ST,2024-05-01 23:57:42,0.86799,5,sid4ds
915,12044268,Team AGA 🤖,2024-05-31 16:17:24,0.86798,9,"anirudhdagar,canerturkmen"
916,12096454,Adetoyeshe Arigbabuwo,2024-05-21 14:24:50,0.86798,10,adetoyeshearigbabuwo
917,12130165,seungha son,2024-05-26 15:06:14,0.86797,3,seunghason
918,12104021,Ankit Varshney,2024-05-14 17:52:59,0.86795,4,ankitvarshney02
919,12073770,JaredYe233,2024-05-13 02:36:01,0.86795,15,jaredye233
920,12044309,Team AutoML bigcat,2024-05-01 23:53:49,0.86794,5,"clockworkorange0,supergarfieldcat"
921,12058695,Imokutmfon-abasi Udoh,2024-05-31 15:38:39,0.86791,1,imokutmfonudoh
922,12047681,Steve Steinacker,2024-05-31 23:18:37,0.86791,25,stevesteinacker
923,12044428,chumajin,2024-05-01 23:52:09,0.86791,5,chumajin
924,12045378,Vlada,2024-05-31 14:11:55,0.86791,19,vlada79
925,12045369,Chris X,2024-05-08 05:29:23,0.8679,14,docxian
926,12151844,Prayan,2024-05-31 06:32:00,0.8679,5,rabinandan
927,12097895,Ahmed Khafaga 94,2024-05-14 14:29:21,0.86788,2,ahmedkhafaga94
928,12134795,mb,2024-05-27 07:23:05,0.86788,5,dec0ded
929,12045063,ZEPHYR,2024-05-02 00:01:22,0.86784,5,taherbarwaniwala
930,12119831,Naveensurya_is_back,2024-05-31 16:52:14,0.86781,3,naveensuryaisback
931,12108259,SLENSER,2024-05-14 14:38:53,0.86779,4,slenser
932,12045748,ujunwafatima,2024-05-02 04:19:40,0.86779,8,"tomy4reel,ujunwafatima"
933,12060500,Vsevolod Rakita,2024-05-20 17:28:12,0.86778,4,vsevolodrakita
934,12179024,leminhdat,2024-05-31 11:02:07,0.86776,13,leminhdat
935,12080148,Zhiheng Xu,2024-05-14 10:25:40,0.86775,3,zkmfx2
936,12052743,yann,2024-05-25 14:49:16,0.86775,3,yanndep
937,12185494,Hihiadsf,2024-05-30 14:11:20,0.86775,5,hihiadsf
938,12050059,Barbagrande007,2024-05-09 00:35:08,0.86773,10,barbagrande007
939,12083215,alperiox,2024-05-11 10:58:34,0.86773,9,raqhea
940,12072767,Furkan Küpçü,2024-05-10 00:10:56,0.86769,2,furkankp
941,12047279,Bernard,2024-05-30 21:20:18,0.86766,7,b3232427
942,12066272,zhizuo5,2024-05-11 08:51:10,0.86765,3,zhizuo5
943,12109234,Chengyuming,2024-05-14 13:44:50,0.86765,1,chengyuming
944,12083123,Kate Remie,2024-05-24 22:17:22,0.86764,10,kareremie
945,12180733,Pradhap Ajay,2024-05-31 17:13:20,0.86763,2,pradhapajaya
946,12079458,yuki matsumori,2024-05-08 23:02:28,0.86762,1,yukimatsumori
947,12044426,CipherMind,2024-05-01 22:59:38,0.86762,5,chrismorel12
948,12065882,JustNik77,2024-05-26 17:35:41,0.86762,10,justnik77
949,12071243,Quam Bello,2024-05-31 22:15:09,0.86761,5,quambello
950,12130783,Endrit Mustafa,2024-05-28 14:39:24,0.86758,1,endritmustafa
951,12169045,Lacimsal,2024-05-31 19:06:20,0.86758,3,lacimsal
952,12078463,yunsuxiaozi,2024-05-09 09:23:46,0.86756,4,yunsuxiaozi
953,12083560,ikun_42,2024-05-25 14:07:57,0.86755,21,ikun110
954,12058651,Zhang Zhou,2024-05-23 13:26:26,0.86754,11,ustcer1984
955,12044314,HIDEYO CHIBA,2024-05-20 10:44:12,0.86754,13,hideyochiba
956,12047455,HeartOfEurope,2024-05-01 20:19:36,0.86753,1,"hadarshavit,juliandierkes,nvkocher"
957,12074764,Latent,2024-05-25 07:10:24,0.86751,20,"asfdgjyhkuilk,harjot4026,princeshukla565"
958,12053066,Oleh Kondratenko,2024-05-03 10:57:50,0.86748,1,olehkondratenko
959,12044431,Team Turquoise,2024-05-01 23:10:24,0.86746,3,"benfeuer,pradhyumnbhale,shrey14"
960,12047877,yosra,2024-05-02 00:15:47,0.86745,6,yossra
961,12064371,Kameji,2024-05-22 08:24:40,0.86745,6,katsushiiwamoto
962,12137708,duweiduwei,2024-05-31 14:25:42,0.86743,11,sashirin
963,12083689,Justin Cavanaugh,2024-05-14 13:30:26,0.86742,3,justincavanaugh
964,12184538,ben070306,2024-05-31 16:00:31,0.86742,10,ben070306
965,12045871,Daria Remizova,2024-05-31 21:42:35,0.86742,4,dariaremizova
966,12044273,Devin,2024-05-01 21:12:13,0.86741,3,devinanzelmo
967,12089473,jerperez42,2024-05-31 19:49:10,0.8674,9,"gsalle,jerperez42"
968,12148513,DHRUV D12,2024-05-28 18:46:24,0.86737,6,dhruvd12
969,12048522,Adrien Riaux,2024-05-30 12:43:59,0.86737,6,adrienriaux
970,12074965,junki koie,2024-05-26 20:02:43,0.86736,2,junkikoie
971,12045603,andreajasmin1,2024-05-02 00:01:47,0.86735,5,andreajasmin1
972,12078227,BigTom,2024-05-21 01:48:29,0.86735,8,fivcan
973,12046775,Aaradhya Badal,2024-05-28 18:03:28,0.86735,3,aaradhyabadal
974,12044464,Alpha-AutoML Racing Team,2024-05-02 01:09:32,0.86735,5,"edenwuyifan,roquelopez"
975,12098284,Marco Ramsis,2024-05-14 11:19:37,0.86735,2,marcoramsis
976,12047254,kotakota1234,2024-05-12 03:38:03,0.86735,3,kotakota1234
977,12045728,mipypf,2024-05-01 23:20:02,0.86734,1,mipypf
978,12086943,Angel Lacson,2024-05-15 01:39:18,0.86733,1,angellacson
979,12047363,Vasudev Srivastava,2024-05-28 20:14:08,0.86733,22,vasudevsrivastava
980,12114020,Daksh Varshney,2024-05-15 11:35:49,0.86733,1,dakshvarshney1409
981,12057627,Jake Still,2024-05-10 18:55:57,0.86733,3,jakestill
982,12063442,David Grenz,2024-05-14 12:34:22,0.86732,1,davidgrenz
983,12044313,Bobo Jamson,2024-05-31 22:47:58,0.86731,5,bobojamson
984,12072203,rahaia,2024-05-08 12:19:42,0.86731,6,rahaia
985,12160209,Janak Rathod,2024-05-27 19:05:18,0.8673,7,janakrathod
986,12047528,turipy,2024-05-01 17:06:48,0.86729,1,turipy
987,12045860,Dessat,2024-05-03 19:24:44,0.86729,9,"capitaindata,saturnayidegnon"
988,12166262,kenetic,2024-05-29 10:30:12,0.86728,5,keneticenergy
989,12054791,NachoMobile,2024-05-30 00:59:36,0.86727,10,"italomello,lucasgalanti"
990,12060643,Nostradamus,2024-05-23 10:32:25,0.86726,14,baseershah
991,12045043,Data hackers,2024-05-07 08:50:38,0.86726,20,"nabayansaha,ronknowledge"
992,12049606,Reading Hui,2024-05-24 00:49:36,0.86724,20,readinghui
993,12092492,Sidcodegg,2024-05-28 05:02:33,0.86723,1,sidcodegg
994,12071583,Alfe Suny,2024-05-07 20:50:27,0.86723,8,alfesuny
995,12052691,Max Tiandi,2024-05-10 14:17:22,0.86723,7,maxtiandi
996,12044705,rajo,2024-05-02 08:58:38,0.8672,5,rajo09
997,12102832,keiji muramatsu,2024-05-31 13:31:14,0.86717,26,keijimuramatsu
998,12049167,AndreasN,2024-05-01 22:53:04,0.86717,2,andreasniemann
999,12055184,Jasmine Raihana,2024-05-30 10:17:40,0.86716,7,jasmineraihana
1000,12044329,Eric Mundt,2024-05-13 06:39:51,0.86716,12,ericmundt
1001,12186973,kevakba,2024-05-30 21:39:32,0.86716,1,kevakba
1002,12161882,k1t._.k1t,2024-05-25 20:46:48,0.86716,3,k1tk1t
1003,12056852,dalatar,2024-05-06 08:00:39,0.86716,2,dalatar
1004,12082029,Mark Shipman,2024-05-16 21:45:40,0.86715,5,markshipman
1005,12076606,Anna Balatska,2024-05-24 14:44:54,0.86714,18,annastasy
1006,12143956,Gallo,2024-05-31 02:13:55,0.86714,1,gallo33henrique
1007,12100647,Bennett Van Soelen,2024-05-29 00:33:05,0.86713,14,bennettvansoelen
1008,12047295,Bateman,2024-05-09 15:18:51,0.86712,3,iitm21f1003494
1009,12164305,HijikiML,2024-05-29 14:08:52,0.86711,5,hijikiml
1010,12052873,shunta yamazaki,2024-05-29 03:40:36,0.8671,43,shuntayamazaki
1011,12049629,hinos,2024-05-31 07:29:27,0.8671,15,akemihinoshita
1012,12081520,[Deleted] cb4e28d8-8f7e-4db8-85be-2c9ba1563c72,2024-05-11 10:53:52,0.8671,11,del=2c0e4f5ad3161ff8
1013,12077306,KuriyamaShiro,2024-05-08 08:48:01,0.86708,3,kuriyamashiro
1014,12080026,kitayama,2024-05-30 17:43:17,0.86708,21,kkityama
1015,12185923,Subhrayan Samajdar,2024-05-31 19:41:11,0.86707,1,subhrayansamajdar
1016,12105793,Edria Li,2024-05-21 22:03:59,0.86706,10,edriali
1017,12131489,PACESETTER55,2024-05-28 10:43:04,0.86705,10,pacesetter55
1018,12055050,sebastian.sarasti,2024-05-18 22:05:59,0.86705,35,sebas02
1019,12085592,Sarvesh Babu 1819,2024-05-26 05:06:58,0.86703,2,sarveshbabu1819
1020,12047437,Magdi El-Sharkawy,2024-05-31 20:46:18,0.86703,73,magdielsharkawy
1021,12080844,Vinay Cheripally,2024-05-14 10:04:52,0.86703,11,vinaycheripally
1022,12058221,Denis Rukavishnikov,2024-05-03 20:18:35,0.86703,4,denisrukavishnikov
1023,12065754,gizmrkv,2024-05-20 12:32:04,0.86703,7,gizmrkv
1024,12148890,Aymen Fkir,2024-05-25 11:49:29,0.86703,18,aymenfkir
1025,12050803,Mohitraj Rathor,2024-05-31 17:52:15,0.86702,9,mohitrajrathor
1026,12054988,Li Yang,2024-05-09 23:18:01,0.867,5,ljasper
1027,12044337,Sergiy Gavrylov,2024-05-20 10:03:27,0.867,25,sergiygavrylov
1028,12119448,PantecheLearning2023,2024-05-16 11:43:16,0.867,1,pantechelearning2023
1029,12165951,Rish Ratnalingam,2024-05-29 10:28:58,0.86699,17,rishratnalingam
1030,12048833,Filippo Doldi,2024-05-04 14:13:09,0.86699,4,filippodoldi
1031,12090160,Maurassien,2024-05-27 21:36:06,0.86697,5,maurassien
1032,12105782,Gabriel Oliveira011,2024-05-17 16:55:39,0.86696,4,gabrieloliveira011
1033,12050491,[Deleted] 71625183-0230-4732-9709-7e6494f04548,2024-05-22 21:11:15,0.86696,3,del=42f7990157c97de4
1034,12044789,MLJAR,2024-05-01 21:34:02,0.86696,5,mt77pp
1035,12083522,tarorin,2024-05-22 05:27:18,0.86693,8,tarorin
1036,12082354,Victor_wagoo,2024-05-19 20:47:24,0.86692,11,victorwagoo
1037,12045662,k8tems,2024-05-16 00:56:05,0.86692,9,k8tems
1038,12152619,AP\,2024-05-30 19:36:42,0.86691,4,dem0nking
1039,12086218,skt-paul,2024-05-12 05:19:29,0.86691,2,sktpaul
1040,12109417,DanBS,2024-05-24 14:12:23,0.86691,3,danb2s
1041,12047792,Saraah 12,2024-05-02 00:14:13,0.8669,2,saraah12
1042,12046375,k44L,2024-05-12 11:56:32,0.8669,4,kaalhar
1043,12178999,Tuan Kiet (K17 HCM),2024-05-31 08:28:39,0.8669,1,tuankietk17hcm
1044,12046233,waee,2024-05-01 21:39:06,0.86689,4,waechter
1045,12108550,PiroPiro,2024-05-26 00:31:17,0.86687,2,hironoriyosida
1046,12123005,zhangyanming15,2024-05-18 01:53:56,0.86687,10,zhangyanming15
1047,12123916,Pim van Berlo,2024-05-22 14:04:49,0.86687,7,pimvberlo
1048,12058215,ShivaniA,2024-05-04 17:47:26,0.8668,1,shivania23
1049,12081172,Abhijit89Kumar,2024-05-27 07:40:42,0.86679,9,abhijit89kumar
1050,12103377,[Deleted] 27e00f35-eb30-44f1-a2e4-6ba2f8b9b0a4,2024-05-17 15:22:09,0.86677,2,del=5205b096d69bbf79
1051,12052132,Habilamar,2024-05-23 00:41:03,0.86672,5,habilamar
1052,12151639,bayraktarahmet,2024-05-23 10:09:45,0.86672,1,bayraktarahmet
1053,12192419,kevitatio,2024-05-31 23:43:08,0.8667,5,kevitatio
1054,12093516,A.Rahul,2024-05-31 17:20:54,0.86669,26,rahul1934
1055,12047165,Neel Gangrade,2024-05-01 18:04:47,0.86662,1,neelgangrade
1056,12046980,obzen,2024-05-21 11:25:36,0.86662,3,kosuzu
1057,12045555,Alberto,2024-05-31 15:38:00,0.86658,4,albone
1058,12071129,yu lin5567,2024-05-27 06:20:19,0.86652,3,yulin5567
1059,12120022,Albert Gugescu,2024-05-31 20:03:53,0.86651,6,riam2k21
1060,12089195,Sougato B.,2024-05-31 23:16:47,0.86647,26,seanatkaggle
1061,12136362,samyar daghighi rad,2024-05-21 08:07:05,0.86647,10,samyardaghighirad
1062,12106421,Jason Nguyen,2024-05-15 01:07:02,0.86643,4,scripterksg
1063,12055553,Hs1534,2024-05-30 09:38:37,0.86642,10,hs1534
1064,12189347,RHANDY MARTINEZ,2024-05-31 23:07:51,0.86641,5,rhandymartinez
1065,12046468,kmljts,2024-05-23 18:36:27,0.86637,18,kmljts
1066,12062229,Adrian Alo,2024-05-27 20:54:29,0.86633,16,adrianalo
1067,12090818,Can Karacelebi,2024-05-13 23:14:09,0.86622,12,cankaracelebi
1068,12059786,Adeniyi Babalola,2024-05-07 19:15:00,0.8662,8,adeniyibabalola
1069,12046105,smrutiranjan samal,2024-05-12 08:47:41,0.8662,5,srsses
1070,12074431,Giorgio Micaletto,2024-05-21 05:11:16,0.86618,6,giorgiomicaletto
1071,12060627,Nicholas Horsford,2024-05-25 10:46:52,0.86611,4,nicholashorsford
1072,12045030,Aniket Sharma,2024-05-01 22:45:33,0.86608,3,aniketsharma00411
1073,12053467,Santanu Kundu,2024-05-11 23:01:02,0.86606,2,santanukundu
1074,12071695,fernando garcia,2024-05-07 21:48:59,0.86606,3,ferchi00
1075,12100531,Ivalbert,2024-05-30 00:29:33,0.86603,14,ivalbert
1076,12045001,Christopher Brown,2024-05-10 00:16:35,0.86602,11,robotgames
1077,12045020,rmehedi,2024-05-14 03:59:15,0.86601,3,rmehedi
1078,12144178,avedei123,2024-05-31 09:20:42,0.866,2,avedei123
1079,12077724,Luan Maieski,2024-05-22 16:54:39,0.866,13,luanmaieski
1080,12060393,rahul yadav,2024-05-28 10:35:00,0.86599,8,rahullalu
1081,12065138,YeyPiz,2024-05-05 13:28:04,0.86598,5,yeypiz
1082,12120308,Giordan Pretelin,2024-05-23 13:42:19,0.86595,3,giordan
1083,12129508,Дмитрий Трубицин,2024-05-25 07:46:43,0.86593,2,dmitrytrubitsin
1084,12124257,Raghav Sharma,2024-05-21 14:11:12,0.86587,5,raghav2002sharma
1085,12065617,CodeCodeNeed,2024-05-10 14:54:29,0.86586,21,codecodeneed
1086,12044475,Atharva Date,2024-05-04 15:58:25,0.86578,8,atharva0577
1087,12059386,TdeW,2024-05-28 09:15:01,0.86577,12,thijsdewith
1088,12068921,Omar Refaie,2024-05-26 00:13:57,0.86573,30,omega11
1089,12044518,ChrisK321,2024-05-14 17:38:23,0.8657,7,chrisk321
1090,12166333,jwplanet,2024-05-31 21:31:38,0.8657,12,jwplanet
1091,12109855,ismail alshofi,2024-05-15 10:13:10,0.86564,1,ismailalshofi
1092,12059090,[Deleted] 3557c464-40bc-4a7c-bfd6-cf6509676484,2024-05-31 13:46:26,0.86561,14,del=8e35136806b6040b
1093,12051466,Pete Cooper,2024-05-02 12:13:04,0.8656,4,pecooper
1094,12081805,Anubhav Tyagi1212,2024-05-26 07:23:57,0.8656,15,anubhavtyagi1212
1095,12051857,Pratiksha Chavan,2024-05-12 10:27:55,0.86559,8,pratikshapchavan
1096,12104542,HereMZG,2024-05-16 16:29:38,0.86559,4,heremzg
1097,12136823,bkanupam,2024-05-31 15:48:47,0.86558,1,bkanupam
1098,12050071,Vinoth Pandian,2024-05-07 23:38:49,0.86557,8,vinothpandian
1099,12051875,Shubham Shaha 07,2024-05-12 10:18:07,0.86555,16,shubhamshaha07
1100,12117050,NEXTOR,2024-05-23 13:26:08,0.86548,5,nextor000
1101,12070083,Pranav M Gaddi,2024-05-06 11:16:48,0.86548,2,pranavmgaddi
1102,12069957,riyawagh1894,2024-05-06 11:23:49,0.86548,1,riyawagh1894
1103,12051856,Amkaggel,2024-05-12 10:16:54,0.86548,9,amkaggel
1104,12160503,Nima Hojat,2024-05-25 00:42:21,0.86547,1,nimahojat
1105,12082751,xy,2024-05-09 08:58:28,0.86543,3,xiaochuanyang
1106,12093324,data_xaras,2024-05-15 21:53:34,0.86543,9,"pperna,schmitzj"
1107,12044876,Robert Patchin,2024-05-31 23:56:57,0.86543,37,robertpatchin
1108,12050646,Arjun V,2024-05-27 10:11:55,0.86543,13,arjunv452
1109,12053232,MSAADI ABDELLAH,2024-05-30 03:51:33,0.86543,8,msaadiabdellah
1110,12139365,mickley,2024-05-22 15:49:50,0.86543,5,mickley
1111,12112188,TAY QI YING,2024-05-31 16:27:36,0.86542,10,tayqiying
1112,12050793,stepan kutkin,2024-05-19 16:48:34,0.86542,8,stepankutkin
1113,12190085,[Deleted] 5072f20d-3118-4f60-b15f-8cc397387055,2024-05-31 17:34:23,0.86538,5,del=933f4d9a6ada1a79
1114,12046152,Zidan Qurosey Sabilla,2024-05-10 13:31:08,0.86537,4,zidanqrs
1115,12107643,impaddi,2024-05-31 09:44:18,0.86536,2,impaddi
1116,12048677,David Hammond,2024-05-14 18:55:59,0.86535,7,davidhammond
1117,12139448,Megha Trivedi,2024-05-25 07:57:28,0.86535,21,meghat525
1118,12109397,[Deleted] cbec3c20-6299-4dfc-a3e2-f850a5816b33,2024-05-14 16:54:02,0.86534,2,del=d98cebdd6d2c696e
1119,12051865,Sagar_Raut0418,2024-05-06 11:08:22,0.86531,5,sagarraut0418
1120,12051931,pgdai13,2024-05-12 10:36:18,0.86527,7,pgdai13
1121,12060222,CDAC2036,2024-05-14 03:58:10,0.86527,12,cdac2036
1122,12099084,jvt3112,2024-05-12 14:44:28,0.86525,3,jvt3112
1123,12102672,Vadim Akhtyamov,2024-05-29 05:57:15,0.86524,14,wade2123
1124,12163484,[Deleted] 4d157157-7149-468a-b9a3-a8a01a589046,2024-05-25 17:20:55,0.86523,2,del=1b553656d21bc630
1125,12134898,mussi,2024-05-24 09:02:24,0.86516,18,mussii
1126,12070100,Ayush Swami,2024-05-06 11:18:05,0.86516,1,ayushswamy1010
1127,12161446,Aayush Kulkarni 2003,2024-05-31 11:46:50,0.86515,16,aayushkulkarni2003
1128,12051851,Kunal Manasi,2024-05-12 11:25:47,0.86515,10,kunalmanasi
1129,12051859,Kunal Kunal Yogesh,2024-05-06 11:08:27,0.86515,4,kunalkunalyogesh
1130,12050308,iamabhaytiwari,2024-05-30 08:14:33,0.86513,21,iamabhaytiwari
1131,12157251,vinay,2024-05-26 10:01:44,0.86511,1,vinaysai12345
1132,12046337,Zhengyao Jiang,2024-05-01 22:42:18,0.86508,5,zhengyaojiang
1133,12048330,Weco AI,2024-05-01 23:45:35,0.86508,5,wecoai
1134,12091546,Mohit-5-5,2024-05-16 21:50:47,0.86508,8,mohit55
1135,12044269,Jimmy Ng,2024-05-01 15:53:58,0.86506,5,jimmycode
1136,12044270,PanyiDong,2024-05-01 18:40:24,0.86504,3,panyidong
1137,12051863,anujsingh256,2024-05-12 10:19:40,0.86503,11,anujsingh256
1138,12095697,Vivek Shah,2024-05-11 17:14:39,0.86503,1,vivekshah2004
1139,12049572,stpete_ishii,2024-05-08 13:11:27,0.86498,9,stpeteishii
1140,12048071,Arman Zhalgasbayev,2024-05-30 18:45:20,0.86498,4,armanzhalgasbayev
1141,12152091,Nilesh Tarte,2024-05-30 19:14:44,0.86498,8,nileshtarte02
1142,12155621,Krupal Shah,2024-05-28 03:37:47,0.86497,8,krupalshah123
1143,12119461,Qamar math,2024-05-30 21:41:06,0.86496,16,qamarmath
1144,12171330,Huseyin Battal,2024-05-31 19:38:57,0.86495,7,huseyinbattal
1145,12150930,Kaushal Shelke,2024-05-29 06:50:58,0.86494,2,kaushalshelke
1146,12061116,whxni509,2024-05-17 16:12:25,0.86493,30,whxni509
1147,12082036,Saber Ghaderi,2024-05-09 16:26:30,0.86492,6,ghaderisaber
1148,12114675,[Deleted] 4554d2f4-8e8b-45fe-a2eb-55c8a7230267,2024-05-24 13:45:20,0.86488,12,del=35da7460230fa23e
1149,12049055,Chris Muenzer,2024-05-13 18:10:06,0.86483,8,muenzer
1150,12060834,KLYUSHNIK-Alexsandr,2024-05-31 15:31:34,0.86481,72,klyushnik
1151,12095000,Eshan Inamdar,2024-05-16 14:16:06,0.8648,7,eshaninamdar
1152,12044621,JEFFREYYAN03,2024-05-01 02:07:15,0.86479,1,jeffreyyan03
1153,12051866,jawade Shrinivas,2024-05-06 10:40:21,0.86477,7,jawadeshrinivas
1154,12070109,shrinivas jawade,2024-05-06 11:16:53,0.86474,1,shrinivasjawade
1155,12084867,ideny42,2024-05-30 11:46:48,0.8647,40,ideny42
1156,12113155,SHUVENDU PRITAM DAS,2024-05-23 12:29:32,0.8647,6,shuvendupritam
1157,12148489,Frederic Nicholson,2024-05-31 23:56:57,0.86464,18,fredericnicholson
1158,12051056,Kaiyue Cheng,2024-05-04 06:51:28,0.86462,9,kaiyuecheng
1159,12057481,koviroli96,2024-05-31 10:15:21,0.86462,8,koviroli96
1160,12072736,Luis Angel Lopez Atencio,2024-05-17 02:24:26,0.86458,10,luisatencio
1161,12191324,chochojh157,2024-05-31 19:09:00,0.86458,1,chochojh157
1162,12146007,DeepaliSabnis,2024-05-30 11:27:52,0.86454,5,deepalisabnis
1163,12045135,werger,2024-05-09 07:52:53,0.86444,12,werger
1164,12146586,dshs40th94,2024-05-22 11:10:37,0.86444,5,dshs40th94
1165,12048612,AK47,2024-05-05 02:18:48,0.86441,9,"gustavotanques,leozanchett"
1166,12052429,fajemisin adeniyi,2024-05-15 19:22:46,0.86441,4,fajemisinadeniyi
1167,12044267,Alexander Kapturov,2024-05-23 15:01:11,0.86439,20,kapturovalexander
1168,12148271,goojaheon,2024-05-30 15:13:27,0.86434,15,goojaheon
1169,12096374,Дмитрий,2024-05-31 21:03:12,0.86434,7,sddmitri
1170,12085189,SATARUPA DEB,2024-05-31 07:09:35,0.86432,3,satarupadeb
1171,12044498,Suraj Yerramilli,2024-05-07 04:56:26,0.86432,5,syerramilli
1172,12102710,Yibaohong,2024-05-28 07:35:49,0.8643,1,yibaohong
1173,12114927,Arun_998_01,2024-05-21 08:57:05,0.86427,11,arun99801
1174,12046370,Hordur Johannsson,2024-05-01 23:50:12,0.86427,4,hordurj
1175,12170586,ParapetPetrov,2024-05-31 15:00:16,0.86421,6,parapetpetrov
1176,12053076,Hammad Khan29,2024-05-12 13:13:24,0.8642,4,hammadkhan29
1177,12112428,[Deleted] 99f442a8-c6f1-4867-af02-4603a7278d62,2024-05-31 09:06:22,0.86419,14,del=6bc68436f2f03fb3
1178,12178856,Ekin Senler,2024-05-31 19:17:23,0.86419,6,ekinsenler
1179,12120880,Alexander Skawran,2024-05-31 17:14:55,0.86414,32,alexanderskawran
1180,12142671,SihanChen,2024-05-23 01:55:03,0.86413,8,groudon1215
1181,12070198,SiSePuede,2024-05-08 23:20:29,0.86412,6,danielscu
1182,12047395,Samuel Situmeang,2024-05-31 14:31:24,0.8641,14,samuelsitumeang
1183,12052585,imziang,2024-05-02 15:57:41,0.86409,2,imziang
1184,12087184,Vayansh Garg,2024-05-25 15:16:58,0.86406,7,vayanshgarg
1185,12116509,BURAK TURGUT,2024-05-20 13:07:19,0.86405,6,wysex7
1186,12045389,Antonio Trias,2024-05-18 06:26:56,0.86403,14,tronpil
1187,12054306,Marcelo Delgado,2024-05-22 12:28:11,0.86399,1,marcelodelgadod
1188,12048799,Cian Thomas Stanton,2024-05-03 19:17:24,0.86393,5,cianstanton
1189,12077991,Rohit Bose,2024-05-10 01:14:28,0.86392,4,rohitkrbose
1190,12109859,Niraj Gadhe,2024-05-30 16:25:10,0.8638,33,nirajgadhe
1191,12049689,Dharun Suryaa,2024-05-17 20:24:53,0.86379,6,dharun4772
1192,12044897,Kapil Sharma,2024-05-29 21:43:25,0.86379,9,imbishal7
1193,12159993,Mevlüt Başaran,2024-05-25 23:00:02,0.86379,3,mevltbaaran
1194,12091479,Muhammad Qasim Shabbir,2024-05-31 23:37:41,0.86374,52,muhammadqasimshabbir
1195,12049560,goojung,2024-05-07 16:52:20,0.86368,9,goojung
1196,12114236,Ignacio Bosquet,2024-05-16 06:39:37,0.86368,2,ignaciobosquet
1197,12086503,Aditya Singh,2024-05-13 21:46:26,0.86366,11,wh1tewhale
1198,12153619,koojaheon,2024-05-25 05:50:38,0.86366,9,koojaheon
1199,12044914,BRYAM BLAS RIMAC,2024-05-06 16:10:29,0.86363,7,bryamblasrimac
1200,12092441,Jeffrey Preston,2024-05-15 01:41:34,0.86362,6,jeffreypreston
1201,12143820,Shariq Nadeem Malik,2024-05-29 14:48:11,0.8636,12,elitecoder10
1202,12152979,Dhananjay Brahme,2024-05-31 16:27:22,0.86354,11,dhananjaybrahme
1203,12186369,RodO,2024-05-31 19:12:44,0.86354,3,rolliver
1204,12086648,FREDY AKTOSA,2024-05-11 18:28:03,0.86353,4,aktofredy
1205,12094256,Ashwani Kushwaha,2024-05-20 02:03:45,0.86353,9,ashwanik1992
1206,12055868,Gleb Pimenov,2024-05-04 12:33:32,0.86353,3,glebpimenov
1207,12061246,Alexander Koch,2024-05-05 01:36:20,0.86351,5,alexanderdkoch
1208,12168190,kartikey bartwal,2024-05-29 09:37:19,0.86349,6,kartikeybartwal
1209,12047551,Alexey Kudelckin,2024-05-03 21:06:39,0.86348,7,alexeyk12
1210,12059094,Fernando Carrera,2024-05-06 22:37:08,0.86348,2,fernandocarrera
1211,12044569,Fedi Lansari,2024-05-10 00:42:33,0.86345,16,fedilansari
1212,12147479,Qiiiiiii7,2024-05-23 06:31:23,0.86345,10,qiiiiiii7
1213,12046978,Dominik,2024-05-01 16:28:58,0.86344,5,schmidtdominik
1214,12048136,Cristhian Ccala H.,2024-05-30 21:50:50,0.8634,14,cristhianccalah
1215,12134957,notadreamboat,2024-05-26 12:07:11,0.8634,11,notadreamboat
1216,12049472,Artur Pedro Martins Neto,2024-05-07 14:25:00,0.86339,7,artpedro
1217,12159099,Jan Hesse,2024-05-31 13:16:00,0.86332,4,janhesse97new
1218,12053619,Ayush Kumar,2024-05-31 08:29:25,0.86326,18,ayush3954
1219,12106534,Trevor Glenn,2024-05-18 02:30:56,0.86323,4,trevorglenn
1220,12089978,Matej Havelka,2024-05-12 09:06:30,0.86322,4,matejhavelka
1221,12106901,MJ Santos,2024-05-16 10:04:40,0.86318,6,meregeljoshuasantos
1222,12170062,chojh157,2024-05-31 18:39:49,0.86318,17,chojh157
1223,12057013,Ivan Plotnikov,2024-05-30 13:29:52,0.86306,12,mainscientist
1224,12140482,ben2503,2024-05-31 13:23:44,0.86304,5,ben2503
1225,12095139,Sven,2024-05-11 23:14:30,0.86304,1,zhambalov
1226,12044585,Sadman Sakib Rafi,2024-05-07 00:05:37,0.86302,2,sadmansakibrafi
1227,12044969,lulala,2024-05-02 01:54:17,0.863,3,rueash
1228,12177696,ARNAV PANDEY,2024-05-30 20:08:18,0.863,2,arnavsuiiiiiiiiiiii
1229,12157861,zhangkangjie,2024-05-29 10:05:35,0.86296,5,zhangkangjie
1230,12129158,Leglone De Anderson,2024-05-27 06:54:55,0.86295,12,leglonedeanderson
1231,12048050,Shubham Rawat,2024-05-01 18:37:30,0.86292,4,rawatshubham09
1232,12081354,kıvanç,2024-05-16 14:36:05,0.86289,7,kvnc00
1233,12044283,Kenji0221,2024-05-01 06:32:07,0.86281,3,kenjikaminogo
1234,12074058,Rohit Shahukaru,2024-05-11 10:00:12,0.86281,3,rohitshahukaru
1235,12082399,Tanbeer Jubaer,2024-05-09 15:39:27,0.86277,1,"tanbeerjubaer,tasin99"
1236,12065311,Abinanthan K,2024-05-17 08:49:28,0.86275,4,abinanthank
1237,12157691,Ishan Chugh,2024-05-26 17:19:02,0.86266,9,ishanchugh
1238,12134725,Nastaran,2024-05-20 18:32:51,0.86265,5,nasiabajaln
1239,12049654,krishnapriya vijayan,2024-05-02 08:03:42,0.86264,4,krishnapriyavijayan
1240,12083319,GGMU,2024-05-10 07:50:13,0.86259,2,"aaravkumar2905,aryan0501"
1241,12050265,JJWL,2024-05-23 00:47:46,0.86258,10,janicejl
1242,12159313,Daniel12341,2024-05-27 18:29:27,0.86247,8,daniel12341
1243,12061123,Abdulrahman Alhomse,2024-05-15 16:17:14,0.86247,11,abdalrhmanalhomse
1244,12132811,Darryl,2024-05-25 11:47:43,0.86245,7,"darrylljk,hikageshinomori"
1245,12120000,siva karthik,2024-05-16 17:55:16,0.86236,3,sivakarthikai
1246,12124264,Sheepli,2024-05-30 11:34:55,0.86236,19,yyando
1247,12096358,Yasir Mehmood2,2024-05-30 03:28:43,0.86234,13,yasirmehmood2
1248,12044761,Kappro,2024-05-04 09:01:51,0.86233,5,kappro
1249,12047004,Robert332,2024-05-14 18:05:05,0.86225,1,robert332
1250,12074892,Emil Pitsov,2024-05-10 08:30:58,0.86225,6,emilpitsov
1251,12112822,ThaiKhoi,2024-05-15 07:11:54,0.86224,1,thaikhoi
1252,12057723,Joseph Margaryan,2024-05-10 21:53:21,0.8622,3,josephmargaryan
1253,12048095,Nghi Huynh,2024-05-01 20:59:35,0.86219,5,nghihuynh
1254,12048098,Pairavi,2024-05-20 11:05:11,0.86218,4,pairavithanancheyan
1255,12113141,Mansib Uddin,2024-05-30 01:41:40,0.86216,6,mansibuddin
1256,12099603,Rakinaljubair,2024-05-22 06:36:27,0.86215,4,rakinaljubair
1257,12166029,pranjal,2024-05-31 08:33:28,0.86213,16,pranjal1221
1258,12046247,Jacob Millet,2024-05-06 11:16:54,0.86213,14,jacobmillet
1259,12128336,ddddduanduan,2024-05-19 12:30:18,0.8621,1,ddddduanduan
1260,12048628,Ting-Hung Tsai,2024-05-06 19:26:15,0.8621,3,thtsai21
1261,12046156,Vaibhav Bisht,2024-05-10 19:20:31,0.86208,2,vaibhavac
1262,12188035,Average Villager,2024-05-31 07:47:14,0.86208,2,hcao91
1263,12164449,Pranavdhar N,2024-05-31 04:18:22,0.86208,13,pranavdharn
1264,12127835,Mohammad Sakka,2024-05-29 22:09:08,0.86208,1,mohammadsakka
1265,12077464,Apichai.S,2024-05-08 03:41:53,0.86207,1,apichaisiangchin
1266,12068879,silt_goose,2024-05-10 07:19:26,0.86207,2,siltgoose
1267,12044407,ryo,2024-05-01 23:32:42,0.86204,2,frogre0
1268,12063133,Kirilll Halo,2024-05-29 17:34:18,0.86201,2,"senbonzakurakagiohsi,theluppa"
1269,12071248,Durga Prasad Poka,2024-05-10 01:07:38,0.862,4,durgaprasadpoka
1270,12091152,Choi si young,2024-05-18 05:42:15,0.86199,8,choissi
1271,12179392,sinju5518,2024-05-31 13:27:20,0.86196,10,sinju5518
1272,12109571,SHRAMANRT,2024-05-15 16:13:47,0.86191,2,shramanrt
1273,12047844,HollyHubb,2024-05-13 03:47:51,0.86191,5,hollyhubb
1274,12059682,WilEth,2024-05-18 23:49:36,0.86187,5,wileth
1275,12188426,Jangorithm,2024-05-31 22:49:28,0.86186,2,jangorithm
1276,12049580,Jacob Gunn,2024-05-14 20:16:52,0.86177,6,jacobgunn
1277,12189144,Chirag Agrawal,2024-05-31 11:15:34,0.86177,4,chiragagrawal24
1278,12137618,Viral Biyawala,2024-05-26 11:55:22,0.86175,9,viralbiyawala
1279,12088526,mingungun,2024-05-31 16:43:08,0.86173,3,mingungun
1280,12094284,harsh20562,2024-05-16 06:37:07,0.86172,9,harsh20562
1281,12146174,TarinPairor,2024-05-27 08:09:32,0.86172,12,tarinpairor
1282,12104545,Hannes Sandberg_sa,2024-05-15 11:26:23,0.86172,2,hannessandbergsa
1283,12086042,Carl Haines,2024-05-21 08:32:10,0.86168,10,carlhaines
1284,12072867,keshikk,2024-05-19 12:14:56,0.86168,2,keshikk
1285,12174587,ZeHong Ren,2024-05-31 10:41:32,0.86166,2,zehongren
1286,12186073,Knickjac,2024-05-30 19:32:14,0.86162,4,knickjac
1287,12127082,Sean Hannon,2024-05-31 15:21:32,0.86158,5,seanjhannon
1288,12049401,Marcell,2024-05-02 09:06:46,0.86157,1,marcellchristianf
1289,12106129,T Tsurumi,2024-05-17 21:56:47,0.86156,14,ttsurumi
1290,12148598,Gavin Rodriguez,2024-05-23 03:20:23,0.86151,5,gavindavidrodriguez
1291,12055976,Pawin Chan,2024-05-29 23:51:01,0.86151,10,pawinchan
1292,12095093,艾克热木乃比江,2024-05-31 09:31:27,0.86148,2,akramnabijan
1293,12099417,AndrewCaiJunKai,2024-05-31 14:33:44,0.86134,14,"andrewcaijunkai,haozeng49"
1294,12147621,Seong Minsik,2024-05-22 17:52:22,0.86133,2,seongminsik
1295,12177992,Priyam Saha,2024-05-31 07:55:08,0.86132,2,priyamsaha17
1296,12092592,Ivan Analyst,2024-05-11 08:46:07,0.86129,3,ivankucherov
1297,12173760,Crow Silver,2024-05-31 15:51:22,0.86128,7,crowsilver
1298,12050410,iqbal2303,2024-05-02 15:47:35,0.86128,2,iqbal2303
1299,12144696,Electric Weasle,2024-05-21 19:43:44,0.86126,2,electricweasle
1300,12150826,tabbyai,2024-05-26 05:54:51,0.86126,9,tabbyai
1301,12046600,Samyak jain,2024-05-02 20:49:33,0.86125,2,samyakjain2052
1302,12096345,Nicolas,2024-05-22 09:32:58,0.86124,20,nicolasmatteazzi
1303,12129981,chenbp,2024-05-21 07:18:22,0.86121,4,hanxiaojiuquan
1304,12044439,prash4nt,2024-05-16 15:43:47,0.8612,5,prash4nt
1305,12182139,jpthecavy,2024-05-31 23:49:07,0.8612,7,jpthecavy
1306,12121557,DmitriyLeb,2024-05-19 00:30:58,0.8612,6,dmitriyleb
1307,12048352,TIRTH JOSHI,2024-05-09 14:45:08,0.86117,5,tirth5828
1308,12045198,Subhadip Baidya,2024-05-11 16:03:57,0.86115,3,subhadipbaidya
1309,12051457,Manul Das,2024-05-03 11:00:59,0.86114,7,manuldas
1310,12160398,Abhishek Sharma,2024-05-27 21:54:12,0.86112,6,abhi2999
1311,12120426,Ren,2024-05-21 23:33:37,0.86112,9,eren2222
1312,12161602,감바스1,2024-05-31 00:04:42,0.86106,4,base01
1313,12098531,Adarsh Ghimire203,2024-05-26 08:15:29,0.86106,6,adarshghimire203
1314,12132460,AVICENNA TIRTOSUHARTO,2024-05-20 15:28:22,0.86104,1,avicennatirtosuharto
1315,12045016,John Elmer Loretizo,2024-05-04 16:16:36,0.86102,3,jeploretizo
1316,12044758,조세프,2024-05-01 19:25:40,0.86099,4,josephbenofficial
1317,12057212,Ilyas_Anas,2024-05-13 16:46:44,0.86099,10,"del=9301b138a5adda85,ilyascharqig1"
1318,12120989,Ethan Vertal,2024-05-19 17:35:31,0.86097,5,ethanvertal
1319,12063258,[Deleted] d0bc99f3-3141-4035-8bf5-1fc08e2464a6,2024-05-13 09:59:09,0.86092,2,del=7894ce1d76bdd068
1320,12169250,Harish K,2024-05-30 09:12:18,0.86087,14,harishk2209
1321,12167463,Ali Alghaithi,2024-05-31 17:43:22,0.86084,19,alioman
1322,12083916,liao guoying,2024-05-09 10:56:08,0.86079,1,liaoguoying
1323,12101276,Durgesh Samariya,2024-05-21 05:16:28,0.86078,4,themlphdstudent
1324,12059653,James & Maggie,2024-05-16 02:25:55,0.86074,15,"jamesotwell,maggie00000"
1325,12045798,Dhruv Tibarewal,2024-05-03 14:41:57,0.86071,5,dhruvtibarewal
1326,12045395,blackout,2024-05-31 04:48:59,0.86071,17,likhon148
1327,12112022,Sachchit Kunichetty,2024-05-24 18:46:27,0.86064,5,sachchitkunichetty
1328,12140765,tomtuamnuq,2024-05-23 11:30:15,0.86059,4,tomkrger
1329,12045418,Moritz,2024-05-03 07:30:15,0.86057,5,mrtz16
1330,12050357,CoB12426,2024-05-08 05:22:41,0.86052,7,cob12426
1331,12177863,[Deleted] cd44c572-d647-4496-8a9a-f9cd4596ecdd,2024-05-31 22:20:11,0.86052,7,gnagamahesh
1332,12060669,Aditya Mangal,2024-05-08 07:35:56,0.86049,11,adityamangal410
1333,12082430,Aman Vishnoi,2024-05-10 17:56:56,0.86049,2,amanvishnoi777
1334,12090515,songjiale,2024-05-11 09:15:58,0.86048,3,songjiale
1335,12171362,Mateus Lima,2024-05-28 12:20:03,0.86048,1,mateusnorcia
1336,12044953,Kyla L,2024-05-17 21:56:56,0.86046,5,klangotsky
1337,12106927,김민석,2024-05-30 05:52:56,0.86046,5,statpractice
1338,12141160,shantanugupta2004,2024-05-21 07:38:23,0.86046,2,shantanugupta2004
1339,12054130,NoudMM,2024-05-20 10:18:06,0.86046,12,noudmm
1340,12166665,Serge,2024-05-28 02:45:04,0.86045,4,serg132003
1341,12087665,Daniel Bissell,2024-05-14 06:58:07,0.86042,15,danielbissell
1342,12190982,sinju55182,2024-05-31 19:46:18,0.86039,5,sinju55182
1343,12052091,Mns_JbS,2024-05-02 11:36:36,0.86038,1,mnsjbs
1344,12059075,Daniel Popov,2024-05-20 07:20:43,0.86035,15,danielpopov
1345,12106630,홍수민_2020314333,2024-05-21 05:04:09,0.86031,8,hgsm00
1346,12046735,Satej Raste,2024-05-01 13:33:22,0.86029,1,starcs2001
1347,12052645,nbliang,2024-05-03 10:28:23,0.86028,1,nbliang
1348,12113002,honeywell,2024-05-15 12:02:59,0.86028,4,honeywell
1349,12176392,Keras Chiu,2024-05-28 20:06:34,0.86025,2,keraschiu
1350,12116187,Stefano Pisano,2024-05-21 13:46:58,0.86025,17,istevenepisano
1351,12047965,Richard Hong,2024-05-02 07:13:54,0.86024,5,richardhong
1352,12168746,Chayan Roy,2024-05-31 17:14:42,0.86021,8,chayanroy3
1353,12163049,[Deleted] c0fd7e8e-8324-40bb-8104-06dfe7be4b4f,2024-05-28 13:02:39,0.86013,14,del=dad69425b046a7a3
1354,12181125,Pedro pedrito,2024-05-30 18:13:57,0.86005,4,pedropedrito
1355,12093145,Sankha Raj Mondal,2024-05-11 04:29:56,0.86005,1,sankharajmondal
1356,12128482,Anadi Kulkarni,2024-05-20 08:01:43,0.86004,1,anadikulkarni23
1357,12161702,Abhishek Maurya,2024-05-31 21:34:21,0.86003,4,abhimauryadev
1358,12096272,Max Popovych,2024-05-18 05:02:04,0.86002,1,maxpopovych
1359,12107261,Abhishek Singh,2024-05-15 16:21:59,0.86002,2,abhi7114
1360,12124408,Manish saini,2024-05-18 05:33:56,0.85998,3,lucifer729
1361,12099920,Jeren Chen,2024-05-12 21:12:26,0.85995,1,jerenchen
1362,12045540,Priyanshu shukla,2024-05-02 10:58:19,0.85993,7,priyanshu594
1363,12056597,Vassilis,2024-05-14 10:58:06,0.8599,6,vtsoumpris
1364,12141109,JieGeNB,2024-05-21 13:01:59,0.85984,4,jiegenb
1365,12044824,Thata 32,2024-05-01 09:56:05,0.85981,2,thata32
1366,12046707,Lukman Bayonle Salami,2024-05-01 18:00:07,0.85974,4,bayonlesalami
1367,12051099,Md Saidur Rahman,2024-05-02 08:58:06,0.85971,1,mdsaidurrahman
1368,12090528,Masscoders,2024-05-18 04:23:47,0.85962,17,"namankumarmuktha,varunkulkarni360"
1369,12112032,FatRicePaddy,2024-05-21 06:40:17,0.8596,4,fatricepaddy
1370,12044342,Noorul Ameen,2024-05-04 17:56:56,0.85957,5,noorulameen444
1371,12082239,[Deleted] 742f0b5e-aeb7-4670-a9bc-e15a41de5507,2024-05-11 05:00:18,0.85953,3,del=f76ba2419c8884f3
1372,12091712,Devansh Desai,2024-05-27 23:33:53,0.85947,15,devanshdesai45
1373,12120351,Sabdhayini K B,2024-05-20 13:17:31,0.85932,6,sabdhayinikb
1374,12075394,Vitchakorn,2024-05-31 09:05:54,0.85932,2,vitchakorn
1375,12072090,J Warrier,2024-05-07 18:43:15,0.85926,3,jwarrier
1376,12060316,SebastianZhu,2024-05-04 13:45:06,0.85917,2,sebastianzhu
1377,12071807,Kodwo Amissah 11,2024-05-22 22:16:42,0.85916,3,kodwoamissah11
1378,12046470,Hojin DAN,2024-05-01 21:53:19,0.85915,2,danhojin
1379,12107191,ZhijieHe2001,2024-05-15 00:57:38,0.85909,2,zhijiehe2001
1380,12174725,abraxas052519,2024-05-31 23:12:11,0.85905,12,abraxas052519
1381,12064544,shudikaggle,2024-05-05 10:12:38,0.85887,2,shudikaggle
1382,12079232,Francesc Oliveras,2024-05-15 13:07:30,0.85886,4,francescoliveras
1383,12085717,Pratik Abnave,2024-05-10 09:47:27,0.85885,1,pratikabnave
1384,12075628,S.Aoki,2024-05-14 09:56:09,0.85884,3,soyaoki
1385,12046198,Stpifen凯,2024-05-09 17:26:14,0.85883,1,stpifen
1386,12117528,Mohammed AL-Hazza,2024-05-22 10:34:17,0.85882,8,mohammedmahdialhazza
1387,12100583,songjiajun,2024-05-30 00:06:06,0.85881,3,realmadridcr7
1388,12162013,yifanfengshun628,2024-05-28 04:54:00,0.85877,2,yifanfengshun628
1389,12046080,Sergey Polivin,2024-05-19 06:18:31,0.85869,13,sergeypolivin
1390,12164211,Hongryeol Gil,2024-05-31 10:00:16,0.85863,3,ados2k
1391,12047264,Jayron Andrade,2024-05-01 19:03:02,0.85862,2,jayronandrade
1392,12154228,def0017,2024-05-24 13:46:02,0.85856,4,def0017
1393,12143091,bhaskar9221,2024-05-30 10:43:38,0.85856,1,bhaskarkumar11
1394,12178990,Huynh Nhut Huy (K18 HCM),2024-05-31 22:31:57,0.85848,1,huynhnhuthuyk18hcm
1395,12093837,Error1420,2024-05-31 14:39:02,0.85846,2,deepu768
1396,12114049,Yilei Mei,2024-05-16 06:48:55,0.85842,1,yileimei
1397,12062796,ButterChicken69,2024-05-05 12:16:33,0.85839,1,butterchicken69
1398,12070770,skjoldraudr,2024-05-06 19:55:16,0.85834,1,skjoldraudr
1399,12051148,Raydi Tran,2024-05-16 19:17:38,0.85831,5,rayditran
1400,12150791,2412윤지운,2024-05-31 10:21:38,0.85812,10,gun1941
1401,12104408,yangyu,2024-05-18 19:57:34,0.85807,8,yangyuethz
1402,12158321,herczeggyrgy,2024-05-30 01:34:43,0.85784,2,herczeggyrgy
1403,12100452,danttis,2024-05-13 00:06:24,0.85775,5,danttis
1404,12119564,sadbkx,2024-05-20 17:30:34,0.8577,7,sadbkx
1405,12158561,David Chen,2024-05-27 11:37:53,0.85764,6,davidc789
1406,12183296,Tabiano,2024-05-31 08:18:10,0.85763,5,tabiano
1407,12058563,Prakash,2024-05-25 14:49:33,0.85763,6,mlkash
1408,12108566,Elena Korol,2024-05-28 15:51:13,0.85745,6,elenakorol
1409,12151397,Nazlı nazan Avcı,2024-05-31 21:41:48,0.85741,7,nazlnazanavc
1410,12180776,400120-ณัฐวีร์,2024-05-29 19:47:20,0.85739,1,natthaweenn
1411,12161768,diyush_2003,2024-05-25 11:32:22,0.8573,3,diyush2003
1412,12066370,EI_KIM4230,2024-05-05 17:24:51,0.85722,1,eikim4230
1413,12054276,Uzair Shafique,2024-05-31 14:51:38,0.85713,14,uzairshafique
1414,12170993,Yashesh Singh,2024-05-30 17:58:55,0.85713,7,yasheshsingh
1415,12165666,Koei Obara,2024-05-30 06:09:18,0.85713,8,koeiobara
1416,12163997,NOMENJANAHARY Tsitola,2024-05-25 23:43:30,0.85705,4,nomenjanaharytsitola
1417,12045184,Aishwarya Sharma,2024-05-06 21:47:18,0.85703,1,aishwaryasharma1992
1418,12049928,SonnieCodes,2024-05-14 13:53:26,0.85701,7,margaretgathoni
1419,12048532,ValeryBonneau,2024-05-02 05:54:16,0.85699,1,valerybonneau
1420,12044778,avbdt,2024-05-01 04:59:48,0.85693,1,avbdt301873
1421,12170684,Roland Jones,2024-05-27 17:23:41,0.85687,2,rolandjones
1422,12125900,Patryk1313,2024-05-31 11:34:21,0.85683,10,patryk1313
1423,12071206,ahmadreza “A.R.A.S”,2024-05-06 16:10:35,0.85676,1,ahmadrezaaras
1424,12104975,Kaleab Asfaw Azezew,2024-05-13 23:38:16,0.85674,2,kaleab7
1425,12051442,nabin.py,2024-05-20 11:09:15,0.85668,9,nabinoli2004
1426,12169027,Dhinesh Babbu,2024-05-28 13:55:31,0.85661,3,dhineshbabbu
1427,12077186,Hieu Le,2024-05-07 18:44:56,0.85655,3,hieult1409
1428,12192425,gabiiiiiiiii,2024-05-31 23:50:02,0.8565,3,gabiiiiiiiii
1429,12170179,Kaustubh Bhiwsankar,2024-05-27 12:50:38,0.85632,1,notcostheta
1430,12044838,Bryan Michael Fores,2024-05-11 04:53:18,0.85629,2,bryanmichael
1431,12045188,Bibek Bhusal,2024-05-03 11:58:36,0.85619,3,bibekbhusal0
1432,12124437,jahidul99,2024-05-18 11:50:37,0.85599,5,jahidul99
1433,12048907,Tomáš Pražák,2024-05-05 11:20:09,0.85594,3,tomprak
1434,12090443,AndyMark,2024-05-21 07:19:16,0.85579,4,andymark
1435,12047904,Anuwaz,2024-05-05 19:41:11,0.85576,5,anuwaz
1436,12096663,Aaarti,2024-05-12 18:25:57,0.85571,2,aaarrti
1437,12049301,Nityam07,2024-05-02 00:08:34,0.85559,1,nityam07
1438,12070111,the_iturhs,2024-05-28 22:26:42,0.85487,8,theiturhs
1439,12064805,Isa Zeynalov,2024-05-18 07:47:46,0.85471,3,isazeynalov
1440,12129946,asudetanribuyurdu,2024-05-18 16:48:50,0.85471,1,asudetanribuyurdu
1441,12132523,badalovi,2024-05-26 08:07:17,0.85471,12,badalovi
1442,12171714,Benedetta Bertoli,2024-05-31 16:33:33,0.85467,5,benedettabertoli
1443,12133282,RonnyM,2024-05-19 14:32:06,0.85457,1,shiroritufoot
1444,12059700,Wes Medford,2024-05-20 04:10:13,0.8544,11,wesmedford
1445,12114143,Phong Nguyễn Tuấn,2024-05-20 04:43:34,0.85436,16,phong2004
1446,12046173,Em,2024-05-31 21:29:39,0.85431,1,infinteloop
1447,12156943,A.vatsa,2024-05-31 06:57:09,0.85421,4,"avats8484,maanvibhatnagar"
1448,12101142,AllenReder,2024-05-14 11:11:11,0.85401,3,allenreder
1449,12052948,Mahdi Faour,2024-05-03 18:51:07,0.85382,1,mahdifaour
1450,12059244,thisdontmakenosense,2024-05-04 04:58:08,0.85379,4,thisdontmakenosense
1451,12129859,Arjun1729,2024-05-19 10:56:26,0.8537,4,arjun1729
1452,12055767,Nukman Hakim,2024-05-04 06:19:28,0.85369,1,alkidiarete
1453,12166887,J.I.M. Velez,2024-05-26 20:35:20,0.85325,1,jimvelez
1454,12048288,Proddy,2024-05-01 17:39:02,0.85319,1,proddy
1455,12153771,Jonas Kraasch,2024-05-23 20:51:28,0.85315,1,jolaf112
1456,12088684,Seungmin Lee,2024-05-15 12:23:11,0.85312,15,andrewseungmin
1457,12140279,erfan ehtesham,2024-05-22 00:20:50,0.85289,6,erfanehtesham
1458,12127732,linus riedl,2024-05-18 18:18:44,0.85286,6,linusriedl
1459,12084512,Richardo Van,2024-05-12 13:21:28,0.85251,5,richardovan
1460,12048643,Mateo Contreras,2024-05-10 03:50:53,0.8525,4,mateocontreras
1461,12173003,Pavel Kravets,2024-05-31 04:25:50,0.85249,3,pmkravets
1462,12175127,Gabriel Navarro,2024-05-31 22:47:57,0.8523,5,gabrielnav
1463,12058609,Davide Martinelli,2024-05-17 18:06:38,0.85219,5,davidemartinelli710
1464,12121355,Carolina Emanuele,2024-05-19 22:12:00,0.85211,8,carolinaemanuele
1465,12064328,Disheng11 Li,2024-05-11 01:46:16,0.85204,1,disheng11li
1466,12044465,HydroCody,2024-05-25 21:52:50,0.85197,1,hydrocody
1467,12092461,Ednax,2024-05-30 00:48:40,0.85192,6,ednaxx
1468,12046062,Dmitrii Sukhinin,2024-05-01 14:13:57,0.85185,2,dmitriisukhinin
1469,12093121,David sosa olea,2024-05-19 23:03:16,0.85184,9,davidsosaolea
1470,12050235,Jiya Lamba,2024-05-18 16:44:53,0.85163,4,jiyalamba
1471,12112977,cunjie he,2024-05-15 10:18:35,0.85149,2,cunjiehe
1472,12158184,arunsagotra,2024-05-30 04:55:33,0.85141,1,"divyanshuvyas,sagarun"
1473,12060352,haseeb ahmad,2024-05-31 17:03:22,0.8514,4,hasib007
1474,12048684,Rakib Sheikh,2024-05-31 23:51:54,0.85139,3,noobzik
1475,12139885,Lucas Lazzari,2024-05-30 14:44:54,0.85116,1,lazzari
1476,12045228,ASK,2024-05-26 09:52:09,0.85115,10,sunilkumaradapa
1477,12066556,takanami,2024-05-29 14:37:05,0.85108,1,takanami
1478,12056688,gecchan,2024-05-04 11:44:16,0.851,2,gecchan
1479,12144779,Tuwaiq Team (5),2024-05-28 10:01:37,0.85092,1,rubaaaa22
1480,12045856,Milos Kotlar,2024-05-01 20:16:05,0.85092,4,kotlarmilos
1481,12178027,Sai Venkat (LatentView),2024-05-31 07:32:09,0.8508,2,saivenkatlatentview
1482,12081542,Sergio Pedemonte,2024-05-31 18:01:39,0.85071,13,sergiopedemonte
1483,12068822,Jerome Palayoor,2024-05-08 13:52:14,0.85051,6,jeromepalayoor
1484,12153895,Kirill Polityko,2024-05-27 21:41:52,0.85042,11,kirillpolityko
1485,12137163,zzzzrn,2024-05-28 12:21:42,0.85038,6,zzzzrn
1486,12145671,Nguyen Quoc Trang,2024-05-31 13:10:15,0.85029,1,nguyenquoctrang
1487,12093975,SyedWasiq,2024-05-13 07:44:00,0.85015,1,syedwasiq
1488,12051427,Mike Perotti,2024-05-28 13:26:45,0.85005,14,mikeperotti
1489,12165757,Dimitris Bouttner,2024-05-27 13:13:53,0.84983,1,dimitrisbouttner
1490,12116931,Mathbook,2024-05-18 11:17:56,0.84974,10,mathbook
1491,12044591,Shruthi Chandrababu,2024-05-29 07:12:13,0.84967,20,shruthichandrababu
1492,12119302,Mark Voskovich,2024-05-20 14:03:13,0.84934,3,markmain
1493,12061906,Wenlei Cao,2024-05-19 17:48:51,0.84932,11,wenlei1972
1494,12081235,sharchit,2024-05-08 16:38:14,0.84931,3,sharchit
1495,12052322,Clara,2024-05-02 17:15:52,0.84928,5,claraljm
1496,12114055,Troklo T,2024-05-30 16:00:32,0.84926,2,troklot
1497,12108934,Virri Pranav .,2024-05-28 14:02:54,0.84923,17,virripranav
1498,12047835,Zac Humphreys,2024-05-03 02:55:19,0.84912,4,zachumphreys
1499,12098637,Richard Hong #2,2024-05-21 15:17:01,0.84909,3,richardhhong
1500,12057127,Conor War,2024-05-03 18:11:28,0.84905,4,conorwar
1501,12057597,Joseph Muddle,2024-05-09 19:20:19,0.84902,12,josephmuddle
1502,12095114,Saurav Bisht,2024-05-11 14:25:59,0.849,1,sauravbisht0129
1503,12113418,Thomas Voss,2024-05-23 12:46:58,0.84886,1,tomvoss
1504,12188755,Pretzels_KK,2024-05-31 14:43:35,0.84886,5,pretzelskk
1505,12053194,Nazim Cherpanov,2024-05-18 17:19:46,0.84882,12,nazimcherpanov
1506,12181954,[Deleted] a0220f4c-94ce-4607-954d-35cef30087cf,2024-05-30 22:54:59,0.84877,2,del=63dbc0612d5a395d
1507,12131421,Kenias Nyandoro,2024-05-31 19:51:58,0.84874,19,keniasnyandoro
1508,12064132,Shivam Singh,2024-05-09 07:44:34,0.84872,5,shivam2111
1509,12056013,Dhruvkumar Patel,2024-05-07 12:56:21,0.84872,1,dhruvconnects
1510,12093065,misterR0b0t,2024-05-11 12:46:48,0.84871,4,misterr0b0t
1511,12085363,Sven Kaehler,2024-05-31 18:07:08,0.84869,4,svenkaehler
1512,12129548,Rashid Siddiqui2004,2024-05-19 07:31:22,0.84869,3,rashidsiddiqui2004
1513,12144758,Mathias Rasmussen,2024-05-24 14:03:08,0.84865,8,mathiasrasmussen
1514,12045096,Michael Matteo,2024-05-04 02:54:11,0.84859,1,michaelmatteo
1515,12181883,datawrongler,2024-05-31 19:44:23,0.84858,1,datawrongler
1516,12045332,Sohaib Moradi,2024-05-12 07:08:04,0.84849,20,sohaibmoradi
1517,12108689,Calvin Valencia,2024-05-14 14:42:06,0.84845,5,cmvalencia
1518,12048552,Rohit Choudhary,2024-05-05 18:57:09,0.84844,1,rohit1331
1519,12048360,Iqman Singh Bhatia,2024-05-05 18:16:21,0.84844,3,iqmansingh
1520,12045661,kabenur,2024-05-03 06:01:42,0.84841,6,"berkaysekeroglu,erkinzgr,pelinkncr"
1521,12130864,MakarovOleg,2024-05-18 20:09:56,0.84839,1,makarovoleg
1522,12048257,Jay Sabnis,2024-05-02 12:59:16,0.84826,4,jaysabnis
1523,12081199,The Greek god in charge of machine learning,2024-05-16 03:04:36,0.84817,7,waltersmith051
1524,12059895,vaibhav arora,2024-05-04 07:03:53,0.8481,1,vaibhavarora102
1525,12047123,PeterGrundell,2024-05-01 20:26:24,0.84809,3,petea2z
1526,12047238,Jay Jiao,2024-05-13 09:09:48,0.84803,2,jiaojay28
1527,12074927,Lin Jianhang,2024-05-24 01:57:31,0.84796,22,linjianhang
1528,12086855,yusiokag,2024-05-09 20:26:18,0.84788,1,yusiokag
1529,12044488,bipsec22,2024-05-13 00:57:03,0.84785,5,biplabkumarsarkar
1530,12062120,[Deleted] 06ef9753-4b22-402f-a9a6-fda04cd298e2,2024-05-07 16:57:36,0.84778,4,del=ef5995a95d2997ec
1531,12045239,lixfz,2024-05-01 12:07:45,0.84776,1,lixfzz
1532,12127648,Dead4an,2024-05-18 16:07:49,0.84774,2,dead4an
1533,12127539,Anastasia Volk,2024-05-26 13:59:33,0.84771,2,volkanastasia
1534,12085852,Mingye Liu,2024-05-12 06:47:09,0.84768,6,mingyeliu
1535,12044551,[Deleted] 5ed9b4c4-4ef7-4e69-8c75-46f8b6316cfe,2024-05-25 07:47:56,0.84764,6,del=04eb6534763cb9d1
1536,12096494,NARNE DHEERAJ BALARAM,2024-05-13 18:02:47,0.84761,3,narnedheeraj
1537,12105783,kswallow,2024-05-19 14:12:45,0.84761,3,kswallow
1538,12045193,Nikhil Tyagi,2024-05-01 22:40:49,0.8476,2,headon
1539,12104305,wnsmiling,2024-05-14 15:30:50,0.8476,2,wnsmiling
1540,12086476,Master Capybara,2024-05-09 16:21:58,0.84756,3,mastercapybara
1541,12131943,Yichuan Huang,2024-05-20 05:01:45,0.84754,9,yichuanhuang
1542,12117906,NAmSEN,2024-05-31 15:42:34,0.84749,7,namsen
1543,12097508,Umar Zafar,2024-05-14 07:25:33,0.84747,5,umarzafar
1544,12103152,Lecheng Yan,2024-05-18 03:19:41,0.84747,19,lechengyan
1545,12175921,jackson nunes,2024-05-31 22:35:48,0.84745,8,jacksonns
1546,12092719,Ero Osahon,2024-05-31 18:13:02,0.84745,1,eroosahon
1547,12055923,NikitaUsoltsev,2024-05-31 19:52:34,0.84731,1,nikitausoltsev
1548,12169713,kaili,2024-05-30 18:57:10,0.84729,1,kailic
1549,12066823,Gulnihall,2024-05-23 18:47:24,0.84729,4,gulnihall
1550,12152585,arungoyal,2024-05-28 17:00:05,0.84724,10,indiamitured
1551,12046320,[Deleted] a77d83b4-9a0f-4220-964e-6c391ea7f3a6,2024-05-26 14:50:00,0.84722,9,del=86eeed8ce91bc965
1552,12068642,David Keon,2024-05-10 02:53:19,0.84721,6,davidkeon
1553,12151592,Shahjahan Mirza,2024-05-25 18:55:43,0.84721,3,shahjahanmirza
1554,12172478,Prosotas dubiosa,2024-05-31 01:12:41,0.8472,8,prosotasdubiosa
1555,12079316,redapples_02,2024-05-11 14:38:02,0.84719,5,redapples02
1556,12053711,Aleksey Pihuleuski,2024-05-04 09:52:01,0.84715,2,alekseypihuleuski
1557,12059985,Narigasawa Shu,2024-05-15 13:34:49,0.84714,2,shu1007
1558,12081215,Emre Yıldızoğlu,2024-05-10 13:04:46,0.84712,6,emreyldzolu
1559,12096468,Ro Mat,2024-05-13 20:11:24,0.84711,7,rodoescode
1560,12048496,Vladimir Kuchin 634,2024-05-29 20:45:29,0.84711,4,vladimirkuchin634
1561,12058171,[MFTI] Ivan Dziadyk,2024-05-08 15:41:12,0.84707,3,ivandziadyk
1562,12055883,Sabyasachi Bhattacharya,2024-05-16 04:41:52,0.84706,2,sabz2301
1563,12046738,pidaparti sitapati,2024-05-16 06:39:52,0.84704,4,pidapartisitapati
1564,12142366,julien griffon,2024-05-21 13:32:34,0.84703,2,juliengriffon
1565,12101097,Jackie96,2024-05-31 08:38:31,0.84701,10,jackie96
1566,12098858,Abhinav_Mishra2002,2024-05-17 14:09:44,0.84699,11,abhinavmishra2002
1567,12053522,Alvaro Clemente,2024-05-11 16:30:59,0.84695,3,alvaroclemente
1568,12087799,YILMAZ AKGUL,2024-05-26 20:27:47,0.84693,1,alhsan
1569,12137821,Andrimner,2024-05-28 13:05:58,0.84688,1,lindstrooom
1570,12142953,Raghad02,2024-05-26 08:05:08,0.84684,1,raghad02
1571,12145504,Vinny Ngo,2024-05-23 03:50:09,0.84682,5,vinnyngo
1572,12095239,TechRSC,2024-05-11 18:33:57,0.84679,1,techrsc
1573,12045280,ClosedHomeDestruction,2024-05-08 15:32:10,0.84679,7,naoyaito
1574,12052063,tanjiro27,2024-05-22 19:26:10,0.84676,5,tanjiro27
1575,12053377,Ajay Badrinath,2024-05-04 06:37:33,0.84674,9,ajaybadrinath
1576,12049590,yasuyuki kimura,2024-05-14 10:17:58,0.84674,1,yasuyukikimuraq
1577,12047108,Ishi123,2024-05-13 18:02:36,0.84664,2,shreyathaplyal
1578,12047985,Abraham Ajibade,2024-05-28 19:58:39,0.84662,10,abrahamajibade
1579,12047778,Alyfrea,2024-05-02 13:29:58,0.84662,1,alyfrea
1580,12171145,r.AI.ders,2024-05-27 20:00:56,0.84658,1,gokulchebiyam
1581,12114938,Abhinav Mishra ,2024-05-15 19:21:04,0.84657,5,abhinavmishra30
1582,12123570,Golla Sowmya,2024-05-27 09:57:11,0.84655,2,gollasowmya
1583,12047696,L Sai Ruthwik Vallabhapurapu,2024-05-23 03:13:43,0.84652,5,vlsruthwik
1584,12098747,mahdiRostami,2024-05-15 09:27:43,0.8465,2,mahdirostami
1585,12119048,Hammad Zaki,2024-05-17 12:37:28,0.84648,2,hammadzaki
1586,12102760,Saketh Bharadwaj,2024-05-14 06:28:16,0.84648,4,sakethbharadwaj
1587,12048773,Ogwal Odyek,2024-05-01 20:37:08,0.84646,1,ogwalakello
1588,12061942,Yu Sian,2024-05-31 18:02:50,0.84646,4,yusian112
1589,12045781,Oran11,2024-05-23 15:03:21,0.84643,6,oran11
1590,12044387,kebishpius1,2024-05-04 03:23:33,0.84641,4,kebishpius1
1591,12051765,Martin Koome,2024-05-04 15:10:28,0.84639,6,martinkoome
1592,12092442,AYAHM BARISH,2024-05-24 08:27:19,0.84638,4,ayhampar
1593,12104573,Alessandro Cavalieri,2024-05-13 18:22:04,0.84634,5,alecava01
1594,12178867,Yago Lizarribar,2024-05-31 11:19:01,0.84632,5,yackliz
1595,12150061,Wonhyung Kwak,2024-05-31 08:23:08,0.8463,10,wonhyungkwak
1596,12073216,Nobutoshi Shimizu,2024-05-27 00:22:25,0.84629,1,nobush
1597,12113665,630510660,2024-05-16 07:46:51,0.84629,1,pongsakornds
1598,12068953,masanori555,2024-05-06 08:06:42,0.84624,1,masanori555
1599,12161366,Vaibhav Chavhan,2024-05-31 06:46:36,0.84624,5,vc9408
1600,12044653,Akahachi,2024-05-01 17:31:11,0.84622,2,wordcards
1601,12045686,hibana2077,2024-05-02 12:34:24,0.84621,5,hibana2077
1602,12060501,Chopper53,2024-05-05 09:27:09,0.8462,5,chopper53
1603,12080866,Andrei Lazanu,2024-05-08 13:43:30,0.84619,2,andreilazanu
1604,12047292,Denis,2024-05-01 21:58:34,0.84619,5,denis861
1605,12116171,Saranya Pal,2024-05-24 20:39:00,0.84618,9,saranyapal
1606,12188450,Nguyen Thanh Hai (K18 HCM),2024-05-31 10:14:09,0.84615,3,nguyenthanhhaik18hcm
1607,12061359,Hee Seong Yang,2024-05-13 11:52:28,0.84614,34,heeseongyang
1608,12050125,Ashish kulkarni,2024-05-09 09:22:06,0.84613,7,ashishk13
1609,12121993,Ben Bernard,2024-05-17 05:46:22,0.8461,1,benyahu
1610,12052579,leo.vcm,2024-05-13 22:53:08,0.84609,1,leovcm
1611,12130329,PO-CHUN CHI,2024-05-28 06:17:44,0.84608,8,pochunchi
1612,12123777,Gordy,2024-05-17 22:06:05,0.84608,2,gordyii
1613,12058798,301691-สุรยุทธ,2024-05-03 19:42:19,0.84606,2,surayuthpintawong
1614,12049261,Jeremy Ma,2024-05-02 04:32:33,0.84606,5,junweima
1615,12046430,taku5488,2024-05-29 10:15:58,0.84606,1,taku5488
1616,12049273,Pranjal Pandey,2024-05-08 22:53:35,0.84606,1,pranjalpandey0205
1617,12045879,Abeshith,2024-05-28 13:45:52,0.84606,20,abeshith
1618,12057050,Henry서현경,2024-05-07 12:27:17,0.84605,1,hkyungseo
1619,12051846,Sanjay Sane,2024-05-06 11:19:05,0.84604,9,sanjaysane
1620,12051860,Gaurav KUMAR SINGH,2024-05-06 10:09:46,0.84604,10,gauravkumarsingh824
1621,12044566,Matt Cliff,2024-05-01 03:06:31,0.84604,1,mcliff
1622,12046632,RuiFSPinto,2024-05-03 09:00:57,0.84604,2,ruifspinto
1623,12049179,xelf26,2024-05-05 01:01:47,0.84604,1,xelf26
1624,12054146,Romulo Ferreira,2024-05-05 20:54:49,0.84604,2,romulol
1625,12070506,Underdog,2024-05-08 12:16:17,0.84604,2,"dinhpa11,vitanhon"
1626,12073428,Naimish Bhuva,2024-05-11 03:17:32,0.84604,1,naimish07
1627,12094094,Shibata,2024-05-11 08:53:52,0.84604,1,rabishibata
1628,12102257,WangYiWei123,2024-05-14 07:03:56,0.84604,1,wangyiwei123
1629,12106894,Le Binh Thanh,2024-05-15 06:57:44,0.84604,1,lebinhthanh
1630,12086084,Aaradhya Kulkarni,2024-05-15 07:35:47,0.84604,4,aaradhyakulkarni
1631,12044274,Maciej Mitraszewski,2024-05-17 10:40:29,0.84604,1,maciejmitraszewski
1632,12101773,hbaycan37,2024-05-23 14:56:10,0.84604,3,hbaycan37
1633,12144016,Abhishek Mohanty,2024-05-27 11:19:20,0.84604,1,tinysuitstarfish
1634,12145473,Brian Aura,2024-05-28 02:47:32,0.84604,1,brianaura
1635,12094710,Ankur Gupta,2024-05-29 04:58:03,0.84604,2,ankurg222
1636,12174938,gelos_xoxo,2024-05-30 15:01:14,0.84604,4,sohamndeshmukh
1637,12182539,Nihar Patel,2024-05-30 23:19:21,0.84604,1,niharpatel03
1638,12167345,Thermostatic,2024-05-27 05:07:30,0.84603,3,thermostatic
1639,12048671,Bahaeddine Lemtai,2024-05-05 00:22:05,0.84603,7,bahaeddinelemtai
1640,12051885,pg dai,2024-05-06 10:47:48,0.84603,3,pgdai2005
1641,12047093,Debasmita Dash,2024-05-30 01:12:25,0.84603,5,debasmitadash
1642,12051914,Steven Bautista,2024-05-16 03:06:54,0.84603,2,"alonzosanchez,steven105"
1643,12120401,aviv rubinstein,2024-05-16 16:41:05,0.84603,2,avivrubinstein
1644,12062197,Danil_Kapsov,2024-05-05 21:08:12,0.84602,7,danilkapsov
1645,12045268,Simone Zappatini,2024-05-01 21:01:43,0.84602,2,simonezappatini
1646,12050875,KDaehwan,2024-05-09 05:20:58,0.84601,5,kdaehwan
1647,12153226,chihanmu,2024-05-30 16:19:02,0.84601,1,chihanmu
1648,12065253,HadiFarahani,2024-05-16 20:44:42,0.84601,2,hadifarahani
1649,12076104,Jhonnatan Torres,2024-05-09 16:54:27,0.84601,3,jhotor
1650,12135078,Tanishq Selot,2024-05-26 20:38:41,0.84601,4,tanishqselot
1651,12076373,xxdxlxxr,2024-05-31 17:52:43,0.84601,5,"adasds23,jeong9905,xxdxlxxr"
1652,12081318,Mihir Shah,2024-05-11 15:43:13,0.84599,6,mihirshah930
1653,12056300,Codelyoko,2024-05-19 20:54:30,0.84599,6,codelyoko
1654,12075416,Marie Victoire IPOUK,2024-05-22 23:45:48,0.84598,9,marydata
1655,12044793,Rohan Sardar,2024-05-15 15:23:40,0.84597,10,rohansardar
1656,12057618,Kesav sivakumar,2024-05-19 20:33:39,0.84596,8,kesavsivakumar
1657,12076006,Sarath Babu,2024-05-31 12:57:11,0.84596,1,babusarath05
1658,12072131,Tadashi Hamada,2024-05-07 21:00:56,0.84596,1,alimsd77
1659,12045029,Figo,2024-05-01 05:48:34,0.84595,2,figolm10
1660,12044723,NATCHA PHONKAMHAENG,2024-05-11 08:37:57,0.84594,7,natchaphonkamhaeng
1661,12055369,VaradKelkar02,2024-05-04 03:46:45,0.84594,1,varadkelkar02
1662,12046810,AndNov,2024-05-30 23:24:06,0.84594,9,andnov
1663,12173939,mehdi chaibat,2024-05-31 13:31:49,0.84594,3,mehdichaibat
1664,12072791,Maki,2024-05-09 11:13:02,0.84593,1,mcmaki
1665,12118397,Pratham2410,2024-05-19 10:48:44,0.84592,7,pratham24101511
1666,12044302,Koji Nakakuki,2024-05-01 22:14:39,0.84592,5,kojinakakuki
1667,12150111,3115이상준,2024-05-31 16:58:47,0.84592,13,threeoneonefive
1668,12097893,Chee Wei Soh,2024-05-12 10:01:09,0.84592,2,cheeweisoh
1669,12097714,Data.DocX,2024-05-12 13:20:07,0.84591,5,siridheeraj
1670,12044497,kimich,2024-05-22 11:11:29,0.84591,1,odunolaakimu
1671,12152754,opencluster,2024-05-27 06:46:01,0.84591,8,opencluster
1672,12052649,Neenu ES,2024-05-19 19:32:09,0.8459,3,neenues
1673,12089798,Rdsawant,2024-05-29 12:13:09,0.8459,3,rdsawant
1674,12131938,aarushiksk,2024-05-29 06:17:47,0.8459,4,aarushiksk
1675,12129145,Kerem Safa Demir,2024-05-29 18:07:37,0.8459,1,keremsafademir
1676,12101800,irem kalay,2024-05-29 12:53:52,0.8459,1,iremkalay
1677,12077714,Al Fath Terry,2024-05-07 20:35:57,0.84588,3,alfathterry
1678,12060231,Sanskar Cdac,2024-05-06 11:22:06,0.84587,4,sanskarcdac
1679,12075934,Maral Chahverdian,2024-05-29 05:37:55,0.84586,6,maralchahverdian
1680,12051509,NNUO29,2024-05-13 09:53:21,0.84585,7,nikhil029
1681,12141498,Anton Muradov,2024-05-21 08:12:43,0.84585,1,antonmuradov
1682,12082080,Cameron Brody,2024-05-23 16:30:15,0.84585,15,cameronbrody
1683,12181445,Selim CK,2024-05-30 18:13:51,0.84585,4,selimck
1684,12044265,Matey Nedyalkov,2024-05-08 17:09:05,0.84585,2,mateynedyalkov
1685,12165336,Jakub Przywoski,2024-05-27 10:22:31,0.84584,7,jakubprzywoski
1686,12101567,Gaurav Kumar #2,2024-05-22 07:52:34,0.84583,1,gsinha2002
1687,12069390,TImofey Dudko,2024-05-06 09:26:13,0.84583,1,timofeydudko
1688,12089753,Anissa Prameswari,2024-05-16 09:59:35,0.84579,3,anissaprameswari
1689,12100918,Elsie Anthonio,2024-05-14 08:09:44,0.84579,4,elsieanthonio
1690,12175016,Timur Kebekov,2024-05-28 13:35:58,0.84574,1,timllll
1691,12094399,Mapo,2024-05-30 10:01:57,0.84573,1,"neoaurellano,shivamatthewcruz"
1692,12050231,lko9911,2024-05-05 08:01:17,0.84572,3,lko9911
1693,12090445,Nicolas TRIMARDEAU,2024-05-17 14:38:36,0.84568,2,nicolastrimardeau
1694,12100763,David Russell,2024-05-29 22:58:30,0.84568,2,davidrussell04
1695,12108627,ArturG,2024-05-20 10:04:54,0.84567,13,arturgrygorian
1696,12047805,sherry,2024-05-01 14:50:00,0.84566,1,sheerryy
1697,12045380,Umair Abbasi,2024-05-08 03:10:43,0.84566,4,umairabbasi6
1698,12120649,Fabian Bong,2024-05-16 23:20:32,0.84566,2,fabianbong
1699,12141648,maria nadeem,2024-05-21 17:55:26,0.84566,1,marianadeem755
1700,12150047,SeWoong,2024-05-23 07:31:47,0.84566,1,gochin0824
1701,12130120,Avicenne,2024-05-21 12:18:10,0.84565,3,avicenne
1702,12045329,Jankuper192,2024-05-02 18:19:11,0.8456,4,jankuper192
1703,12076788,Unemployed Guys x3,2024-05-29 19:20:35,0.84559,2,"sundonglongzhang,vincentlii1"
1704,12177263,Vansh Saboo,2024-05-30 00:42:20,0.84559,1,vanshsaboo
1705,12134681,Guy Ahonakpon GBAGUIDI,2024-05-30 08:20:20,0.84559,5,guyahonakpongbaguidi
1706,12165488,Data Explorer,2024-05-27 15:56:21,0.84559,1,daytatech
1707,12137146,Andrea Carpignani,2024-05-26 09:17:08,0.84559,2,andreacarpignani
1708,12164180,Matthew Schrank,2024-05-26 01:23:12,0.84559,1,matthewschrank
1709,12075252,tanluuuuuuu,2024-05-09 07:01:17,0.84559,6,tanluuuuuuu
1710,12092353,Pedro Aurélio ,2024-05-10 20:18:35,0.84559,1,pedroaurelio
1711,12106174,WyattClegg,2024-05-14 04:32:48,0.84559,1,wclegg1
1712,12057276,[Deleted] 92112dc3-a7cf-40d5-be2f-e69cdb51ed32,2024-05-26 19:13:36,0.84559,2,del=b009d7fb7713c151
1713,12166581,HH,2024-05-26 20:49:27,0.84559,5,huiminkaggle
1714,12085802,shivam,2024-05-26 03:07:56,0.84559,3,eshivam
1715,12116278,Sardar Abdul Moiz Khan,2024-05-30 19:31:26,0.84556,1,sardarabdulmoizkhan
1716,12173145,chaudhary zaryab,2024-05-29 13:21:42,0.84549,1,chaudharyzaryab
1717,12150488,chrisseo08,2024-05-23 06:25:56,0.84547,5,chrisseo08
1718,12189865,Oskar Walawender,2024-05-31 15:57:08,0.84545,1,oskarwalawender
1719,12113302,Hayashi Masahiro,2024-05-31 21:27:54,0.84544,6,hayashibob
1720,12082754,markjandrews,2024-05-14 09:55:04,0.84543,9,markjandrews
1721,12145499,littlejujube,2024-05-22 07:04:11,0.84543,2,littlejujube
1722,12089686,Bella Guan,2024-05-22 06:53:20,0.84542,2,bellaguan
1723,12175126,Tijani A. Babatunde,2024-05-29 23:45:32,0.84538,8,tijaniababatunde
1724,12167354,Sachin Sachdeva,2024-05-29 20:34:19,0.84537,6,sachinsachdeva
1725,12187008,Yazeed Alsahouri,2024-05-31 01:28:48,0.84536,4,yazeedalsahouri03
1726,12099764,fuukanoo,2024-05-13 18:02:35,0.84535,2,fuukanoo
1727,12048621,Wissam,2024-05-04 03:47:36,0.84534,3,wissams
1728,12175235,Ken Wilbur,2024-05-31 23:49:47,0.84532,3,kenwilbur
1729,12136814,alexyzwang,2024-05-20 14:27:54,0.84532,5,alexyzwang
1730,12103134,VINOD KUMAR GURJAR,2024-05-15 10:21:16,0.84526,2,vinodkumargurjar
1731,12176375,Winston Gao,2024-05-30 23:29:04,0.84526,4,mememme
1732,12058923,Adam Thomas,2024-05-06 08:52:43,0.84526,5,adamthomas11
1733,12106310,furukawas,2024-05-14 03:20:01,0.84525,1,furukawas
1734,12148167,Ninovh,2024-05-23 09:35:05,0.84525,4,ninovh
1735,12141265,Philip Ross,2024-05-28 02:15:03,0.84525,3,cooliocool11
1736,12061885,IRIS RAN,2024-05-10 16:04:32,0.84524,5,"arknsa,nafisahikaputriherra,riskalathifahhh"
1737,12156281,tartali,2024-05-29 04:24:13,0.84524,1,tartali
1738,12069348,Parsa Askari,2024-05-06 18:50:05,0.84523,2,parsaaskari
1739,12045685,SriDharmik,2024-05-01 11:55:52,0.84522,2,sathyad4ugcdai
1740,12130328,b0880014,2024-05-28 03:51:25,0.84521,9,b0880014
1741,12047050,Saman Fatima,2024-05-18 16:35:26,0.8452,4,samanfatima7
1742,12167410,Behzad Hosseinzade,2024-05-29 17:55:54,0.8452,2,behzadhosseinzade
1743,12074272,Himanshu,2024-05-11 08:48:08,0.84518,4,himanshuydv11
1744,12045399,Sandeep Sharma,2024-05-27 11:07:58,0.84518,4,sandeepsharma94169
1745,12049111,[Deleted] 21cf4b40-b811-4245-9aab-df31b0da7f58,2024-05-09 16:14:18,0.84517,2,del=9e5da19403dbf151
1746,12077486,K Vladimir,2024-05-07 18:53:26,0.84517,1,klimovvladimir7
1747,12069284,Mine,2024-05-18 18:03:31,0.84517,6,jkarthikn
1748,12132371,shingaki0926,2024-05-19 09:23:00,0.84516,3,shingaki0926
1749,12131378,mohammad ammar,2024-05-22 21:43:39,0.84515,5,mhdsaid
1750,12069638,marquesrodrigues,2024-05-07 16:46:00,0.84514,7,marquesrodrigues
1751,12048036,AamirP9,2024-05-30 12:54:42,0.84514,1,aamirp9
1752,12046094,fuppymode,2024-05-06 15:14:35,0.84513,9,fuppymode
1753,12053685,AYUSH KHAIRE,2024-05-22 10:00:18,0.84513,1,ayushkhaire
1754,12100970,Helium1179,2024-05-19 19:35:07,0.84513,3,helium1179
1755,12153657,Vivek4369,2024-05-27 17:34:56,0.84513,9,vivek4369
1756,12163380,mjd_ism,2024-05-31 22:10:05,0.84513,9,mjdism
1757,12101087,StellarShadow,2024-05-14 18:52:01,0.84513,1,stellarshadow
1758,12122933,Sarang Bhatnagar,2024-05-19 14:43:49,0.84513,9,sarangbhatnagar
1759,12092575,fizza batool9,2024-05-27 06:43:36,0.84513,2,fizzabatool9
1760,12121642,Samuel Cheng,2024-05-19 09:17:35,0.84513,5,vegableburger
1761,12172039,user_347,2024-05-28 10:40:19,0.84513,4,user347
1762,12113001,Abhyudai Tiwari,2024-05-28 11:26:43,0.84513,16,abhyudaitiwari
1763,12160593,Kaushik Rajan,2024-05-25 20:54:08,0.84513,2,kaushikr6
1764,12092043,rishabh johri,2024-05-10 19:11:10,0.84513,2,rishabhjohri
1765,12089378,Simge Şimşek,2024-05-22 15:52:53,0.84513,12,simgesimsek
1766,12095038,Fabrício Vaz,2024-05-24 23:22:23,0.84513,1,fabrciovaz
1767,12044535,Shankar R,2024-05-30 06:06:51,0.84513,4,shankarrajappa
1768,12047937,First Timers,2024-05-21 13:25:17,0.84513,6,"narsinghram,pruthaka"
1769,12130637,Mani Chandana Bolleddu,2024-05-28 11:27:33,0.84513,10,manichandanabolleddu
1770,12178000,A59 YUVASREE,2024-05-29 10:42:58,0.84513,1,a59yuvasree
1771,12075856,Shayan Bhattacharjee,2024-05-21 12:00:26,0.84513,9,shayanbhattacharjee
1772,12162975,Alexander Hu,2024-05-29 23:28:13,0.84513,2,twobraincellz
1773,12187018,[Deleted] 68621436-cac8-40a0-b149-d1f6004c620a,2024-05-31 00:29:41,0.84513,6,del=f9f81174c22b5b40
1774,12111748,andi djunaidi,2024-05-15 01:56:48,0.84513,1,andidjunaidi
1775,12110228,Sudath Tennakoon,2024-05-14 21:25:30,0.84513,3,sudathtennakoon
1776,12111038,Paulo Correia,2024-05-21 16:40:23,0.84513,13,paulocdsn
1777,12127287,[Deleted] 68818f9c-fd94-4540-a8c6-1ab65ade4370,2024-05-31 19:27:17,0.84512,11,del=ab200e5392c8c552
1778,12177629,Avid,2024-05-29 18:16:42,0.84512,2,vipulesh
1779,12087452,Meagan Burkhart,2024-05-10 14:01:19,0.84512,1,mvoulo
1780,12082519,Ryan Newman,2024-05-09 23:12:21,0.84512,3,ryannewman
1781,12049658,Orion Bowers,2024-05-15 17:41:10,0.84512,6,orionbowers
1782,12167824,Jennifer Ripplinger,2024-05-27 03:47:12,0.84512,1,jenniferripplinger
1783,12159793,Shivam Jaiswal,2024-05-31 13:41:53,0.84511,2,shivamjai
1784,12165327,georgeinparis,2024-05-26 14:01:05,0.84511,3,georgeinparis
1785,12045159,Naveen,2024-05-18 13:07:38,0.8451,5,naveen1729
1786,12135652,NanouNorth,2024-05-21 14:13:12,0.8451,1,nanounorth
1787,12065577,sanjawr,2024-05-25 06:33:48,0.8451,2,sanjawrangr
1788,12141456,Avinash Changrani,2024-05-25 05:48:40,0.8451,10,nabobery
1789,12052061,Eldar Sarajlic,2024-05-05 11:36:05,0.84509,2,eldarsarajlic
1790,12046898,Ogunkoya Emmanuel,2024-05-01 22:54:27,0.84509,5,ogunkoya
1791,12156055,Santiago Reyes Chávez,2024-05-28 04:04:59,0.84509,5,santiagoreyeschvez
1792,12086712,Antoine Maurette,2024-05-10 09:40:25,0.84509,4,antoinemaurette
1793,12092906,Matt S.,2024-05-11 20:30:34,0.84508,3,msthil
1794,12151923,yongwookd,2024-05-25 08:27:04,0.84499,1,yongwookd
1795,12044649,ClapClapClap,2024-05-02 00:18:09,0.84495,1,aldggr
1796,12131544,Savvas Eftychis,2024-05-31 12:19:43,0.84493,8,savvasef
1797,12131818,Kunal.S.Kasodekar,2024-05-22 22:56:34,0.84491,6,gremlin97
1798,12120232,Vladyslav Pliushchov,2024-05-18 10:09:57,0.84491,1,vladyslavpliushchov
1799,12051350,JHANVII RAWAT,2024-05-10 09:21:34,0.84482,1,jhanviirawat
1800,12062905,Bilal Chafi,2024-05-28 00:02:16,0.8448,1,bilalchafi
1801,12048864,Mehak Iftikhar,2024-05-02 16:57:25,0.84477,5,mehakiftikhar
1802,12053011,นัทธพงศ์ ศรีทอง,2024-05-02 16:22:51,0.84476,2,gibberishz3003
1803,12127515,Brian Nieto,2024-05-30 22:04:46,0.84475,10,briannieto
1804,12097014,rvk13901,2024-05-27 02:20:59,0.84474,2,raghavkhatoria
1805,12073018,Sebastián Azamar Avilés,2024-05-29 01:45:46,0.84473,8,sebastinazamaravils
1806,12052634,Tracy Porter,2024-05-04 10:02:36,0.84472,4,tracyporter
1807,12096968,ERICDALLEN,2024-05-23 15:56:33,0.84469,9,ericdallen
1808,12046049,RLakshminarayanan,2024-05-05 16:07:38,0.84469,6,rlakshminarayanan
1809,12149223,Victor Wang,2024-05-23 01:02:58,0.84468,6,victoongo
1810,12055073,Anvai Shrivastava,2024-05-06 05:18:10,0.84467,6,anvaishrivastava
1811,12062600,maskinih,2024-05-06 19:33:11,0.84466,6,maskinih
1812,12183252,Goya Shuto,2024-05-30 09:51:41,0.84465,1,goyashuto
1813,12093995,AndreaL3.14159,2024-05-12 14:18:10,0.84464,5,andreal314159
1814,12048812,brianlh9,2024-05-02 20:21:21,0.84464,2,brianlh9
1815,12120288,[Deleted] 31395623-f4d3-4d6e-bfef-c8635460f180,2024-05-16 15:58:41,0.84464,2,giorgiodicostanzo97
1816,12052000,Ofek Tapuchi,2024-05-16 18:04:06,0.84464,4,ofektap
1817,12164589,Utkarsh Singh,2024-05-26 10:26:07,0.84463,4,utkarshx27
1818,12053480,purplysapphire,2024-05-03 06:00:54,0.84463,1,pusapphire
1819,12044322,Stitch,2024-05-01 13:06:23,0.84463,2,mitsuaccessjam
1820,12052021,He_He_Boy,2024-05-02 21:46:57,0.84462,3,and224
1821,12114866,BigByteBear,2024-05-30 14:40:39,0.8446,2,bigbytebear
1822,12092452,Uwe Gradwohl,2024-05-31 20:59:48,0.8446,8,uwegradwohl
1823,12167045,amelioriate,2024-05-31 01:23:37,0.84459,3,amelioriate
1824,12049595,Caden Elrod,2024-05-02 17:47:13,0.84459,3,cadenelrod
1825,12048627,Marcio Constancio Junior,2024-05-31 21:34:50,0.84459,4,mconstanciojr
1826,12191405,Marius Heuser,2024-05-31 19:35:33,0.84459,4,mariusheuser
1827,12052372,Sanskar Ranjan,2024-05-02 13:05:16,0.84459,1,sanskarranjan
1828,12089771,Defika Alviani,2024-05-16 09:56:39,0.84459,1,defikaalviani
1829,12044802,shubhajoy das,2024-05-01 14:46:46,0.84459,3,jimmycool
1830,12050812,Amisha Kirti,2024-05-13 21:47:52,0.84459,1,"amishakirti,bhosaleshivampravin"
1831,12140228,barkbilbo,2024-05-21 04:25:29,0.84459,3,barkbilbo
1832,12055065,Andrew Dong,2024-05-03 03:29:57,0.84459,1,andycipation
1833,12104873,HellEyeman,2024-05-23 17:12:46,0.84459,1,helleyeman
1834,12078696,DeepeshIITdh,2024-05-21 12:46:30,0.84459,10,deepeshiitdh
1835,12127582,AKSHARA RAGHAV,2024-05-18 17:56:22,0.84459,1,akshararaghav
1836,12138473,Chandana123,2024-05-20 19:15:52,0.84459,5,dataanalysis542
1837,12049963,burblingbrooks,2024-05-26 01:33:32,0.84459,14,burblingbrooks
1838,12061712,Sujay Mann,2024-05-30 15:24:06,0.84459,3,sujaymann
1839,12149676,Ryan Finer,2024-05-29 22:14:56,0.84459,5,ryanfiner
1840,12162178,Adil nawaz ashrafi,2024-05-26 11:29:51,0.84459,2,adilashrafi
1841,12045112,Aldrin,2024-05-02 15:53:43,0.84459,1,aldrinlambon
1842,12110105,Akash Chandel,2024-05-28 10:06:23,0.84459,1,ashkraze
1843,12189899,Anshi Gupta,2024-05-31 17:29:44,0.84459,1,anshigupta12
1844,12187744,PRADEEP_DUBEY,2024-05-31 18:05:38,0.84459,1,pradeepdubey314
1845,12160380,Marius Ciobanu,2024-05-27 22:25:23,0.84458,10,marius2303
1846,12087323,Exson Joseph,2024-05-17 16:57:14,0.84458,4,xnjoseph
1847,12159098,Mark,2024-05-31 08:16:58,0.84458,4,osheam4
1848,12104085,smukherjee1,2024-05-28 23:33:13,0.84458,5,smukherjee1
1849,12085040,Askold221,2024-05-09 14:33:34,0.84458,3,askold221
1850,12131167,Gabriel Mazzotta,2024-05-21 18:59:05,0.84458,2,gabrielmazzotta
1851,12054489,aliiiiiiiiiiiii,2024-05-02 22:54:33,0.84458,1,aliiiiiiiiiiiii
1852,12180909,webjdi,2024-05-31 09:17:07,0.84458,6,webjdi
1853,12184908,gokul krish2325,2024-05-30 13:56:02,0.84458,1,gokulkrish2325
1854,12176483,Lucas Tucker,2024-05-29 01:34:49,0.84458,4,lucastucker
1855,12046391,Gaurav Kumar Chaurasiya,2024-05-11 12:51:31,0.84458,1,gauravkuchaurasiya
1856,12099036,Pawan Raj,2024-05-31 12:59:35,0.84458,2,buckbeak02
1857,12162141,iamalredygod,2024-05-25 15:59:56,0.84458,3,iamalredygod
1858,12051876,rizwan ghauri,2024-05-04 12:39:18,0.84458,4,rizwanghauri
1859,12161459,parksh050401,2024-05-25 14:41:07,0.84458,1,parksh050401
1860,12142411,abelloe,2024-05-29 19:37:23,0.84458,1,abelloe
1861,12190072,MEHMET BORAN GÖKSEL,2024-05-31 14:29:22,0.84458,5,"kaanselvitopu1,mehmetborangksel"
1862,12127961,Parker Snow,2024-05-27 19:08:49,0.84458,2,parkersnow
1863,12071047,Abhijit Nandi007,2024-05-08 15:53:35,0.84458,2,abhijitnandi007
1864,12162567,InfiniteJones,2024-05-28 13:51:41,0.84458,3,infinitejones
1865,12154128,Ganesh Sharma,2024-05-23 20:25:29,0.84458,2,ganeshstemx
1866,12045381,Daman Deep,2024-05-14 03:43:00,0.84458,1,damn101
1867,12170222,aaryan sinngh,2024-05-28 06:39:59,0.84458,1,aaryansinngh
1868,12088291,Chung-Kai Chou,2024-05-20 15:39:20,0.84458,1,chungkaichou
1869,12181206,Ege Karaismailoglu,2024-05-29 19:52:19,0.84458,1,ekarais
1870,12048650,Lara Esquivel,2024-05-01 19:32:46,0.84458,1,laraesquivel
1871,12048079,Chitragar,2024-05-06 14:35:50,0.84458,5,ucindia
1872,12050766,Gaurav Bosamiya,2024-05-02 12:30:31,0.84458,1,gauravbosamiya
1873,12063739,arun,2024-05-05 05:49:20,0.84458,2,asanyal122
1874,12094851,khushiattri,2024-05-11 11:06:54,0.84458,2,khushiattri
1875,12097110,yukiguni_shimeji,2024-05-12 02:53:12,0.84458,1,yukigunishimeji
1876,12054532,Siddharth Singh (Shashikant),2024-05-13 05:29:01,0.84458,13,siddharthsingh501
1877,12106220,Muhamad Ahmad Basari,2024-05-14 16:16:06,0.84458,1,muhamadahmadbasari
1878,12112038,T Girish Remo,2024-05-15 03:25:45,0.84458,1,tgirishremo
1879,12110645,Ankita Gupta,2024-05-15 06:27:24,0.84458,1,ankitaguptaindia
1880,12069822,curiosity by chance,2024-05-15 11:10:20,0.84458,1,curiositybychance
1881,12052348,Kartik Tyagi,2024-05-18 05:07:17,0.84458,3,kartiktyagi1036
1882,12082491,Muhammad Zahran,2024-05-18 07:36:50,0.84458,1,muhammadzahran
1883,12135071,Pack Kwan Low,2024-05-28 16:34:19,0.84458,12,packkwanlow
1884,12055290,Ahmed Shaban,2024-05-21 03:11:07,0.84458,3,ahmedsh3ban
1885,12143035,Muhammad Alvaro Khikman,2024-05-21 23:55:29,0.84458,2,muhammadalvaro
1886,12155961,Jules Ropars,2024-05-24 00:27:32,0.84458,1,julesropars
1887,12141148,Shresth Vihari,2024-05-26 10:50:11,0.84458,4,shresthvihari
1888,12171317,Shuvo Kumar Basak-4004,2024-05-27 17:51:04,0.84458,2,shuvokumarbasak4004
1889,12141111,Bill Henderson,2024-05-30 23:46:14,0.84458,3,billhenderson
1890,12182762,Tejash Sharma,2024-05-30 08:33:28,0.84458,1,tejashsharma10
1891,12184508,Manaswini Gupta,2024-05-30 10:54:32,0.84458,1,manaswiniguptaiiitl
1892,12185066,Light_Shot,2024-05-30 12:40:03,0.84458,1,divu2001
1893,12180462,Yash Mhaskar,2024-05-30 16:01:11,0.84458,1,myash21
1894,12188185,Pretzels K,2024-05-31 08:01:58,0.84458,5,pretzelsk
1895,12176532,freewilly,2024-05-31 16:37:59,0.84458,3,wacc25
1896,12190548,Aya Riffi,2024-05-31 17:33:07,0.84458,1,ayamechouahiriffi
1897,12156454,Patience Chiri,2024-05-31 20:43:44,0.84458,2,middleearthchiri
1898,12171449,mgrayl,2024-05-31 22:55:32,0.84458,4,mgrayl
1899,12072039,Deekshith Reddy1910,2024-05-23 12:17:13,0.84458,1,deekshithreddy1910
1900,12071751,Tamsanqa Lowan,2024-05-08 09:01:49,0.84458,3,tamsanqalowan
1901,12079606,Batul Udaipurwala,2024-05-11 10:52:13,0.84458,1,batuludaipurwala5
1902,12097671,Agnibha_Roy10,2024-05-20 03:19:08,0.84458,1,agnibharoy10
1903,12162049,Ashish Kumar,2024-05-26 05:51:13,0.84458,1,ashishtomar123456
1904,12179037,Khoa Nguyễn Minh,2024-05-31 14:49:53,0.84458,2,khoangminh
1905,12183269,Dan Shalom,2024-05-30 09:31:32,0.84458,1,danshalom
1906,12179011,TRAN_KIEM_TU,2024-05-30 12:04:20,0.84458,1,trankiemtu
1907,12152833,Ebenezer R,2024-05-23 15:51:43,0.84458,1,ebenezerr
1908,12083592,Subhasish Sinha,2024-05-30 01:56:50,0.84458,1,subhasishsinha
1909,12064463,Halil İbrahim BİLGE,2024-05-10 09:41:15,0.84458,1,halilbrahimblge
1910,12045275,manojT5,2024-05-01 06:26:53,0.84458,1,manojt5
1911,12056527,Sonu Saini,2024-05-24 10:59:38,0.84458,12,raman209
1912,12062838,Dustin Ober,2024-05-12 22:27:01,0.84458,1,dustinober
1913,12119659,Swastik Guha Roy,2024-05-19 16:32:06,0.84458,5,swastikguharoy
1914,12142301,sameerbhatt23,2024-05-21 09:33:56,0.84458,1,sameerbhatt23
1915,12145440,Aya Gad,2024-05-24 00:25:51,0.84458,2,ayatollahabdelhamed
1916,12072117,Gaurav Verma,2024-05-26 17:43:10,0.84458,4,gauravverma069
1917,12176577,Andrew Kalachev,2024-05-29 17:19:17,0.84458,1,kalachevandrew
1918,12166691,Jesus Deleon19,2024-05-29 23:50:26,0.84458,1,jesusdeleon19
1919,12180294,toida8kitu,2024-05-30 11:02:21,0.84458,1,toida8kitu
1920,12045973,Sahil Bajaj,2024-05-05 07:14:28,0.84458,10,sahilnbajaj
1921,12095718,motorio0829,2024-05-15 13:48:58,0.84458,3,motorio0829
1922,12087238,Anujgupta95,2024-05-11 15:44:20,0.84458,4,"anujgupta95,dinkarrsharma"
1923,12121346,Casey Eddington,2024-05-17 20:05:41,0.84458,3,caseyeddington
1924,12056493,Romain Fonta,2024-05-03 20:01:09,0.84458,1,romainfonta2
1925,12161258,Anup,2024-05-25 11:06:03,0.84458,4,anuponkaggle
1926,12150493,Manish Kumar Pandey,2024-05-31 18:10:09,0.84458,1,manishdit
1927,12114832,Surjith,2024-05-15 15:25:24,0.84458,1,asankaranarayanan
1928,12055783,Adithya@123,2024-05-03 07:55:13,0.84458,1,dnadithya
1929,12132258,CHITRAMALA M,2024-05-29 20:36:10,0.84458,2,chitramalam
1930,12120080,Valentino Albani Cassa,2024-05-21 12:46:32,0.84458,2,valentinoalbani
1931,12046515,SASWAT TULO,2024-05-02 09:56:03,0.84458,4,saswattulo
1932,12158591,lmadsen,2024-05-30 13:08:31,0.84458,2,larsmadsen
1933,12170405,Mennatullah Eisawy,2024-05-31 05:54:39,0.84458,4,mennatullaheisawy
1934,12085461,chen212,2024-05-29 06:06:43,0.84458,11,chen212
1935,12123101,Evelina Abdullina,2024-05-31 20:54:16,0.84458,2,eeisler
1936,12183201,Abhijeetsingh Meena,2024-05-30 06:09:39,0.84458,1,abhijeetsinghmeena
1937,12049220,Anren,2024-05-09 18:59:38,0.84458,14,anrenk
1938,12172052,Arthur,2024-05-28 00:33:28,0.84458,1,skizay
1939,12046462,Darshita Paghadal,2024-05-29 10:22:05,0.84458,1,darshitapaghadal
1940,12189615,Siri Chandana,2024-05-31 13:07:50,0.84458,1,sirichori
1941,12163557,Bishnu Datt Badu,2024-05-31 20:03:36,0.84458,1,bishnudattbadu
1942,12088656,ParshiPraneesh,2024-05-13 05:01:50,0.84458,11,parshipraneesh
1943,12096835,Yuraja Kadari,2024-05-12 07:47:51,0.84458,3,yurajakadari
1944,12051115,Monsieurbongo,2024-05-09 15:19:41,0.84458,3,monsieurbongo
1945,12044406,Victoria Maystruk Falls,2024-05-31 01:09:31,0.84458,6,vmaystrukfalls
1946,12090281,Akhilesh Kolambekar,2024-05-16 20:36:02,0.84458,4,akhileshkolambekar52
1947,12044435,Angel Vivanco,2024-05-17 22:42:08,0.84458,2,angelvivanco
1948,12122758,devdev,2024-05-17 09:32:01,0.84458,1,snackwrappers
1949,12169488,The Royalties,2024-05-27 11:27:14,0.84458,1,"adityakarmokar,siddhantchutke"
1950,12048824,Abisha Alichan,2024-05-03 17:41:24,0.84458,1,abishaalichan
1951,12066874,Harshit@220224,2024-05-06 04:07:05,0.84458,1,harshit220224
1952,12087982,Andre Jacobs,2024-05-10 04:20:27,0.84458,1,andrejacobs
1953,12098569,Abhishek Jain,2024-05-17 16:37:58,0.84458,1,abhishekjain117
1954,12127917,Yodazon,2024-05-23 05:00:07,0.84458,3,yodazon
1955,12059636,Swaroop Nayak,2024-05-28 04:29:27,0.84458,1,swaroopnayak
1956,12173237,Sathish.G,2024-05-29 02:50:33,0.84458,1,sathishgsmss
1957,12175515,Ramya Subramanya,2024-05-29 15:30:43,0.84458,5,ramyasubramanya
1958,12052486,edu,2024-05-02 14:43:30,0.84458,1,edwinokwaro
1959,12062098,CliffBooth,2024-05-23 15:28:52,0.84458,8,cliffbooth
1960,12045342,Areesha Anjum,2024-05-07 13:18:15,0.84458,1,areeshaary
1961,12173997,Sumitbba,2024-05-28 15:23:03,0.84458,2,sumitbba
1962,12141114,Ankit Raikwal,2024-05-29 05:41:50,0.84458,1,ankitraikwal
1963,12089655,Random Forest Rangers,2024-05-20 11:13:11,0.84458,1,"roopsasen,shreyabhatt27"
1964,12121253,evrimgokce,2024-05-16 20:39:13,0.84458,1,evrimgokce
1965,12181282,itsrajsharma29,2024-05-30 21:11:24,0.84458,2,itsrajsharma29
1966,12055605,kkkkkihwan,2024-05-07 13:14:11,0.84458,1,kkkkkihwan
1967,12087919,Mateusz Kudła,2024-05-31 15:52:22,0.84458,7,moxxis
1968,12046046,Ayush Pawar,2024-05-15 20:14:31,0.84458,4,whitehawck
1969,12077547,加拿大没醉过,2024-05-09 02:52:26,0.84458,3,liaustin
1970,12100899,Anirudh Rao,2024-05-16 03:05:38,0.84458,5,ani231
1971,12178971,Phan Phu Tuan123,2024-05-29 14:00:21,0.84458,5,phanphutuan123
1972,12180162,Phan Phu Tuan,2024-05-29 14:48:56,0.84458,4,phanphutuan
1973,12096963,Felipe Melo,2024-05-12 22:37:36,0.84458,5,felipemelobg
1974,12130336,sisu,2024-05-28 05:51:09,0.84458,1,"kimsieun1,suminseo123456789"
1975,12045324,Himanshu Chhikara,2024-05-02 09:16:54,0.84458,4,himanshuchhikara
1976,12183587,user_AnBa,2024-05-30 11:24:23,0.84458,1,useranba
1977,12084588,Nakattt,2024-05-14 07:32:31,0.84458,1,nakattt
1978,12097122,Sanjay Joshi,2024-05-13 22:53:54,0.84458,4,sanjos10
1979,12066137,Briti S,2024-05-05 19:44:07,0.84458,1,britis
1980,12065248,Sheeda SB,2024-05-08 09:33:15,0.84458,2,sheedasb
1981,12133602,John Huynh,2024-05-19 15:05:10,0.84458,1,john0107
1982,12114688,Animesh Nayak,2024-05-17 06:00:04,0.84458,4,animeshnayak
1983,12177296,Samuel okunola,2024-05-31 22:14:39,0.84458,5,seraphim1978
1984,12045025,Kingki19 / Muhammad Rizqi,2024-05-02 02:50:52,0.84458,7,kingki19
1985,12050594,PUTE,2024-05-11 02:22:25,0.84458,2,yoshiand
1986,12094554,Aloysius Chan,2024-05-12 06:58:37,0.84458,2,aloysiuschan
1987,12069416,Sjorbbro,2024-05-24 21:21:37,0.84458,2,sjorbbro
1988,12077946,Abhirupa Lodh,2024-05-10 10:23:33,0.84458,8,abhirupalodh
1989,12152291,NIHIT AGARWAL,2024-05-23 13:30:43,0.84458,1,nihitagarwal
1990,12148791,Doon Bassie,2024-05-30 01:00:39,0.84458,11,"akemp1,doonbassie"
1991,12050896,wallyholly1,2024-05-22 11:56:35,0.84458,3,wallyholly
1992,12045433,ChengHanShih,2024-05-03 13:44:51,0.84458,2,chenghanshih
1993,12072140,Viviani,2024-05-07 01:49:46,0.84458,2,yudengdeng
1994,12055881,Amri11,2024-05-03 09:01:54,0.84458,3,amri11
1995,12098704,Cody Edwards,2024-05-18 05:31:11,0.84458,3,cedwards92
1996,12108330,DraganPinsent98,2024-05-23 22:39:54,0.84458,2,draganpinsent98
1997,12133281,Captain Planet,2024-05-26 18:06:31,0.84458,5,"celphos,pvanni"
1998,12084368,sdhsse,2024-05-09 08:46:43,0.84458,3,sdhsse
1999,12103356,Marvin11798,2024-05-13 13:15:39,0.84458,2,marvin11798
2000,12105450,Chris Raddatz,2024-05-14 17:01:11,0.84458,3,chrisraddatz
2001,12113150,IWAN,2024-05-22 09:11:53,0.84458,6,mridwan
2002,12142975,VishalRashmika,2024-05-21 12:56:03,0.84458,1,vishalrashmika
2003,12157782,mani zn,2024-05-24 10:41:58,0.84458,1,manizn
2004,12131325,Ozgur Aslan,2024-05-26 13:45:29,0.84458,4,ozguraslank
2005,12044572,Blaze,2024-05-30 03:41:40,0.84458,1,sachinprasanna
2006,12185283,Muhammad Javed Ashraf,2024-05-30 19:54:51,0.84458,1,ajaved6301
2007,12176230,MTeunisse,2024-05-28 19:01:13,0.84458,1,mteunisse
2008,12174057,TingxuanPan,2024-05-30 06:28:58,0.84458,1,tingxuanpan
2009,12046111,housecrash,2024-05-01 10:57:59,0.84458,1,"jong515,linoos,thatjonk"
2010,12046518,Iraj Mashar,2024-05-02 14:56:06,0.84458,2,irajmashar
2011,12049153,Miguel Blaya Cano,2024-05-07 19:06:28,0.84458,6,miguelblayacano
2012,12049146,Samiul Bari,2024-05-02 21:04:27,0.84458,1,samiulbari
2013,12049229,Alexander Leon,2024-05-03 01:46:13,0.84458,1,greenfruit2
2014,12052059,Gowtham R,2024-05-03 08:22:37,0.84458,1,gowthamramakrishnan
2015,12049808,shimkkkyu,2024-05-26 22:58:23,0.84458,7,shimkkkyu
2016,12057264,Bobby@gan,2024-05-31 21:25:19,0.84458,8,bobbygan
2017,12062209,Alessia Kettlitz,2024-05-05 13:04:53,0.84458,7,alessiakettlitz
2018,12061456,srentillo,2024-05-04 19:14:29,0.84458,1,srentillo
2019,12064354,[Deleted] 2f04e44d-b435-4f26-afde-a1ba3787df1d,2024-05-05 08:09:32,0.84458,1,del=c0c612cd9ef6f2d3
2020,12059142,AlexAlexxx,2024-05-05 17:49:56,0.84458,2,alexalexxx
2021,12071300,Vedant Patel,2024-05-06 17:58:37,0.84458,1,vedant3patel
2022,12067606,furkan tasci,2024-05-07 02:29:42,0.84458,2,furkantasci
2023,12073606,David_CDM,2024-05-07 13:06:11,0.84458,2,davidminh1
2024,12053998,Bertrand Pigeon,2024-05-10 17:36:51,0.84458,6,bertrandpigeon
2025,12080452,Vlad,2024-05-08 11:39:33,0.84458,1,vladtasca
2026,12060845,Igor Vladimirovich Lapshin,2024-05-14 15:48:33,0.84458,10,igorvlapshin
2027,12083413,Bivek Raymajhi,2024-05-09 02:43:00,0.84458,1,bivekraymajhi
2028,12083962,Mohammad Sajedin,2024-05-09 06:19:35,0.84458,1,mohammadsajedin
2029,12089167,AniruddhaGiri89,2024-05-10 07:10:26,0.84458,1,aniruddhagiri89
2030,12092267,panda,2024-05-10 19:52:51,0.84458,1,sonielyy
2031,12085494,challenger@,2024-05-21 10:48:59,0.84458,2,hukudahinata
2032,12069151,HitTmg,2024-05-12 11:32:26,0.84458,3,hittmg
2033,12085616,Saqib Islam404,2024-05-12 18:52:15,0.84458,2,saqibislam404
2034,12100285,umerloop,2024-05-12 22:09:27,0.84458,1,umerloop
2035,12097950,shifa,2024-05-15 10:02:45,0.84458,3,shifasindhu
2036,12101790,ananya goel ,2024-05-14 20:46:11,0.84458,3,ananyagoel1811
2037,12055236,Natalie,2024-05-27 07:28:49,0.84458,3,natnut012
2038,12045231,Harshit1234g,2024-05-14 09:41:02,0.84458,1,harshit1234g
2039,12099738,Sam314,2024-05-14 22:46:18,0.84458,1,sam314
2040,12098294,Rishu Ranjan,2024-05-16 07:59:13,0.84458,2,almaktashi
2041,12068059,singhtanveer38,2024-05-16 07:37:55,0.84458,1,singhtanveer38
2042,12141338,S Shashank,2024-05-21 06:39:35,0.84458,1,samavedulashashank
2043,12118399,Uminchu D,2024-05-21 11:35:40,0.84458,4,uminchud
2044,12095920,Hitesh,2024-05-31 11:15:21,0.84458,8,bcscuwe1
2045,12145608,Jung-Heum Na,2024-05-23 06:45:15,0.84458,5,teddynye
2046,12110912,Prathamesh P. Rege,2024-05-22 16:31:06,0.84458,3,prathameshprege
2047,12152074,Dinesh #2,2024-05-23 12:03:38,0.84458,1,dineshsny4
2048,12059632,Dheena Leonora,2024-05-26 17:03:00,0.84458,4,dheenaleonora
2049,12156317,FireBear,2024-05-31 03:12:20,0.84458,7,jillotine
2050,12158399,Predictor_Variable,2024-05-24 12:24:18,0.84458,1,predictorvariable
2051,12163930,Kishan MS,2024-05-25 21:41:50,0.84458,1,mskishan26
2052,12161222,Korn-aphichit Ngaopan,2024-05-26 13:21:39,0.84458,1,izenbergtheslow
2053,12161940,AkashBiju11,2024-05-26 17:32:32,0.84458,2,akashbiju11
2054,12141638,Victor Muthii,2024-05-27 08:57:26,0.84458,3,muthii10
2055,12169890,[Deleted] d8b9930c-421b-4ea5-a236-d5fd25d26025,2024-05-27 13:09:04,0.84458,3,del=c8ed93b7c3bc0a94
2056,12171812,Artur Syrovatski,2024-05-27 22:03:52,0.84458,1,artursyrovatski
2057,12141885,Jaganathan Logachari,2024-05-28 17:29:44,0.84458,2,jaganathanlogachari
2058,12176611,Bhautik pithadiya,2024-05-29 19:21:04,0.84458,2,bhautikpithadiya
2059,12178657,Muhammad Ahmad,2024-05-29 15:19:46,0.84458,3,muhammadahmad0
2060,12180145,Madhurima Maji,2024-05-29 16:57:41,0.84458,2,madhurimamaji
2061,12181320,YiHsi Huang,2024-05-29 20:32:57,0.84458,1,yihsihuang
2062,12149808,Utkarsh Gupta,2024-05-31 05:51:27,0.84458,4,utkarsh1912
2063,12133868,Nandan Kumar Singh,2024-05-30 08:56:47,0.84458,3,nandankumarsingh007
2064,12046535,Shiina Mashiro,2024-05-31 23:44:11,0.84458,2,vijayalakshmibhagat
2065,12112004,Abdel-aziz Harane,2024-05-31 22:53:52,0.84458,1,quisuisje
2066,12087256,[Deleted] d35a6a14-f8c6-4228-9ea3-acbe0526336d,2024-05-10 04:07:56,0.84458,1,del=013c7c3830699053
2067,12092642,AIT ABBAS RANIA,2024-05-11 10:12:35,0.84458,1,aitabbasrania
2068,12171424,mwebe emmanuel,2024-05-30 06:14:30,0.84458,1,mwebeemmanuel
2069,12151544,Corey Zelez,2024-05-24 10:15:49,0.84458,1,coreyzelez
2070,12142666,Tushar Anand17,2024-05-25 08:54:58,0.84458,1,tusharanand17
2071,12053622,Sidorov,2024-05-11 09:30:07,0.84458,2,sidorovds
2072,12057318,SondreGarnes,2024-05-03 13:52:03,0.84458,4,sondregarnes
2073,12048565,the dumb man,2024-05-03 15:59:13,0.84458,5,thedumbman
2074,12072185,Niklas,2024-05-06 19:39:13,0.84458,1,niki1337
2075,12167179,Sternritters,2024-05-27 00:10:42,0.84458,6,"dyavarashettypeeyush,srijineshalanka"
2076,12051156,Ben Kirshenblatt,2024-05-31 00:52:42,0.84458,3,benkirshenblatt
2077,12118769,veerendra yalla,2024-05-16 10:39:49,0.84458,2,veerendrayalla
2078,12188335,MachineLearningAAAI,2024-05-31 07:04:25,0.84458,1,machinelearningaaai
2079,12130348,gask09,2024-05-18 15:40:33,0.84458,1,pemyslbal
2080,12148419,Piotr Błażejewski,2024-05-22 20:32:30,0.84458,5,piotrbaejewski
2081,12116025,samson,2024-05-15 18:18:20,0.84458,1,samson8
2082,12086853,Linser,2024-05-10 09:36:37,0.84458,1,linser
2083,12052636,Mfon David Umoh,2024-05-09 10:13:44,0.84458,10,mfondavidumoh
2084,12167613,skyLine12452,2024-05-31 14:32:04,0.84458,2,skyline12311
2085,12060264,Aditya Purohit,2024-05-08 16:08:35,0.84458,1,adityapurohit615
2086,12046567,Duncan Ross,2024-05-11 11:05:05,0.84458,1,duncanross75
2087,12110239,workspace6756,2024-05-14 17:10:01,0.84458,1,workspace6756
2088,12110456,Akshay Kumar Kore,2024-05-14 17:32:28,0.84458,1,akshaykumarkore
2089,12119322,TahirC1,2024-05-25 12:49:54,0.84458,3,tahirc1
2090,12047323,Dylan Ogden,2024-05-29 14:49:53,0.84458,4,dsogden
2091,12102730,Anton Kovalenko,2024-05-14 14:22:21,0.84458,4,abduladjan
2092,12054120,MS,2024-05-14 20:53:24,0.84458,1,madhursinghai
2093,12097564,arhab hasan khan,2024-05-28 17:38:13,0.84458,6,arhabhasankhan
2094,12114446,Harjaspreet Singh,2024-05-16 11:13:12,0.84458,1,harjas4singh
2095,12084686,Tanzil_Islam196,2024-05-09 08:38:36,0.84458,1,tanzilislam196
2096,12083149,SeanWFaust,2024-05-09 00:20:21,0.84458,2,seanwfaust
2097,12153693,Amin Uddin,2024-05-23 18:49:19,0.84458,1,devamin
2098,12117701,peaky blinder,2024-05-28 09:23:21,0.84458,1,siddharthshirwadkar
2099,12172773,PMat,2024-05-31 13:22:22,0.84458,10,pmathur
2100,12065675,AnjanaJMurali,2024-05-28 00:53:25,0.84458,1,anjanajmurali
2101,12064759,akoirala111,2024-05-08 19:43:25,0.84458,5,akoirala111
2102,12151414,Aryan Gupta,2024-05-23 09:02:08,0.84458,2,aryangupta30
2103,12046029,VaibhavKumar,2024-05-02 17:47:22,0.84458,2,vaivhaw09
2104,12065850,Sree,2024-05-24 03:52:34,0.84458,1,sreenip
2105,12085655,Ishaan_Garg_1802,2024-05-10 08:05:15,0.84458,1,ishaangarg1802
2106,12084391,Maanas Krishna VSL,2024-05-13 04:15:40,0.84458,3,maanaskrishnavsl
2107,12182354,chuochuo shen,2024-05-31 04:06:55,0.84458,5,chuochuoshen
2108,12074164,deepakshi dang,2024-05-14 09:11:45,0.84458,6,deepakshidang
2109,12127907,Revy Pramana,2024-05-18 00:55:38,0.84458,2,revypramana
2110,12184445,Tim Van Rillaer,2024-05-30 10:37:58,0.84458,1,timvanrillaer
2111,12131873,Brenden Siekman,2024-05-30 02:48:20,0.84458,3,cyclist10997
2112,12111314,BasicLaw5123,2024-05-23 02:24:01,0.84458,1,basiclaw5123
2113,12049174,Meghana,2024-05-02 05:58:52,0.84458,1,meghana111
2114,12052884,Saurabh_Yadav0207,2024-05-02 18:21:31,0.84458,1,saurabhyadav0207
2115,12059004,Nolan Meyer,2024-05-08 16:18:16,0.84458,2,nolanmeyer
2116,12082164,Vidhya Vadivel,2024-05-11 11:17:52,0.84458,1,vidhyavadivel
2117,12092823,Yousif Abdulnabi Yousif,2024-05-31 00:36:50,0.84458,2,yousifshaheen
2118,12082248,Parth Hanchate,2024-05-11 18:57:16,0.84458,1,parthhanchate
2119,12046477,Harsh Gupta,2024-05-16 07:12:20,0.84458,2,harsh2040
2120,12118167,Mahijith Punnani,2024-05-16 09:12:04,0.84458,1,mahijithpunnani
2121,12119223,manish tanwar ,2024-05-18 12:09:58,0.84458,2,manish101tanwar
2122,12122094,Mayank Anand,2024-05-18 04:41:38,0.84458,1,mayankanand2701
2123,12132803,SeungYong Lee,2024-05-19 09:03:16,0.84458,1,yong2vic
2124,12131992,Uday Sharma,2024-05-19 09:51:33,0.84458,1,udaysharma224026
2125,12120865,Sudharshan Balaji,2024-05-20 07:40:43,0.84458,1,sudharshanbalaji
2126,12147941,Nicholas Czapalay,2024-05-29 17:15:18,0.84458,12,nicholasczapalay
2127,12153220,Ishan,2024-05-23 20:00:10,0.84458,1,"ishanbhargava,rutvigadre"
2128,12158366,Vedant S Bedi,2024-05-24 11:28:30,0.84458,1,vedantsbedi
2129,12166613,Vipul Kumar,2024-05-26 16:19:55,0.84458,1,vipulkumar490
2130,12177478,Haru_101,2024-05-29 04:44:33,0.84458,2,haruharo101
2131,12182629,sadi2oo3q,2024-05-30 17:16:32,0.84458,4,sadi2oo3q
2132,12185163,Max A KL,2024-05-30 17:55:24,0.84458,5,maxakl
2133,12073725,venkateswarlu_2005,2024-05-31 07:37:28,0.84458,1,venkateswarlu2005
2134,12146562,Krithika C kritk,2024-05-31 15:42:46,0.84458,4,krithikackritk
2135,12056318,Shubh Chakrabarti,2024-05-28 10:21:54,0.84458,1,shubhchakrabarti
2136,12178823,Ishan Jayswal,2024-05-31 17:46:12,0.84458,4,ishanjayswal
2137,12105738,[Deleted] 21b69d80-6fcd-46b8-9037-6e7ccb817146,2024-05-19 18:58:59,0.84458,1,del=2b18b22b4ccd0ac7
2138,12121664,UWLETSGO,2024-05-24 00:44:13,0.84458,8,"emilymeng1,huangyshayla,pingw220"
2139,12114885,Jonah Wiener-Brodkey,2024-05-22 00:20:48,0.84458,1,jonah916
2140,12067372,Pedro Soares,2024-05-11 11:18:46,0.84458,5,pedrosoares1412
2141,12092607,MughalEngineer,2024-05-15 11:45:28,0.84458,3,mughalengineer
2142,12100364,Jadon Steinmetz,2024-05-19 19:22:56,0.84458,6,jadonsteinmetz
2143,12168029,多和大樹,2024-05-27 04:44:17,0.84458,1,pankone
2144,12110435,Sid-WC121,2024-05-31 17:34:32,0.84458,4,sidwc121
2145,12047013,Cralsic123,2024-05-08 15:10:56,0.84458,4,cralsic123
2146,12084208,goose,2024-05-17 09:17:15,0.84458,7,losegoose
2147,12045072,"Sparkin, Sohdacafe",2024-05-03 12:56:16,0.84458,5,sohadachi
2148,12143251,Amanat Kafizov,2024-05-24 11:11:39,0.84458,2,amanatkafizov
2149,12139921,Abdulrasheed yusuf,2024-05-22 08:33:02,0.84458,2,abdulrasheedyusuf25
2150,12053503,suraj bisht,2024-05-09 17:14:14,0.84458,1,surajbisht
2151,12158279,Mandil J Thapa,2024-05-28 04:00:56,0.84458,1,mandiljthapa
2152,12178969,Le Thanh Tha (K18 HCM),2024-05-29 10:48:43,0.84458,2,lethanhthak18hcm
2153,12098626,Matyas Hlavac,2024-05-12 12:48:38,0.84458,1,matyashlavac
2154,12089492,JeHyunHan,2024-05-15 23:22:06,0.84458,5,jehyunhan
2155,12162335,Ankit Gupta,2024-05-25 16:38:41,0.84458,1,ankitgupta011
2156,12099163,Arpita Ghosh,2024-05-12 16:41:37,0.84458,2,arpitaghosh
2157,12076620,nguyenmanhhung286@,2024-05-29 16:25:37,0.84458,3,nguyenmanhhung286
2158,12181335,Avula Manaswini Reddy,2024-05-31 13:43:26,0.84458,1,avulamanaswinireddy
2159,12144436,Mesut Travaci,2024-05-27 20:47:59,0.84458,4,mesuttravaci
2160,12111028,Kimaya Kulkarni,2024-05-18 04:24:18,0.84458,2,kimayak
2161,12098012,Team_Brotherhodd,2024-05-11 11:51:07,0.84458,1,"redowanibrahim,tamim18"
2162,12049826,-midnightCode-,2024-05-06 17:26:02,0.84458,4,riooorante
2163,12074289,SEETA VARMA,2024-05-08 04:46:11,0.84458,3,seetavarma
2164,12050479,Sorndus,2024-05-03 11:36:22,0.84458,2,sorndus
2165,12128617,LucaCodes,2024-05-31 17:19:32,0.84458,2,lucacodes
2166,12179957,Eduardo Michelsen,2024-05-29 13:45:10,0.84458,1,eduardomichelsen
2167,12107101,Abdel Rysbekov,2024-05-31 06:07:17,0.84458,3,abdelrysbekov
2168,12099938,LeoLoHo,2024-05-31 05:32:09,0.84458,2,leoloho
2169,12099046,Thùy Anh Nguyễn,2024-05-26 14:17:42,0.84458,4,tuanhng
2170,12099860,Nikita Ivanov,2024-05-30 20:59:29,0.84458,4,nikitaniktech
2171,12116472,Akash singh panwar,2024-05-22 22:07:23,0.84458,1,akashsinghpanwar
2172,12104174,Saptarshi Pal,2024-05-13 17:06:56,0.84458,2,saptarshipal1207
2173,12064993,HasnainKhan0123,2024-05-09 08:50:37,0.84458,1,hasnainkhan0123
2174,12185104,Gracia Samosir,2024-05-30 16:56:41,0.84458,1,graciasamosir
2175,12066546,Petr Chmelík,2024-05-05 21:21:34,0.84458,1,petrchmelk
2176,12183488,DRIPTO SAHA,2024-05-30 17:14:53,0.84458,1,driptosaha
2177,12063856,Hritik Roshan Mishra,2024-05-05 05:48:50,0.84458,1,hritikroshanmishra
2178,12160833,Himanshu Barange,2024-05-26 21:04:09,0.84458,10,himanshubarange
2179,12075564,Mudit Gaur,2024-05-11 08:14:50,0.84458,1,gmudit
2180,12067327,KAZI MOHAMMAD NAZIB,2024-05-06 07:45:11,0.84458,1,kazimohammadnazib
2181,12069732,Kevin George,2024-05-06 10:46:33,0.84458,1,darkknight167
2182,12047086,Kazuki Harada,2024-05-02 02:52:24,0.84458,7,kazukiharada85
2183,12082015,Chandan1905,2024-05-08 16:51:38,0.84458,1,chandan1905
2184,12045423,shivam singh8826,2024-05-01 06:45:17,0.84458,1,shivamsingh8826
2185,12089198,Joycezzzzzz,2024-05-11 01:38:04,0.84458,3,joycezzzzzz
2186,12097828,Sagar Girii,2024-05-12 13:09:44,0.84458,1,sagargirii
2187,12086987,Giang To14,2024-05-16 05:39:16,0.84458,2,giangto14
2188,12050268,kisk10,2024-05-02 14:54:07,0.84458,5,kisk10
2189,12103284,Oke Emmanuel #2,2024-05-15 07:50:57,0.84458,4,okeemmanuel
2190,12064286,muddasir quayum,2024-05-05 22:57:30,0.84458,4,muddasirquayum
2191,12116851,KamiMaki,2024-05-21 14:30:31,0.84458,1,kamimaki
2192,12089768,Junpei Mishima,2024-05-30 06:55:01,0.84458,1,junpeimishima
2193,12048711,rishikush,2024-05-15 06:06:13,0.84458,1,rishikeshkushwaha
2194,12120392,skfrost19,2024-05-16 18:23:10,0.84458,2,skfrost19
2195,12087197,Sudu14,2024-05-31 07:19:32,0.84458,1,sudu14
2196,12093354,its_data_not_data,2024-05-11 04:38:40,0.84458,2,itsdatanotdata
2197,12048463,Smashing Pumpkins,2024-05-18 16:48:48,0.84458,2,sajjadaman
2198,12069800,lu didi,2024-05-07 06:24:48,0.84458,2,ludidi
2199,12099540, Anurag Belel,2024-05-13 07:30:19,0.84458,1,anuragbelel
2200,12172123,donghyeongkim,2024-05-31 14:27:17,0.84458,10,donghyeongkim
2201,12109623,Minhaz.n,2024-05-31 15:41:10,0.84458,2,minhazn
2202,12190406,Jaykorea,2024-05-31 16:40:37,0.84458,4,jaykorea
2203,12163815,Junaid,2024-05-26 08:05:05,0.84458,1,junaidrock
2204,12065933,Sunix Liu,2024-05-07 14:42:51,0.84458,1,sunixliu
2205,12061886,mohananup12,2024-05-05 15:00:51,0.84458,2,mohananup12
2206,12094536,Ryotaro Minagawa,2024-05-11 11:03:54,0.84458,1,ryotarominagawa
2207,12053521,PilarHBB,2024-05-11 16:19:08,0.84458,1,pilarhbb
2208,12163130,Sergio Ribeiro,2024-05-31 12:41:28,0.84458,1,sergioribeiro
2209,12110941,tekk0314,2024-05-14 21:26:49,0.84458,1,tekk0314
2210,12094365,Sajib Saha,2024-05-14 15:29:47,0.84458,1,sajibgta
2211,12102769,yuhaha8,2024-05-16 03:14:03,0.84458,1,yuhaha8
2212,12116092,Gopu Aakash,2024-05-23 17:11:31,0.84458,1,gopuaakash
2213,12056123,Mark Yeeeo,2024-05-22 04:11:14,0.84458,2,markyeeeo
2214,12165011,Keseli Timur,2024-05-26 09:04:23,0.84458,1,keselitimur
2215,12109493,Jayalakshmi E T,2024-05-31 17:23:28,0.84458,1,jayalakshmiet
2216,12078172,JLemp21,2024-05-09 01:08:15,0.84458,1,jlemp21
2217,12052601,Sabrina Jeannin,2024-05-04 12:24:28,0.84458,2,sabrinajeannin
2218,12107347,hompara135,2024-05-15 04:51:30,0.84458,1,hompara135
2219,12046239,Sim_kaggle,2024-05-02 09:36:38,0.84458,1,simkaggle
2220,12151531,jiangxiaoying,2024-05-23 10:49:16,0.84457,2,jiangxiaoying
2221,12135665,Matt Collier,2024-05-31 20:03:15,0.84457,1,mcstargazer
2222,12133115,Wanderer,2024-05-19 14:19:14,0.84457,1,adityachourasiya
2223,12065285,fakeplanet,2024-05-05 15:06:29,0.84457,1,fakeplanet
2224,12117090,utsavthakkar16,2024-05-16 02:33:15,0.84457,1,utsavthakkar16
2225,12063699,PARTH SONI,2024-05-16 02:41:43,0.84457,2,soniparth
2226,12157091,Adeel MAnaf,2024-05-24 07:04:20,0.84457,2,jutt420
2227,12070322,MikeS,2024-05-16 06:16:39,0.84457,1,mikesaq
2228,12183380,Dipti Shah,2024-05-31 14:16:50,0.84456,5,tigress10
2229,12076152,mariano92,2024-05-16 12:56:31,0.84456,9,mariano92
2230,12056461,Mahesh 07,2024-05-03 10:02:54,0.84456,1,maheshbabu024
2231,12164345,doeonkim07,2024-05-26 03:09:52,0.84456,1,doeonkim07
2232,12055877,khw0612,2024-05-31 23:08:40,0.84455,5,khw0612
2233,12098016,VegetDog Deng,2024-05-27 14:48:29,0.84455,1,vegetdogdeng
2234,12088698,Davis Nyagami,2024-05-31 09:53:03,0.84454,5,nyagami
2235,12188187,jugahy,2024-05-31 16:28:37,0.84454,1,jugahy
2236,12057997,Oleg Polikarpov,2024-05-08 17:50:14,0.84454,1,olegpolikarpov
2237,12128294,harsh_anand7,2024-05-28 03:02:10,0.84454,4,harshanand7
2238,12154165,mAss09,2024-05-29 04:14:45,0.84454,1,mass09
2239,12061130,Pooja D,2024-05-31 12:35:12,0.84454,1,poojadinani
2240,12174577,geeta keote,2024-05-30 15:12:59,0.84454,4,geetakeote
2241,12105235,YuenYouWin,2024-05-16 22:04:06,0.84454,3,"brendan12345,britney123"
2242,12048388,Bryce Kratzer ,2024-05-06 22:11:44,0.84454,1,brycekratzer
2243,12075341,APIPAWE KATOTO Daniel,2024-05-07 12:30:15,0.84454,1,apipawekatotodaniel
2244,12082340,Rikhil Kumar,2024-05-27 17:19:02,0.84452,1,rikhilkumar
2245,12050553,Alseida,2024-05-07 05:25:39,0.84452,2,lidiaopiola
2246,12103022,Pranay Reddy23,2024-05-14 01:54:43,0.84451,2,pranayreddy23
2247,12075938,Hanieh Sahranavard,2024-05-29 10:44:47,0.8445,2,haniehsahranavard
2248,12093368,sailijun,2024-05-13 09:00:43,0.84449,2,sailijun
2249,12044666,Tam Vo 2024,2024-05-01 15:37:08,0.84448,2,tamvo2024
2250,12044684,Vo Tam Van,2024-05-05 15:36:55,0.84448,7,votamvan
2251,12050111,Data Thinkers,2024-05-06 11:30:28,0.84448,3,priyang
2252,12116635,VICTOR AHAJI,2024-05-31 23:14:37,0.84448,2,victorahaji
2253,12068303,PrateekJaiswal,2024-05-11 16:21:32,0.84439,4,prateek05
2254,12131427,Hans Olbrich,2024-05-28 23:02:27,0.84436,1,hansolbrich
2255,12105657,Israel Costa,2024-05-15 01:46:31,0.84435,1,gazprom
2256,12044394,DarraghH,2024-05-14 09:31:15,0.8443,3,darraghh
2257,12164054,leto.atreides,2024-05-31 22:59:42,0.84427,6,vantringuyen
2258,12047913,kumarsswa,2024-05-06 12:33:55,0.84426,3,kumarsswa
2259,12044470,R.Shibuya,2024-05-03 09:44:54,0.84423,1,paw27182
2260,12178111,CommonGardeniaM,2024-05-30 16:35:45,0.84423,5,commongardeniam
2261,12140376,ppppkkk,2024-05-28 04:25:58,0.84417,8,ppppkkk
2262,12132270,AKSHAT,2024-05-19 06:29:49,0.84415,1,akshatshaw7
2263,12175893,Rupanshu Kapoor,2024-05-28 17:35:31,0.84413,1,rupanshukapoor
2264,12071644,sadık,2024-05-06 18:54:46,0.84412,1,renjiabarai
2265,12122528,Adib Bin Kadir,2024-05-17 12:02:33,0.84411,1,adibbinkadir
2266,12059642,Hirotoshi Yunokizono,2024-05-12 04:25:43,0.8441,1,youken2739
2267,12109748,Karim Sayed,2024-05-14 15:31:01,0.84405,2,jaxthe
2268,12047682,M.Kito,2024-05-31 04:29:56,0.84402,7,kit024
2269,12057549,Mahdi Lamb,2024-05-03 23:16:02,0.84395,1,mahdilamb
2270,12098437,pi-suko,2024-05-22 12:07:03,0.84395,2,pisuko
2271,12068434,Akimasa Kajitani,2024-05-06 06:40:18,0.84393,2,nibblecarrot
2272,12119834,The Llamas,2024-05-17 14:02:58,0.84392,1,"jaivanti,judesahair,pranavkarunakaran"
2273,12163681,Anuj Pandey,2024-05-29 01:25:29,0.8439,1,anujpandey1
2274,12069415,xueyaoDu,2024-05-24 13:36:55,0.84389,2,xueyaodu
2275,12055225,koustubhk,2024-05-10 01:20:07,0.84388,2,kkhandekar
2276,12123595,Karin_444,2024-05-20 12:26:30,0.84387,1,karinf444
2277,12183029,maliquychen,2024-05-31 19:30:50,0.84386,4,maliquychen
2278,12166879,oneMMMan_army,2024-05-27 08:57:56,0.84382,1,onemmmanarmy
2279,12181923,Nick F,2024-05-31 23:50:21,0.84379,1,nickfecondo
2280,12073563,zxxxxxz,2024-05-21 09:23:59,0.84379,1,zxxxxxz
2281,12166507,Mathias Vogel,2024-05-26 18:42:23,0.84374,1,mathiasvogel
2282,12177466,zyhelicate,2024-05-29 09:32:25,0.84369,1,zyhelicate
2283,12070375,Adamya Gaur,2024-05-06 15:53:00,0.84367,1,adamyagaur
2284,12085973,Vishaal Selvaraj,2024-05-10 05:54:27,0.84364,6,vishaals2000
2285,12164002,Tiw_Abhishek ,2024-05-31 21:55:32,0.84361,1,tiwabhishek
2286,12074114,Uulnat,2024-05-07 10:00:24,0.84359,5,uulnat
2287,12087482,ayucha,2024-05-28 16:44:20,0.8435,2,ayucha
2288,12186344,Benedito Neto,2024-05-31 23:54:15,0.84349,2,beneditoneto
2289,12044540,Homin Park,2024-05-01 17:45:29,0.84348,4,powersimmani
2290,12192442,forestabcg,2024-05-31 23:53:06,0.84334,1,forestabcg
2291,12046346,Omar Dramé,2024-05-26 21:14:57,0.84329,1,omardram
2292,12073750,Amani Journey,2024-05-31 13:52:17,0.84327,2,amanijourney
2293,12046979,Teruhiko Kusano,2024-05-22 00:31:53,0.84324,5,tkusano
2294,12067175,Ken Constable,2024-05-08 05:15:22,0.84319,3,kenconstable
2295,12146431,vvh,2024-05-23 08:12:19,0.84304,2,awhhwa
2296,12154099,Chiew12,2024-05-27 19:24:58,0.84299,1,chiew12
2297,12059724,[Deleted] 7067f18f-2465-413d-a78c-2b1be0813dab,2024-05-11 05:08:11,0.84293,3,del=000adf5c3aa396e7
2298,12111919,Sowmya Jayakanth,2024-05-29 15:59:52,0.84285,2,sowmyajayakanth
2299,12151020,Haneyvmp,2024-05-31 11:44:50,0.84283,1,haneyvmp
2300,12103976,Mahesh Sunuwar,2024-05-13 20:36:43,0.84275,1,maheshsunuwar
2301,12097907,sadafsayeed,2024-05-22 12:41:58,0.84264,6,sadafsayeed
2302,12079915,Zoe Tsing,2024-05-11 05:03:10,0.84259,6,zoetsing
2303,12119090,QnQ0615,2024-05-16 12:39:45,0.84259,1,qnq0615
2304,12048854,JYOTHISWAROOPREDDY,2024-05-12 14:13:10,0.84257,7,jyothiswaroopreddy
2305,12132657,Arnoldlily,2024-05-25 11:36:14,0.84256,7,arnoldlily
2306,12064874,Ozzah,2024-05-18 06:40:31,0.84255,1,czibula
2307,12084906,TsaiTang00124,2024-05-17 14:09:57,0.84249,5,tsaitang00124
2308,12072279,Ashna Nizar,2024-05-06 22:59:44,0.84248,5,ashnanizar
2309,12130614,rkthrasher,2024-05-24 00:05:45,0.84243,4,rkthrasher
2310,12179752,Bharat Kumar0925,2024-05-30 08:50:37,0.84239,1,bharatkumar0925
2311,12176088,Kheerthiharan Saravanan,2024-05-28 18:23:43,0.84202,1,kheerthiharan
2312,12072400,josjesus,2024-05-30 17:19:24,0.84199,3,josjesus
2313,12175224,whi0814,2024-05-28 13:54:48,0.84199,2,whi0814
2314,12188186,Hyun292,2024-05-31 23:27:07,0.84191,1,hyun292
2315,12109921,Squad 99,2024-05-30 07:50:23,0.84189,4,vladimirgc
2316,12044492,Lunran,2024-05-02 01:11:29,0.84187,4,lunran
2317,12100926,Bhumit_Dev@ni,2024-05-25 02:15:25,0.84185,6,bhumitdevni
2318,12066012,Saxam Rawat,2024-05-05 19:38:57,0.84183,2,saxamrawat
2319,12091424,Grazyna H,2024-05-19 16:59:17,0.84178,10,grazynah
2320,12133171,Nikita Sairam,2024-05-20 23:47:48,0.84174,4,nikitasairam
2321,12074268,lin antao,2024-05-07 13:23:15,0.84174,2,linantao
2322,12142397,Shishido_Sho,2024-05-21 11:52:19,0.84172,1,shishidosho
2323,12095095,Vasan Vohra,2024-05-11 21:46:12,0.84154,2,vasanvohra
2324,12130865,MashTK,2024-05-22 08:36:10,0.84154,2,mashtk
2325,12117863,Diptadeep Mondal,2024-05-16 18:04:39,0.84153,1,google20meet
2326,12050204,sardinetrawler,2024-05-08 12:49:14,0.84152,5,sardinetrawler
2327,12152170,forestabc,2024-05-31 19:14:46,0.84151,7,forestabc
2328,12143657,Kevin Finn,2024-05-21 21:50:41,0.8415,1,kjfinn1
2329,12046112,Aminur Islam,2024-05-01 10:55:13,0.84146,3,aminurislam360
2330,12133178,VenturaRaee,2024-05-19 12:20:23,0.84144,3,venturaraee
2331,12100033,MiloszPabis,2024-05-12 19:45:21,0.8414,2,miloszpabis
2332,12178655,James Surya Putra,2024-05-31 05:13:23,0.84138,1,jamessuryaputra
2333,12185828,Medha Pappula,2024-05-31 15:08:27,0.84137,1,medhapappula
2334,12185051,Conorjhayes,2024-05-30 17:41:32,0.84135,3,conorjhayes
2335,12061209,yangzhiwen111,2024-05-15 11:01:46,0.84135,1,yangzhiwen111
2336,12135440,Jonggun Gim,2024-05-24 04:42:00,0.84126,7,jonggungim
2337,12067703,Grooper,2024-05-13 07:50:53,0.84119,4,grooper
2338,12149330,[Deleted] fb984731-a873-47f0-b10b-6de120e9ee90,2024-05-28 14:05:22,0.84107,3,del=fc5bcefd45a6d399
2339,12151108,Harshvardhan21,2024-05-24 09:31:19,0.84105,3,harshvardhan21
2340,12159001,Chelcy,2024-05-24 15:06:35,0.84105,2,shleedynamics
2341,12074859,broCodeNet🦀,2024-05-07 09:39:36,0.84102,1,brocodenet
2342,12070011,Pebble,2024-05-18 09:49:12,0.84099,1,waishingl
2343,12162996,Hayatoc,2024-05-25 15:38:27,0.84096,2,hayatois
2344,12149318,xiaomo k,2024-05-22 19:41:09,0.84089,2,xiaomok
2345,12156630,Gaurav Parikh,2024-05-24 04:41:24,0.84086,2,gparikh100
2346,12051597,Mohamed Abder,2024-05-14 20:59:51,0.84085,4,mohamedabder
2347,12054631,cancelThat,2024-05-03 22:44:49,0.84082,3,cancelthat
2348,12112492,Miguel Espinoza,2024-05-15 06:09:25,0.84073,2,miguelespinozac
2349,12183887,hschie,2024-05-31 06:50:01,0.84064,5,hyunseokchie
2350,12140155,Ezequiel Schneider,2024-05-22 13:15:36,0.84054,2,ezschneider
2351,12134079,Dr. Sat_k,2024-05-25 10:54:43,0.8405,2,drsatk
2352,12134674,Mihail,2024-05-20 21:35:36,0.84038,1,tibrex
2353,12128378,SahilNan,2024-05-19 06:31:26,0.84035,4,sahilnan
2354,12047655,Mohamed Abdelmagid,2024-05-01 23:59:29,0.84032,1,mohamedibrahim103
2355,12150903,Rhythm Patel,2024-05-23 11:21:25,0.84027,1,rhythmpatel619
2356,12103140,Gökhan Elbistan,2024-05-25 11:25:40,0.8402,1,gkhanelbistan
2357,12163707,Tushar Gupta,2024-05-31 16:13:51,0.84015,4,tushariitkgp14
2358,12164861,YashhVyass,2024-05-30 20:43:59,0.84004,2,yashhvyass
2359,12173229,Chiu Po Chun0924,2024-05-28 07:08:53,0.84,5,chiupochun0924
2360,12113093,zayik zahoor,2024-05-18 00:34:38,0.83996,12,zayikzahoor
2361,12049607,think_phil,2024-05-26 04:36:31,0.83986,1,thinkphil
2362,12061480,Hieu TANG,2024-05-17 18:26:40,0.83979,11,hieutang
2363,12066908,Ali dhl,2024-05-18 17:45:25,0.83971,3,alidhl
2364,12073741,Juan Pablo Lagos,2024-05-07 08:47:28,0.83968,1,juanpablolagos
2365,12168634,Adnansheikh,2024-05-31 06:43:43,0.83957,1,adnansheikh6534323
2366,12117552,Vinayak Tripathi,2024-05-19 03:31:32,0.83953,1,vinayaktripathi22
2367,12054267,Mauricio Cepeda D.,2024-05-14 16:48:34,0.83941,1,maurcd
2368,12188505,Sparklism,2024-05-31 14:50:49,0.83939,1,sparklism
2369,12068670,jy9307,2024-05-09 11:40:15,0.83936,2,jy9307
2370,12081778,Barry Jhang,2024-05-11 16:37:51,0.83909,2,s0992589
2371,12106873,주의ㅇㅏ,2024-05-14 07:49:14,0.83909,1,jangjjjk
2372,12176955,Yosuke AMANO,2024-05-29 12:42:28,0.83899,1,yosukeamano
2373,12064127,Anuraaga Nath,2024-05-05 13:49:25,0.83894,1,anuraaganath
2374,12069089,komafumi,2024-05-12 05:45:03,0.8389,1,komafumi
2375,12045109,Umbra intrux,2024-05-02 10:41:04,0.83876,1,umbraintrux
2376,12138552,David Svistea,2024-05-31 20:52:32,0.83868,3,davidsvistea
2377,12151088,Daniel Borisov,2024-05-23 15:31:10,0.8386,3,daniel9borisov
2378,12168730,Abhirama Gorti,2024-05-27 07:17:52,0.83854,1,abhiramag
2379,12090902,Mirza Ehtesham Baig ,2024-05-10 14:40:24,0.83841,1,mirzaehteshambaig
2380,12067027,Edde,2024-05-12 04:58:27,0.83836,2,edemdeyoungster
2381,12047262,keithbe,2024-05-01 20:56:44,0.83835,1,keithbe
2382,12068993,Kuba Gałosz,2024-05-22 18:15:47,0.8383,2,kubagaosz
2383,12067530,aric,2024-05-06 07:17:05,0.83825,3,akokoo
2384,12142213,cactikim,2024-05-30 23:23:59,0.83824,5,cactikim
2385,12103906,Gizem Nalbant Arslan,2024-05-21 12:41:48,0.83824,1,gizemnalbantarslan
2386,12178329,YuQingF,2024-05-29 08:42:08,0.8382,1,yuqingf
2387,12098360,Parada Sormin,2024-05-22 10:25:48,0.83816,5,psormin
2388,12138802,sordidmonkey,2024-05-20 14:42:05,0.83812,1,sordidmonkey
2389,12048460,M Colbert,2024-05-01 20:51:05,0.83812,1,mcolbert
2390,12044317,Kazuo Nishiyama,2024-05-01 00:38:07,0.83784,3,nopeet
2391,12095233,Mohammad Amin Dehmolaee,2024-05-15 06:30:30,0.83776,1,aminaidhm23386
2392,12092701,[Deleted] 4338caf4-efae-41fb-8534-88f042f0ccad,2024-05-11 16:51:39,0.83748,1,del=ad91a0857b232c71
2393,12101012,decentcoder,2024-05-13 19:07:50,0.8374,4,mranon57
2394,12044375,CLL,2024-05-10 02:28:09,0.83696,5,carloscll
2395,12105761,Dhulipala Siva ,2024-05-29 10:34:17,0.83692,1,dhulipalasiva
2396,12118571,K Fa,2024-05-31 18:48:56,0.83683,1,stflicker
2397,12044696,Percy Feng,2024-05-01 23:40:08,0.83681,2,percyfeng
2398,12047273,AMRITANGSHU DASKAR,2024-05-02 07:42:22,0.83673,1,amritangshudaskar
2399,12147878,sigmaBAXTI,2024-05-23 06:53:57,0.83668,5,sigmabaxti
2400,12057947,Hephzibah Akintunde,2024-05-10 06:30:16,0.83662,1,hephzibahakintunde
2401,12137797,attakahokkori,2024-05-27 11:58:41,0.83661,7,attakahokkori
2402,12155927,Farhan Khan,2024-05-25 22:12:34,0.83651,1,farhankhan2844
2403,12057028,Joules0,2024-05-30 07:27:48,0.83648,14,joules0
2404,12090093,Brandon Ashley,2024-05-10 13:13:42,0.83632,1,brandonashley
2405,12150381,Johnny,2024-05-31 09:16:57,0.83632,1,johnnybegoode
2406,12089889,K.Narsi Reddy,2024-05-31 17:55:29,0.83632,9,konapallinarsireddy
2407,12129430,napam689,2024-05-30 04:05:06,0.83617,1,napam689
2408,12071231,china LZU,2024-05-11 17:51:54,0.83614,1,chinalzu
2409,12163105,twotreetkfm,2024-05-31 16:03:31,0.83604,4,twotreetkfm
2410,12046769, Sumanthreal,2024-05-11 03:33:44,0.836,5,sumanthreal
2411,12046032,nishiguchinozomu,2024-05-01 11:55:35,0.83588,2,nishiguchinozomu
2412,12104860,Tiemen Vanderstraeten,2024-05-14 08:32:40,0.83587,3,tiemenvanderstraeten
2413,12084420,Dipit Jaywant,2024-05-10 14:40:42,0.83561,1,dipitj
2414,12170415,kai wong452,2024-05-28 08:21:02,0.83561,1,kaiwong452
2415,12120934,ronenhua,2024-05-28 21:01:42,0.8356,6,ronenhua
2416,12183801,Caner Sahan,2024-05-31 09:54:39,0.83559,1,canersahan
2417,12098470,nevroHelios,2024-05-21 11:04:48,0.83556,3,nevrohelios
2418,12067202,SainteBeuve,2024-05-14 18:08:33,0.83553,6,saintebeuve
2419,12166647,Gaurav Giri,2024-05-31 19:20:31,0.8355,3,gaurovgiri
2420,12087029,Murakami＿３６９,2024-05-11 13:11:20,0.83496,1,hidemurasa
2421,12133958,Vigneshwaran S,2024-05-22 17:31:07,0.83487,2,vigneshwaransundar
2422,12098446,Varsha Shubhashri M,2024-05-13 14:20:41,0.83485,2,varshashubhashrim
2423,12048708,Ville Viitaniemi,2024-05-03 10:41:24,0.83485,1,villeviitaniemi
2424,12123280,skaddy,2024-05-27 22:15:30,0.83484,1,skaddy
2425,12062122,Arthur Gassner,2024-05-04 15:58:31,0.83483,1,arthurgassner
2426,12161254,Xlopchok,2024-05-27 23:22:03,0.83474,2,kirillmolchanov
2427,12163592,Zhuang Jia Hua,2024-05-27 05:14:21,0.83465,1,zhuangjiahua
2428,12091514,abdelrhman elhelaly,2024-05-10 20:08:49,0.83444,4,abdelrhmanelhelaly
2429,12163966,Danny,2024-05-27 21:16:01,0.83396,1,dannyperez014
2430,12129291,Georg Mathes,2024-05-25 16:44:39,0.83353,5,georgmathes
2431,12071627,Parrdhi Gupta,2024-05-24 05:26:38,0.83348,1,parrdhigupta
2432,12122944,vivek kumar 5148,2024-05-17 07:39:35,0.83337,4,vivekkumar5148
2433,12192427,[Deleted] 662f8125-7436-49fc-a69e-41d2655a9ebb,2024-05-31 23:39:50,0.83326,1,del=60792fda78708916
2434,12062453,HARKIRAN KAUR CO21320,2024-05-05 14:30:30,0.83309,3,harkirankaur20
2435,12093181,Victoria Cooke,2024-05-11 06:15:07,0.83304,1,victoriacooke
2436,12175787,indranil,2024-05-29 00:07:58,0.83291,1,indranilbiswas7
2437,12067226,Steven Garrett,2024-05-06 00:22:38,0.83259,2,stevengarrett
2438,12108352,Mittal131,2024-05-15 06:17:39,0.83251,1,mittal131
2439,12096350,Amaju Jalla,2024-05-14 23:28:55,0.83246,2,amajujalla
2440,12062546,sanjay lalwani,2024-05-05 09:37:18,0.83216,1,sanjaylalwani
2441,12086348,Duong Nguy,2024-05-10 04:16:51,0.83189,2,dngngy
2442,12045501,Ng Yu Yue,2024-05-01 06:30:20,0.8317,1,ngyuyue
2443,12106357,Arujjwal Negi,2024-05-16 02:57:47,0.8317,2,arujjwalnegi
2444,12058515,Hkawanishi,2024-05-23 17:25:04,0.83165,9,hkawanishi
2445,12066080,HarkiranKaur2003,2024-05-05 16:02:55,0.83158,1,harkirankaur2003
2446,12070835,Giovanni Lovece,2024-05-06 22:18:13,0.83152,1,giovannilovece
2447,12114647,mirror Mike,2024-05-23 13:35:34,0.83126,19,mirrormike
2448,12064111,YangAoTian,2024-05-05 12:22:06,0.83105,2,yangaotian
2449,12071887,nullify,2024-05-12 23:21:40,0.83057,1,nullifi3d
2450,12110196,Ingebor_Engineering,2024-05-14 16:44:08,0.83007,1,ingeborengineering
2451,12142856,Javed Hussain Shaik,2024-05-22 07:16:17,0.82919,4,javedhussainshaik
2452,12176887,CadenzaCoda,2024-05-29 00:34:41,0.829,1,cadenzacoda
2453,12166669,N1ghtCube,2024-05-28 14:11:41,0.82848,8,n1ghtcube
2454,12093094,Hoang Nguyen,2024-05-23 02:39:17,0.82782,1,dalzielng
2455,12072709,Koadak,2024-05-06 23:32:03,0.82779,1,koadak
2456,12090017,LeeViy,2024-05-31 03:49:10,0.82773,5,leeviy
2457,12191699,Devesh Kaushal,2024-05-31 22:10:59,0.82727,1,deveshkaushal
2458,12110458,RishitaVerma02,2024-05-14 18:20:00,0.8271,2,rishitaverma02
2459,12045552,Kostas Ereksonas,2024-05-15 16:43:07,0.82654,5,kostasereksonas
2460,12047560,Edward Kim,2024-05-02 08:49:24,0.82629,2,onceandtwice
2461,12075973,Pedro Retzkowski,2024-05-09 10:23:26,0.82581,1,pedroretzkowski
2462,12062837,SashaPopovLegend,2024-05-05 13:28:01,0.82538,1,sashapopovlegend
2463,12057324,Hakki Farafis,2024-05-06 09:52:43,0.82474,1,hakkifarafis
2464,12174888,Marcela Martin,2024-05-31 15:24:36,0.82404,5,marcelamartin
2465,12140927,Garry Ariel Cussoy,2024-05-22 17:42:29,0.82337,2,garryarielcussoy
2466,12103029,Parshantkumar2033,2024-05-14 12:29:34,0.8232,3,parshantkumar2033
2467,12094657,medikonda usha,2024-05-11 09:58:15,0.82247,1,medikondausha
2468,12050808,graymey,2024-05-02 08:28:42,0.82195,1,dominikgrimaldi
2469,12069580,xjoshua55,2024-05-06 09:56:34,0.82159,1,xjoshua55
2470,12143116,Sakshat Kumar,2024-05-22 07:07:53,0.82146,1,kumarsakshat22
2471,12158632,Wilhelm Vermelin,2024-05-24 15:13:38,0.82131,2,wilhelmvermelin
2472,12144564,Dominic Matriccino,2024-05-22 21:34:57,0.82071,4,dominicmatriccino
2473,12105750,kelagnir,2024-05-31 22:44:13,0.82069,5,kelagnir
2474,12089366,PUN,2024-05-12 17:39:10,0.81924,5,pshikk
2475,12192087,[Deleted] da9306f5-8702-4c8e-9151-9e08d51e2540,2024-05-31 23:11:06,0.81867,5,del=764732b128d78c0c
2476,12104023,Soumya KC161,2024-05-29 15:50:27,0.8184,1,soumyakc161
2477,12081351,Sou16mik,2024-05-31 07:18:02,0.81837,1,sou16mik
2478,12072374,Deeraina,2024-05-09 13:51:33,0.81793,7,deeraina
2479,12050583,hyelimna,2024-05-05 10:25:57,0.81753,3,hyelimna
2480,12053063,Ishara Usoof,2024-05-08 16:16:05,0.81742,13,isharausoof97
2481,12165551,Anoop__Singh24,2024-05-31 13:22:38,0.81722,2,anoopsingh24
2482,12169706,basuoluomiu,2024-05-28 09:16:12,0.81707,1,basuoluomiu
2483,12073702,Kanta Yoshida,2024-05-08 00:49:50,0.81662,2,ianglkhjaoi
2484,12044491,mineweenie,2024-05-14 04:48:53,0.81607,2,mineweenie
2485,12146085,Jatin Yadav,2024-05-23 15:27:21,0.8146,2,jatinydv17
2486,12113964,Vjnoguera,2024-05-15 22:35:14,0.81361,3,vjnoguera
2487,12056348,Jamshed Hussain,2024-05-03 11:20:43,0.81219,1,hjismshow
2488,12083370,Sebastián O. F.,2024-05-09 03:59:27,0.81215,2,sordenesfuentes
2489,12045719,LWOLWO,2024-05-01 07:28:47,0.81209,2,lwolwo
2490,12047021,Umang Kaushik,2024-05-07 13:06:53,0.81209,3,umangkaushik
2491,12056926,Anmol Pal,2024-05-12 08:13:17,0.81209,2,anmol111pal
2492,12059570,nasyirah,2024-05-04 04:45:16,0.81209,1,nasyirah
2493,12065886,AasthaSinghh,2024-05-05 15:27:53,0.81209,1,aasthasinghh
2494,12086175,Imteaz Ahmed 32,2024-05-11 16:27:27,0.81209,1,dld1709032
2495,12093421,Kshitij Mishra,2024-05-14 10:56:55,0.81209,4,kshitijmishra20
2496,12100187,Yongyeon Kim,2024-05-12 20:08:42,0.81209,1,yongyeonkim
2497,12113643,Tushar Sabat,2024-05-15 10:26:20,0.81209,1,"arnab777,tusharsabat"
2498,12128258,GUNHEE SON,2024-05-18 04:31:15,0.81209,1,gunheeson
2499,12112357,Daniella Esmeralda,2024-05-22 09:56:19,0.81209,2,danidans
2500,12159387,PranavMoses,2024-05-24 21:41:32,0.81209,2,pranavmoses
2501,12191339,Vaibhav Singh,2024-05-31 19:10:26,0.81115,1,lonewalker29
2502,12071912,Kartheepan G,2024-05-14 10:14:40,0.8109,4,kartheepang1505
2503,12074569,Naimish Bhoi,2024-05-19 09:38:07,0.81072,3,naimishbhoi
2504,12188003,Stuart Hayes2,2024-05-31 06:08:52,0.81004,4,stuarthayes2
2505,12048744,David Liebel,2024-05-01 21:27:27,0.80998,1,drliebel
2506,12121016,Aditya Mukherjee23,2024-05-16 19:49:30,0.80992,2,adityamukherjee23
2507,12046261,HiSakiPeep,2024-05-25 14:52:11,0.80981,1,hisakipeep
2508,12113063,_AlokSharma_,2024-05-15 16:11:49,0.80981,1,aloksharmajsme28
2509,12054118,SimMurr,2024-05-31 20:38:23,0.80976,1,simmurr
2510,12052082,Daniel Fernández,2024-05-03 19:15:25,0.80972,2,daidan
2511,12101474,Ankit Singh Dangwal,2024-05-14 15:32:42,0.80947,1,ooooankit
2512,12091869,Huseyin SEZEN,2024-05-10 16:50:21,0.80946,1,huseyinsezen
2513,12044507,Achal Kumar,2024-05-28 08:27:33,0.80924,2,achalkumar
2514,12157016,HIMANSHU KUMAR SAW,2024-05-26 07:39:04,0.8092,2,himanshukumarsaw
2515,12156042,Mike Hennelly,2024-05-24 04:17:19,0.809,2,mikehennelly
2516,12069657,Engincan Göçer,2024-05-07 14:44:26,0.8088,1,engincanger
2517,12086567,Arya Jadhav,2024-05-10 19:18:52,0.8088,3,aryamore
2518,12099341,[Deleted] 01aada83-cb88-4d39-b931-c3ddaf5c7527,2024-05-12 15:34:07,0.8088,1,del=252e9c66b3bed16d
2519,12107633,Varsha Prathap,2024-05-14 12:10:19,0.8088,3,varshaprathap
2520,12114211,Mahsun,2024-05-16 09:43:07,0.8088,2,mhsn21
2521,12166945,vikram bhamre,2024-05-26 18:16:02,0.8088,1,vikrambhamre
2522,12099841,Andrewww8,2024-05-26 18:25:33,0.8088,3,andrewww8
2523,12156882,Ihsaan Hussain,2024-05-29 12:59:32,0.8088,2,ihsaanhussain
2524,12098629,Aradai,2024-05-13 16:43:12,0.80879,3,aradai
2525,12054486,Just4Fun,2024-05-02 21:59:23,0.80844,1,justforfun44
2526,12047118,Sijan,2024-05-01 21:15:15,0.80841,1,sijan231738
2527,12133192,Rizwana,2024-05-20 10:38:33,0.80826,3,rizwanash
2528,12137960,Harsh Balaprasad Baheti,2024-05-20 12:30:15,0.80826,3,bahetiharsh
2529,12171371,Vitor Sampaio,2024-05-27 18:48:27,0.80826,1,sampaiovitor
2530,12180614,Kuldeep Singh,2024-05-31 20:22:03,0.8078,5,kuldeepcsi
2531,12049033,Augustine Williams223,2024-05-11 17:30:57,0.8066,2,augustinewilliams223
2532,12186390,syngtech,2024-05-30 17:48:16,0.80658,1,syngtech
2533,12119597,Xingjian_Li,2024-05-23 06:52:55,0.80509,3,xingjianli425
2534,12114544,CoolRubberDuck,2024-05-15 17:19:12,0.80481,1,coolrubberduck
2535,12080518,LYLgogogo,2024-05-26 08:00:15,0.80235,7,lylgogogo
2536,12143057,Brayan Barrios,2024-05-22 15:35:12,0.80086,1,brayanbarrios
2537,12177011,C S Ramya Sree,2024-05-31 19:00:12,0.80004,2,csramyasree
2538,12047303,Chintakalya,2024-05-01 12:47:22,0.79964,1,ashishkumar111
2539,12070489,KimiiG,2024-05-06 13:52:18,0.79931,3,kimiig
2540,12151359,leechanmyeoung,2024-05-31 08:54:10,0.79707,1,leechanmyeoung
2541,12177909,Yaseen G,2024-05-29 11:00:07,0.79703,1,yaseeng
2542,12110574,Kaan Selvitopu,2024-05-31 14:02:14,0.7941,5,"borangoksel,kaanselvitopu"
2543,12120473,hashAH,2024-05-16 19:49:40,0.79377,1,hashah
2544,12046897,qingyangqy,2024-05-02 04:35:26,0.79176,1,qingyangqy
2545,12049129,SG20024,2024-05-30 03:35:05,0.79139,4,sg20024
2546,12047724,aaryadev,2024-05-15 10:32:55,0.79122,5,aaryadev
2547,12171458,yuanming luo,2024-05-28 03:08:09,0.79122,1,yuanmingluo
2548,12061779,dhanraj_1995,2024-05-05 12:17:22,0.78942,1,dhanraj1995
2549,12088097,Vardhan Reddy,2024-05-19 22:19:34,0.78703,1,biscuitcandy
2550,12134171,Gurj0t Singh,2024-05-27 07:08:52,0.78641,3,gurj0tsingh
2551,12114311,Alireza Falahat,2024-05-21 18:07:40,0.78623,3,alirezaze
2552,12051042,mamunr01,2024-05-18 18:05:24,0.78558,1,mamunr01
2553,12064493,ParkinsonEduardo,2024-05-05 14:05:13,0.78409,1,puzzle91
2554,12130445,Noah vg,2024-05-18 17:31:58,0.78262,3,noahvg
2555,12050815,Yatin_Aggarwal,2024-05-14 16:51:06,0.78067,12,yatinaggarwal033
2556,12044409,imperio7,2024-05-02 11:58:09,0.77426,1,imperio7
2557,12057715,mummyee,2024-05-03 14:05:04,0.77426,1,mummyee
2558,12072601,CoderSolver,2024-05-07 00:02:41,0.77003,3,aa3aa3
2559,12180350,nilisha kothari,2024-05-29 16:17:55,0.76791,1,nilishakothari
2560,12044374,Rafi Ahmed,2024-05-09 15:23:02,0.76738,1,rafist
2561,12070163,Joe Foran,2024-05-07 05:26:30,0.76719,1,joeforan
2562,12142838,主播码农重度依赖,2024-05-21 13:53:14,0.76719,1,yehongyi
2563,12074615,Santhosh G S,2024-05-31 18:27:14,0.76719,11,envyz101
2564,12046893,feifeifei111,2024-05-05 14:40:02,0.76713,3,feifeifei111
2565,12093874,koupen,2024-05-11 08:19:57,0.76637,1,koupen13
2566,12139195,Hikaru Umeda,2024-05-21 04:27:33,0.76637,1,hikarumeda1030
2567,12070754,komotarou,2024-05-08 12:43:23,0.76636,1,komotarou
2568,12104532,Anubhav regmi,2024-05-13 15:49:13,0.76636,1,anubhavregmi10
2569,12114238,Marta Serna ,2024-05-15 21:15:38,0.76636,1,martaserna
2570,12121659,TK0714495,2024-05-21 16:53:21,0.76636,1,tk0714495
2571,12156923,400297-จีระศักดิ์,2024-05-31 08:38:29,0.76636,4,jeerasakananta
2572,12063591,Yutafffff,2024-05-06 01:01:49,0.76628,1,yutafffff
2573,12055602,YM,2024-05-03 18:11:30,0.76392,1,miyawakiyoshifumi
2574,12109296,hardarm,2024-05-18 04:44:40,0.76203,1,hardarm
2575,12142061,lululu520,2024-05-26 11:20:43,0.76183,1,lululu520
2576,12163913,Umesh Ramanathan,2024-05-28 15:54:12,0.76012,1,umbro10
2577,12142951,zyh20030429,2024-05-26 09:14:24,0.75875,1,zyh20030429
2578,12106755,Alex,2024-05-14 06:55:00,0.75693,2,alukito
2579,12048797,nog5572,2024-05-01 22:36:16,0.74672,1,nognog725
2580,12177576,Shamal Lakshan,2024-05-30 02:13:24,0.74,1,shamallakshan
2581,12071793,Songhieng Van,2024-05-31 12:37:49,0.73979,1,songhiengvan
2582,12108833,Alexander Vasyuk,2024-05-20 18:10:45,0.73951,7,alexandervasyuk
2583,12051751,kingkcabir,2024-05-07 09:56:44,0.73768,1,kingkcabir
2584,12047380,Erik.M,2024-05-01 13:46:57,0.73763,1,harharharhar
2585,12068786,InDisQualified,2024-05-19 08:47:49,0.73487,1,indisqualified
2586,12076837,Chris Turnbull,2024-05-10 15:09:04,0.73414,2,christurnbull
2587,12183525,WilliamW,2024-05-30 09:46:11,0.73412,2,shiromochie
2588,12081295,Julian Bigelmaier,2024-05-12 19:45:54,0.73098,5,julianbigelmaier
2589,12146457,Ayush Sati,2024-05-24 10:08:09,0.72991,2,ayushsati
2590,12141657,Shreyansh83,2024-05-26 05:09:14,0.72883,2,shreyansh83
2591,12075720,lhbmatrix130,2024-05-07 16:34:21,0.72846,2,ruinermatrix
2592,12109160,AkshayRamakrishnan28,2024-05-14 14:27:02,0.72777,1,akshayramakrishnan28
2593,12181168,400932-ณัฐกิตติ์,2024-05-29 19:17:48,0.72108,1,azkata
2594,12166623,Yong-Shu Chen,2024-05-28 07:45:43,0.71748,5,yongshuchen
2595,12165816,DavidChoi95,2024-05-26 13:30:11,0.70881,1,davidchoi95
2596,12099387,Saw Ze Dong,2024-05-12 15:12:31,0.70501,1,sawzedong
2597,12154552,Yoga Ramachandran,2024-05-23 21:30:43,0.69886,1,"vickz53,yogaram"
2598,12151537,heon100,2024-05-23 10:22:41,0.69886,2,heon100
2599,12044459,Abish Pius,2024-05-02 02:56:50,0.69854,2,abishpius
2600,12108677,tazib ahmed,2024-05-15 13:49:50,0.69576,5,tazibahmed
2601,12108379,AravindProML,2024-05-20 12:14:16,0.68187,6,aravindproml
2602,12105019,Elias Westgaard,2024-05-28 08:54:53,0.67854,5,eliaswestgaard
2603,12076916,Kwiecien Toller,2024-05-08 11:07:34,0.66527,1,yearner
2604,12160872,某菜鸡化学生,2024-05-26 16:05:55,0.66233,1,liutaoran
2605,12051079,Peter Moorhouse,2024-05-20 06:50:26,0.66085,3,petermoorhouse
2606,12165783,penguienah,2024-05-26 17:13:53,0.65967,2,penguienah
2607,12102915,RanjithKrishna Acharya,2024-05-16 09:34:03,0.65951,2,ranjithkacharya
2608,12135189,Debmalya Jash,2024-05-28 14:21:39,0.65944,1,debmalyajashd
2609,12113961,JoseLuisOrtega,2024-05-15 11:33:30,0.65936,1,titoort
2610,12113940,Francesc Roselló,2024-05-15 20:42:38,0.65933,1,francescrosell
2611,12074236,Priyanshu Maity,2024-05-09 02:14:22,0.65926,6,priyanshumaity
2612,12060068,Danish Mubashar,2024-05-04 12:12:33,0.65922,1,danishmubashar
2613,12061907,Lakshminarayana,2024-05-13 06:25:50,0.65814,1,malyala11211
2614,12085701,Kishan Jesalpura,2024-05-09 15:27:34,0.65743,1,kishanjesalpura
2615,12064323,Hindu Muppala,2024-05-31 17:38:19,0.65717,2,hindumuppala
2616,12156727,masnoonahmed,2024-05-31 02:34:01,0.65621,2,msahmed
2617,12131885,Deepinder Thind,2024-05-24 20:19:35,0.65612,1,deepinderthind11
2618,12088033,Victor Higa,2024-05-10 14:53:00,0.65604,2,victorhiga
2619,12148832,jordanriver,2024-05-22 17:27:33,0.65565,1,erdenoktay
2620,12181304,Nilanjan DS,2024-05-30 11:03:28,0.65565,1,nilanjands
2621,12167264,Nilanjan Dey,2024-05-30 11:04:33,0.65565,1,nilanjandey
2622,12045236,Hakseon Kim,2024-05-01 06:47:10,0.65525,1,kimhakseon
2623,12118035,Syed Mohaiminul Hoque,2024-05-16 18:35:57,0.65489,1,syedmohaiminulhoque
2624,12136585,Novice,2024-05-20 11:15:05,0.65323,1,danishansari
2625,12176444,Savit Pawar,2024-05-28 20:36:46,0.65308,3,savitpawar
2626,12053050,Wilson Coder,2024-05-02 16:42:26,0.64913,2,wilsoncoder
2627,12161664,Mohammadisrar,2024-05-25 15:07:58,0.64561,1,mdisrar
2628,12122085,Shrivarsha P,2024-05-31 17:57:13,0.64551,1,"itstharanesh,sashtiga,shrivarshap"
2629,12134365,Igal Bronshtein,2024-05-31 20:46:39,0.64489,3,igalbronshtein
2630,12132984,Affan Sayeed,2024-05-19 12:08:53,0.64416,1,affansayeed
2631,12162210,Nandika Agrawal,2024-05-25 14:55:55,0.63897,1,nandikaagrawal
2632,12172598,Sahinhkn,2024-05-28 15:02:03,0.63766,2,sahinhkn
2633,12063849,cosubhasmos,2024-05-07 17:18:22,0.63703,1,cosubhasmos
2634,12167573,LSJO09,2024-05-27 05:30:50,0.63327,1,lsjo09
2635,12103811,Sébastien Cosson,2024-05-27 09:46:32,0.63139,3,sbastiencosson
2636,12156229,Đặng Đào Xuân Trúc,2024-05-24 02:33:00,0.62473,1,ngoxuntrc
2637,12044565,Kristofer Hiis-Hommuk,2024-05-31 17:25:44,0.6198,3,kristoferhiishommuk
2638,12190052,gortorozyannnn,2024-05-31 23:49:35,0.6182,1,gorororororo23
2639,12106586,Kunjal Jethwani,2024-05-21 22:47:22,0.61492,1,kunjaljethwani
2640,12048232,Domain Masters,2024-05-31 17:03:10,0.61457,1,"hasanmehdavi,mzainvazir"
2641,12189390,Geetansh_1301,2024-05-31 14:04:41,0.60539,1,geetansh1301
2642,12121296,Sara Hall,2024-05-17 15:35:23,0.60259,1,sahall98
2643,12054294,Team Lanthanide,2024-05-06 22:21:28,0.59294,3,"abdullahannafi,turagsarkar"
2644,12174268,Chien MG,2024-05-28 17:01:56,0.57292,5,chienmg
2645,12074135,SciencerZ,2024-05-07 07:56:14,0.57266,1,sciencerz
2646,12147660,Arkadiy Nagel,2024-05-22 15:01:08,0.56805,5,arkadiynagel
2647,12161740,Nelluri Pavithra ,2024-05-27 11:16:10,0.55996,2,nelluripavithra
2648,12133938,Adib Quader,2024-05-20 10:26:14,0.5583,3,adibquader
2649,12079369,Sai Krupa 29,2024-05-10 06:38:37,0.55614,2,saikrupa29
2650,12051879,monkey D liffy,2024-05-02 11:00:52,0.55587,1,monkeydliffy
2651,12051868,Bhaaskar,2024-05-02 11:13:35,0.55587,1,bhaaskar
2652,12053250,02_Snehal Awadan,2024-05-02 15:57:59,0.55587,1,snehalawadan
2653,12056967,Prakash Mudholkar,2024-05-03 18:28:32,0.55587,4,prakashvm
2654,12060927,Abdullatif Kaban,2024-05-10 12:12:05,0.55587,4,abdullatifkaban
2655,12062708,PRAVINN TRIPATHI,2024-05-05 14:45:46,0.55587,2,pravinntripathi
2656,12109441,Yadnesh Govalkar,2024-05-14 16:43:56,0.55587,1,yadneshgovalkar
2657,12081034,Dakshbir Singh,2024-05-16 06:25:31,0.55587,1,dakshbirsingh
2658,12112481,Anjali Rai,2024-05-22 07:15:38,0.55587,4,theanjalirai
2659,12054995,Sybil Dias,2024-05-19 01:07:41,0.55587,1,sybildias
2660,12130316,ShaileshLP,2024-05-19 05:09:51,0.55587,1,shaileshlp
2661,12143145,INDHRA KIRANU,2024-05-21 13:36:20,0.55587,3,naiku007
2662,12164919,Aditi Likhar,2024-05-26 08:05:39,0.55587,5,aditilikhar
2663,12163975,Ayush kumar Rai,2024-05-27 16:39:18,0.55587,1,ayushrai781
2664,12171526,Navin Patle,2024-05-29 16:07:32,0.55587,4,nacromancer
2665,12183633,Dhanyatha Shree C A,2024-05-30 09:47:37,0.55587,3,dhanyathaa
2666,12104452,mik.ro89,2024-05-19 20:14:17,0.55587,1,mikro89
2667,12114578,ken8aisa,2024-05-16 04:24:23,0.55336,1,ken8aisa
2668,12117987,Prakhar Chhalotre,2024-05-28 09:38:59,0.55138,1,pchhalotre321chh
2669,12133256,fangwh666,2024-05-19 12:26:48,0.54822,1,fangwh666
2670,12121464,JoshGold29,2024-05-21 00:08:33,0.54183,3,joshgold29
2671,12080132,Danila Kuryakin,2024-05-08 11:47:29,0.51579,1,kuryakin
2672,12097534,Suraj Ghosh,2024-05-13 07:37:31,0.51156,1,sundayofficials
2673,12047618,Eddy Liu,2024-05-16 18:20:38,0.51098,1,eddyliu6969
2674,12178483,Viraj Hemantha,2024-05-29 09:16:56,0.50595,2,virajhemantha
2675,12167149,Sumanth,2024-05-28 08:36:50,0.48523,1,"neildsouza2897,sumanth048"
2676,12097182,Harish B,2024-05-13 06:09:17,0.48032,2,bharish
2677,12048629,Nithish@007,2024-05-17 13:15:18,0.47812,1,nithish002701
2678,12065465,Mihiran Pasindu,2024-05-05 14:04:45,0.45581,1,mihiranpasindu
2679,12108561,Shubham Bhandarkar,2024-05-29 11:35:25,0.40498,5,shubhambhandarkar
2680,12172249,Mubashir Rahim,2024-05-28 12:12:24,0.37053,1,mubashirrahim
2681,12116678,David Cabrera,2024-05-18 02:58:45,0.34963,1,davidcabrera99
2682,12050514,Markus Hohlagschwandtner,2024-05-02 06:36:06,0.33317,1,hohlagschwandtner
2683,12175188,[Deleted] 31ac94c5-a8c6-4d6e-a977-af4c8f018251,2024-05-28 13:53:52,0.30142,2,del=0615280a31e49e60
2684,12163892,Nisarg Kudgunti,2024-05-25 21:15:37,0.28266,1,nisargkudgunti
0,12044007,rf_benchmark.csv,2024-04-02 15:56:02,0.26507,1,
2685,12046814,Akshay Bhutada,2024-05-01 11:54:36,0.19975,1,id193100064
2686,12049115,James Rowe,2024-05-03 05:19:56,0.19118,7,jamesrowe50
2687,12093909,Ratan Kumar S,2024-05-14 10:26:04,0.1861,3,ratankumars
2688,12105119,Md. Ashikur Rahman,2024-05-25 03:43:49,0.18529,2,marshakib
2689,12107741,SAHANA R,2024-05-14 13:33:43,0.18529,1,sahana010
2690,12109286,Vimal Raj D,2024-05-14 14:20:21,0.18529,1,vimal2005
2691,12092224,SOAKORA ,2024-05-10 19:41:52,0.17793,2,soakora
2692,12089506,nao hasi,2024-05-24 01:22:09,0.15838,7,naohasi
2693,12048342,nbljain,2024-05-01 19:42:28,0.12094,1,nbljain
2694,12058410,Pawan Thapaliya,2024-05-05 22:58:26,0.11476,5,pawanthapaliya
2695,12184859,hais213,2024-05-30 23:41:06,0.09746,3,hais213
2696,12146435,Jatan P Bhatt,2024-05-22 07:48:19,0.09349,1,jatanpbhatt
2697,12124042,Sahil Mohal,2024-05-17 12:20:09,0.06414,1,sahilmohal
2698,12183133,sjk0202,2024-05-30 05:41:39,0.06377,1,sjk0202
2699,12047526,Avipsa Swain,2024-05-07 17:39:58,0.0549,2,avipsaswain
2700,12164083,UNBEGRENZT,2024-05-26 00:09:34,0.04758,1,aizensoosky
2701,12165302,EmirKaanozdemr,2024-05-26 10:54:01,0.02129,1,emirkaanozdemr
2702,12103138,Swayam Patil,2024-05-13 12:50:17,0.00221,1,swish9
2703,12047836,LeslieM,2024-05-26 20:41:30,0.00163,1,liviam
2704,12100615,HsergeyFrolov,2024-05-13 01:08:54,0.00125,1,hsergeyfrolov
2705,12066732,Sabrim Mahmud,2024-05-05 19:19:19,-0.0,1,sabrimmahmud
2706,12143373,Sadia_Sid,2024-05-21 13:55:59,-0.0,1,sadiasid
2707,12167580,liangjinquan,2024-05-27 02:32:33,-0.0,4,liangjinquan
2708,12166753,Sonal Welihinda,2024-05-28 16:34:34,-0.00044,4,sonalwelihinda
2709,12046069,Subhadip De,2024-05-02 07:55:07,-0.00065,4,subhadipde2000
2710,12071634,[Deleted] dce17e8d-b781-4bd9-b6b1-a1540c6f5d27,2024-05-06 18:35:41,-0.00779,2,del=5b84f7edbaf718cb
2711,12105692,MasaMin,2024-05-29 06:31:48,-0.00779,4,masamined
2712,12054547,Michael Mellinger,2024-05-17 01:52:52,-0.00779,1,mmellinger66
2713,12140523,parkjihoon,2024-05-21 01:36:48,-0.00779,1,parkjihoon
2714,12150236,kimhyunwoo12364,2024-05-23 04:28:01,-0.00779,1,kimhyunwoo12364
2715,12150574,Mansi Anand1,2024-05-23 04:50:57,-0.00779,1,mansianand1
2716,12152629,ForbiddenSoul,2024-05-23 13:25:06,-0.00779,1,forbiddensoul
2717,12151709,pallavi,2024-05-23 14:24:46,-0.00779,1,pallavisaik
2718,12072687,disk_sys,2024-05-24 07:49:14,-0.00779,1,disksys
2719,12159184,Ginger,2024-05-24 14:24:38,-0.00779,1,gingernino
2720,12166534,CasperTimmermans,2024-05-26 16:33:49,-0.00779,3,ziancara
2721,12174929,CliviaW,2024-05-28 12:35:14,-0.00779,1,cliviaw
2722,12111769,YYeung_94,2024-05-29 06:52:25,-0.00779,2,yyeung94
2723,12117108,lorrony,2024-05-29 08:03:25,-0.00779,1,lorrony
2724,12172352,nishikori,2024-05-29 15:58:00,-0.00779,1,nishikori
2725,12186009,HOPEXU,2024-05-30 15:42:10,-0.00779,1,hopexu
2726,12182043,Muhammed T. Aboseif,2024-05-31 08:03:53,-0.00779,1,muhammedtaboseif
2727,12125656,byeonghyeon kim,2024-05-31 15:31:46,-0.00779,5,kbhakabw
2728,12116261,Narendra Singodia,2024-05-18 18:18:14,-0.01102,1,narendra1998
2729,12148003,BINLAN WU,2024-05-25 20:11:40,-0.02182,1,binlanwu
2730,12157347,yifanic,2024-05-24 09:31:36,-0.03344,3,yifanic
2731,12091406,Adwait S,2024-05-10 17:25:24,-0.04908,1,klefe21bcs222
2732,12160189,Riwa Massaad,2024-05-26 12:49:43,-0.08253,2,riwamassaad
2733,12084141,Todo Lodo,2024-05-09 22:08:59,-0.22279,2,todolodo
2734,12072125,Anmol Arora,2024-05-10 13:44:18,-0.32357,2,anmolarora15
2735,12056754,Mohcen Chouireb,2024-05-03 14:54:45,-0.42549,2,mohcenchouireb
2736,12099693,Md. Shaiful Islam,2024-05-14 12:10:33,-0.51793,1,xyznihal
2737,12079457,yamauchi_M,2024-05-19 14:19:00,-0.52577,4,yamauchim
2738,12156149,知念隆平,2024-05-24 05:21:02,-0.54656,2,chinenryu
2739,12120102,Michele Comotti,2024-05-28 16:05:00,-0.56764,2,michelecomotti
2740,12189735,sisofun,2024-05-31 20:12:19,-0.56783,1,sisofun
2741,12103240,metehan kantemir,2024-05-31 13:14:33,-0.56783,1,metehankantemir
2742,12187799,Akanksha Kumari,2024-05-31 17:14:56,-0.56783,1,akanksha995579
2743,12113019,Priyansh-2004,2024-05-19 17:10:26,-0.56864,3,priyansh2004
2744,12046624,Agung Sidharta So,2024-05-02 00:53:07,-0.74114,1,gungz87
2745,12173328,Psylas,2024-05-28 16:09:08,-0.84656,1,psylas
2746,12051349,renju reji,2024-05-03 09:22:27,-1.00754,2,renjureji
2747,12117833,[Deleted] 6e1e2d69-ae62-4495-a1db-462cb4a1eefd,2024-05-16 06:38:01,-1.66714,1,del=36c3b400896b2947
2748,12134697,Benjamin Lawani,2024-05-25 01:39:58,-1.74896,1,benjaminlawani
2749,12088040,HenryEDaniel,2024-05-10 00:29:54,-1.86966,2,henryedaniel
2750,12049004,Yash Ghogre,2024-05-19 18:12:40,-2.64664,1,yashghogre
2751,12117730,Ahmer Iqbal,2024-05-18 08:38:33,-2.75732,1,ahmeriq09
2752,12157210,Anustup Biswas,2024-05-30 18:19:23,-4.98237,1,anustupbiswas
2753,12144830,Shubham K,2024-05-28 22:48:57,-5.01354,2,sshubham913
2754,12070555,Pranjal Bharadwaj,2024-05-06 13:50:14,-5.2211,1,pranjalbharadwaj
2755,12158965,ifeekes,2024-05-27 17:12:25,-6.20188,2,ifeekes
2756,12046817,Rewanth_teja,2024-05-01 11:36:12,-10.53062,2,rewanthteja
2757,12075338,Iionate,2024-05-07 23:42:55,-13.38198,1,iionate
2758,12147627,Satya Patro,2024-05-27 07:42:06,-14.11781,2,satyapatro
2759,12162415,kariyazono,2024-05-25 17:49:29,-19.51514,1,ykariyazono
2760,12136215,Ritvik Ranjan Tiwari,2024-05-20 12:02:00,-25.18917,1,ritvikrtiwari
2761,12106325,surajmishra,2024-05-14 04:50:11,-25.54918,1,surajiiitm
2762,12062018,Divyanshu Dubey ,2024-05-07 03:28:35,-30.97579,2,divyanshudubey4747
2763,12048335,Md Raqeeb Haider,2024-05-02 06:39:22,-31.31989,2,haideraqeeb
2764,12044500,Pankaj Gupta,2024-05-28 12:37:53,-37.89674,1,pankajiitr
2765,12092177,Prixis,2024-05-13 03:35:16,-38.5805,1,pramitroy
2766,12047668,Kunj Kansara,2024-05-27 19:59:42,-51.56273,1,kunjkansara
2767,12098481,Arnav Shukla4,2024-05-31 15:31:27,-53.64205,5,arnavshukla4
2768,12080763,Vinay Kumar Kosgi,2024-05-20 09:14:44,-67.9272,1,vinaykumar52
2769,12132981,Josef Strnad,2024-05-20 09:08:47,-70.58825,1,josefstrnad
2770,12058588,Mutahar,2024-05-07 10:55:35,-75.67976,2,mmalam
2771,12183564,Wycliffe Ogero Bosire,2024-05-31 08:51:48,-80.46671,5,wycliffeogerobosire
2772,12116510,daybeyes,2024-05-19 06:05:53,-82.53605,1,daybeyes
2773,12094824,firebq,2024-05-11 14:12:23,-94.07806,1,firebq
2774,12056603,Vinay kashyap52,2024-05-04 09:57:56,-95.7132,1,vinaykashyap52
2775,12099109,Fallenorder,2024-05-12 14:35:35,-96.62441,1,supercoolpotato
2776,12046911,Partow Moradi,2024-05-02 06:40:43,-98.29423,1,itspartowmoradi
2777,12046427,OU KEISHO,2024-05-15 10:54:55,-98.29424,1,oukeisho
2778,12066168,[Deleted] 5b001159-9c42-4ddb-ba9b-4c885c5136b8,2024-05-24 11:05:22,-98.64589,1,del=1d6060a4534c5c1a
2779,12059958,Rajendar Katravath,2024-05-24 10:41:19,-119.5474,4,rajendarkatravath
2780,12127620,Ajibola Oki,2024-05-26 15:42:55,-128.88869,1,ajibolaoki
2781,12053102,Sara,2024-05-31 09:55:09,-383.23332,1,coralblackdatabox
2782,12058538,Isakazu,2024-05-07 20:27:35,-513.50241,1,isakazu
2783,12162245,Jkay,2024-05-25 16:16:49,-517.42669,1,junggukkieletsgetit
2784,12044938,Pratyush801,2024-05-04 08:19:50,-517.52874,1,pratyush801
2785,12047592,Farah Dhia,2024-05-26 14:35:06,-155032.49338,1,farahdhia
2786,12138013,Zaid Ullah,2024-05-30 12:07:50,-603057.50261,2,syntheticprogrammer
2787,12054892,Ai Eliters,2024-05-19 13:13:39,-603928.37387,2,"muhammadhamzamaher,muhammadusmanz"
2788,12069768,nothing matter,2024-05-07 09:41:52,-962261.26794,2,nothingmatter
